# Blender v3.0.1 OBJ File: 'PublicBuilding_4C.blend'
# www.blender.org
mtllib PublicBuilding_4C.mtl
o PublicBuilding_4_Building19_Cube.148
v 1.299067 0.000000 -2.360143
v 1.299067 0.055202 -2.360143
v 1.299067 0.055202 2.340805
v 1.299067 -0.000000 2.340805
v -1.495792 0.000000 -2.495093
v -1.495792 0.055202 -2.495093
v 1.164117 0.055202 -2.495093
v 1.164117 0.000000 -2.495093
v -1.630741 0.055202 -2.360143
v -1.630741 0.055202 2.340805
v -1.495791 0.055202 2.475755
v 1.164118 0.055202 2.475755
v 1.164118 -0.000000 2.475755
v -1.495791 -0.000000 2.475755
v -1.630741 -0.000000 2.340805
v -1.630741 0.000000 -2.360143
v -0.958853 1.574194 2.350762
v -0.958853 1.709131 2.350762
v -1.403765 1.709131 2.350762
v -1.403765 1.574194 2.350762
v 0.515771 2.282498 -2.326782
v 0.515771 2.282498 -0.579592
v 0.831297 2.282498 -0.691215
v 0.831297 2.282498 -2.215850
v 0.768934 2.124080 -0.881325
v 0.768934 1.812560 -0.881325
v 0.768934 1.812560 -2.017572
v 0.768934 2.124080 -2.017572
v -1.403765 0.475318 2.350762
v -1.403765 0.564784 2.350762
v -1.403765 1.345891 2.350762
v -1.403765 1.345891 0.557808
v -1.403765 0.475318 0.557808
v 0.515772 0.047436 2.350762
v 0.515771 0.047436 0.557808
v 0.831297 0.047436 0.675528
v 0.831297 0.047436 2.233042
v 0.515771 1.574194 -2.326782
v 0.515771 1.709131 -2.326782
v 0.831297 1.709131 -2.215850
v 0.831297 1.574194 -2.215850
v 0.515771 2.282498 0.557808
v 0.515772 2.282497 2.350762
v 0.831297 2.282497 2.233042
v 0.831297 2.282498 0.689174
v -1.403765 1.574194 -0.579592
v -1.403765 1.709131 -0.579592
v -1.403765 1.709131 -2.326782
v -1.403765 1.574194 -2.326782
v 0.831297 1.574194 0.675528
v 0.831297 1.709131 0.675528
v 0.831297 1.709131 2.233042
v 0.831297 1.574194 2.233042
v 0.515771 0.047436 -0.579592
v 0.643130 0.047436 -0.747349
v 0.668268 0.047436 -0.627554
v 0.515771 1.574194 0.557808
v 0.515771 1.345891 0.557808
v 0.515771 1.345891 0.335346
v 0.515771 1.574194 0.349040
v 0.515771 1.574194 -0.370824
v 0.515771 1.345891 -0.357130
v 0.515771 1.345891 -0.579592
v 0.515771 1.574194 -0.579592
v 0.515771 0.475318 0.557808
v 0.831297 1.449815 0.675528
v 0.831297 0.475318 0.675528
v 0.255847 2.282498 0.557808
v 0.515771 2.282498 0.349040
v 0.255847 2.282498 0.349040
v -1.403765 1.709131 0.557808
v -1.403765 1.574194 0.557808
v -1.403765 0.475318 -0.579592
v -1.403765 0.047436 -0.579592
v -1.403765 0.047436 -0.370824
v -1.403765 0.475318 -0.370824
v 0.831297 0.579363 0.848217
v 0.831297 1.341981 0.848217
v 0.751049 1.341981 0.848217
v 0.751049 0.579363 0.848217
v -1.403765 1.345891 -0.579592
v -1.403765 1.345891 -2.326782
v -1.403765 0.564784 -2.326782
v -1.403765 0.475318 -2.326782
v 0.515771 0.475318 -2.326782
v 0.515771 0.564784 -2.326782
v 0.515771 1.345891 -2.326782
v 0.831297 1.345891 -2.215850
v 0.831297 0.475318 -2.215850
v -0.958853 0.475318 2.350762
v -0.958853 0.564784 2.350762
v 0.831297 0.476858 -2.144972
v 0.831297 0.047436 -2.144972
v 0.831297 0.047436 -2.215850
v 0.831297 0.476858 -0.747349
v 0.831297 1.275012 -0.747349
v 0.831297 1.345891 -0.676471
v 0.831297 0.475318 -0.676471
v 0.831297 1.275012 -2.144972
v 0.643130 1.275012 -2.144972
v 0.643130 0.476858 -2.144972
v 0.643130 1.275012 -0.747349
v 0.831297 0.047436 -0.747349
v 0.643130 0.476858 -0.747349
v 0.831297 0.475318 2.233042
v 0.831297 0.590381 2.233042
v 0.515772 0.564784 2.350762
v 0.515772 0.475318 2.350762
v 0.255847 0.475318 -2.326782
v 0.255847 0.564784 -2.326782
v 0.515771 0.330892 0.557808
v 0.515771 0.328221 0.335346
v 0.515771 0.475318 0.335346
v 0.255847 0.047436 -0.579592
v 0.515771 0.047436 -0.370824
v 0.255847 0.047436 -0.370824
v 0.255847 0.047436 -2.326782
v 0.515771 0.047436 -2.326782
v 0.255847 2.282497 2.350762
v 0.255847 0.047436 2.350762
v 0.255847 0.047436 0.557808
v 0.255847 1.574194 -2.326782
v 0.255847 1.709131 -2.326782
v 0.255847 2.282498 -2.326782
v 0.255847 2.282498 -0.579592
v 0.515772 1.709131 2.350762
v 0.515772 1.574194 2.350762
v 0.831297 1.574194 -0.676471
v 0.515771 0.475318 -0.579592
v 0.515771 0.330892 -0.579592
v 0.831297 0.047436 -0.676471
v 0.255847 2.282498 -0.370824
v 0.515771 2.282498 -0.370824
v 0.255847 0.047436 0.349040
v 0.515771 0.047436 0.349040
v -1.403765 0.475318 0.349040
v -1.403765 0.047436 0.349040
v -1.403765 0.047436 0.557808
v -1.403765 1.345891 -0.370824
v -1.403765 1.574194 -0.370824
v 0.515771 0.475318 -0.357130
v 0.515771 0.328221 -0.357130
v -0.958853 2.282498 -0.370824
v -1.403765 2.282498 -0.370824
v -1.403765 2.282498 0.349040
v -0.958853 2.282498 0.349040
v -0.958853 0.047436 0.349040
v -0.958853 0.047436 -0.370824
v -1.403765 1.574194 0.349040
v -1.403765 1.709131 0.349040
v -1.403765 1.709131 -0.370824
v -1.403765 1.345891 0.349040
v 0.435981 1.345891 -0.357130
v 0.435981 0.475318 -0.357130
v 0.515771 2.377322 0.624473
v 0.515771 3.149528 0.035160
v 0.831297 3.149528 0.044228
v 0.831297 2.377322 0.633542
v 0.643130 0.047436 -2.144972
v -0.958853 0.047436 2.350762
v -1.403765 0.047436 2.350762
v 0.668268 0.047436 -2.274473
v -1.403765 0.047436 -2.326782
v 0.435981 0.475318 0.335346
v 0.435981 1.345891 0.335346
v 0.515771 3.149528 -0.039952
v 0.831297 3.149528 -0.030884
v 0.515771 2.377322 -0.661002
v 0.831297 2.377322 -0.637189
v -1.403765 2.282498 0.557808
v -1.403765 2.282498 -0.579592
v 0.831297 1.449815 2.233042
v 0.515772 1.345891 2.350762
v 0.255847 1.345891 -2.326782
v 0.831297 1.574194 0.358759
v -0.958853 1.345891 2.350762
v 0.831297 1.709131 -0.348358
v 0.831297 1.709131 0.346013
v 1.112170 1.709131 0.358759
v 1.112170 1.709131 -0.361104
v 0.831297 2.631509 -0.348358
v 0.831297 2.631509 0.346013
v 0.831297 2.124080 0.684590
v 0.831297 1.812560 0.679356
v 0.831297 1.574194 -0.361104
v 0.831297 1.709131 -0.676471
v 1.112170 1.709131 -0.522396
v 1.112170 1.574194 -0.522396
v 0.671670 2.631509 -0.348358
v 0.671670 1.709131 -0.348358
v 1.112170 1.574194 -0.361104
v 1.112170 1.574194 0.358759
v 0.671670 1.709131 0.346013
v 0.671670 2.631509 0.346013
v 1.112170 1.709131 0.521453
v 1.112170 1.574194 0.521453
v 0.831297 1.341981 2.060353
v 0.831297 0.579363 2.060353
v 0.751049 1.341981 2.060353
v 0.751049 0.579363 2.060353
v 0.255847 0.564784 2.350762
v 0.255847 1.345891 2.350762
v 0.255847 1.574194 2.350762
v -0.958853 1.574194 -2.326782
v -0.958853 1.345891 -2.326782
v 0.255847 0.475318 2.350762
v -0.958853 0.475318 -2.326782
v -0.958853 0.047436 -2.326782
v -0.958853 0.047436 0.557808
v -0.958853 2.282498 -0.579592
v -1.403765 2.282498 -2.326782
v -0.958853 2.282498 -2.326782
v -0.958853 1.709131 -2.326782
v -1.403765 2.282497 2.350762
v -0.958853 2.282497 2.350762
v -0.958853 2.282498 0.557808
v -0.958853 0.047436 -0.579592
v -0.958853 0.564784 -2.326782
v 0.255847 1.709131 2.350762
v -0.958853 0.564784 2.269460
v -0.958853 1.345891 2.269460
v 0.255847 0.564784 2.269460
v 0.255847 1.345891 2.269460
v 0.255847 0.564784 -2.243906
v -0.958853 0.564784 -2.243906
v -0.958853 1.345891 -2.243906
v 0.255847 1.345891 -2.243906
v 0.831297 1.812560 -0.679053
v 0.831297 2.124080 -0.687043
v 0.831297 2.124080 -0.881325
v 0.831297 2.124080 -2.017572
v 0.831297 2.124080 -2.215850
v 0.831297 1.812560 -2.017572
v 0.831297 1.812560 -2.215850
v 0.831297 1.812560 -0.881325
v 0.435981 0.328221 0.335346
v 0.435981 0.328221 -0.357130
v 0.831297 1.812560 2.233042
v 0.831297 2.124079 2.233042
v 0.831297 2.124080 0.864324
v 0.831297 1.812560 0.861707
v 0.831297 2.124080 2.000273
v 0.831297 1.812560 1.997656
v 0.782657 1.812560 0.861707
v 0.782657 1.812560 1.997656
v 0.782657 2.124080 2.000273
v 0.782657 2.124080 0.864324
v 0.640681 0.331029 -0.444203
v 0.640681 0.331029 0.429424
v 0.640681 0.232452 0.429424
v 0.640681 0.232452 -0.444203
v 0.429541 0.331029 -0.444203
v 0.429541 0.331029 0.429424
v 0.764349 0.133874 -0.444203
v 0.764349 0.133874 0.429424
v 0.888017 0.133874 0.429424
v 0.888017 0.133874 -0.444203
v 0.764349 0.232452 -0.444203
v 0.764349 0.232452 0.429424
v 0.888017 0.041557 0.429424
v 0.888017 0.041557 -0.444203
v 0.429541 0.041557 -0.444203
v 0.429541 0.041557 0.429424
v 0.701398 0.047436 -1.567854
v 0.701398 0.047436 -1.755916
v 0.139222 0.047436 -1.755916
v 0.139222 0.047436 -1.567854
v 0.701398 0.047436 -2.146495
v 0.139222 0.047436 -2.146495
v 0.115227 0.570619 -1.755916
v 0.115227 0.570619 -2.146496
v 0.139222 1.357680 -2.146495
v 0.139222 1.357680 -1.755916
v 0.701398 0.047436 -0.746309
v 0.139222 0.047436 -0.746309
v 0.115227 0.570619 -1.567854
v 0.139222 1.357680 -1.567853
v 0.139222 1.357680 -0.746309
v 0.115227 0.570619 -0.746309
v 0.222212 0.047436 -1.755916
v 0.222212 0.047436 -1.567854
v 0.222212 0.047436 -2.146495
v 0.222212 0.047436 -0.746309
v 0.115227 0.047436 -1.567854
v 0.115227 0.047436 -0.746309
v 0.115227 0.047436 -2.146495
v 0.115227 0.047436 -1.755916
v 0.705524 0.047436 -0.745785
v -0.255727 0.047436 -0.745785
v -0.255727 0.047436 -2.142937
v 0.705524 0.047436 -2.142937
v -0.255727 0.096123 -0.745785
v -0.255727 0.096123 -2.142937
v -0.255727 0.047436 -0.549414
v -0.255727 0.096123 -0.549414
v 0.705524 0.096123 -0.745785
v 0.705524 0.096123 -2.142937
v 0.822968 0.047436 -0.745785
v 0.822967 0.047436 -2.142937
v 0.647736 0.129477 -0.767519
v 0.647736 0.129477 -2.124390
v 0.638517 0.129477 -2.124390
v 0.638517 0.129477 -0.767519
v 0.647736 0.098303 -2.153519
v 0.647736 0.098303 -0.738390
v 0.626126 0.098303 -0.738390
v 0.626126 0.098303 -2.153519
v 0.647736 1.370654 -0.768019
v 0.647736 1.370654 -0.739112
v 0.647736 1.370654 -2.123890
v 0.647736 1.370654 -2.152797
v 0.638517 1.370654 -0.768019
v 0.638517 1.370654 -2.123890
v 0.646080 0.138258 -2.124390
v 0.646080 0.138258 -0.767519
v 0.646080 0.163076 -2.124223
v 0.646080 0.163076 -0.767686
v 0.638517 0.172258 -2.124223
v 0.638517 0.172258 -0.767686
v 0.638517 0.172258 -0.767519
v 0.638517 0.172258 -2.124390
v 0.646080 0.181441 -2.124390
v 0.646080 0.181441 -0.767519
v 0.646080 0.206258 -2.124223
v 0.646080 0.206258 -0.767686
v 0.638517 0.215441 -2.124223
v 0.638517 0.215441 -0.767686
v 0.638517 0.215441 -0.767519
v 0.638517 0.215441 -2.124390
v 0.646080 0.224623 -2.124390
v 0.646080 0.224623 -0.767519
v 0.646080 0.249441 -2.124223
v 0.646080 0.249441 -0.767686
v 0.638517 0.258623 -2.124223
v 0.638517 0.258623 -0.767686
v 0.638517 0.258623 -0.767519
v 0.638517 0.258623 -2.124390
v 0.646080 0.267805 -2.124390
v 0.646080 0.267805 -0.767519
v 0.646080 0.292623 -2.124223
v 0.646080 0.292623 -0.767686
v 0.638517 0.301805 -2.124223
v 0.638517 0.301805 -0.767686
v 0.638517 0.301805 -0.767519
v 0.638517 0.301805 -2.124390
v 0.646080 0.310988 -2.124390
v 0.646080 0.310988 -0.767519
v 0.646080 0.335805 -2.124223
v 0.646080 0.335805 -0.767686
v 0.638517 0.344988 -2.124223
v 0.638517 0.344988 -0.767686
v 0.638517 0.344988 -0.767519
v 0.638517 0.344988 -2.124390
v 0.646080 0.354170 -2.124390
v 0.646080 0.354170 -0.767519
v 0.646080 0.378988 -2.124223
v 0.646080 0.378988 -0.767686
v 0.638517 0.388170 -2.124223
v 0.638517 0.388170 -0.767686
v 0.638517 0.388170 -0.767519
v 0.638517 0.388170 -2.124390
v 0.646080 0.397352 -2.124390
v 0.646080 0.397352 -0.767519
v 0.646080 0.422170 -2.124223
v 0.646080 0.422170 -0.767686
v 0.638517 0.431352 -2.124223
v 0.638517 0.431352 -0.767686
v 0.638517 0.431352 -0.767519
v 0.638517 0.431352 -2.124390
v 0.646080 0.440535 -2.124390
v 0.646080 0.440535 -0.767519
v 0.646080 0.465352 -2.124223
v 0.646080 0.465352 -0.767686
v 0.638517 0.474535 -2.124223
v 0.638517 0.474535 -0.767686
v 0.638517 0.474535 -0.767519
v 0.638517 0.474535 -2.124390
v 0.646080 0.483717 -2.124390
v 0.646080 0.483717 -0.767519
v 0.646080 0.508534 -2.124223
v 0.646080 0.508534 -0.767686
v 0.638517 0.517717 -2.124223
v 0.638517 0.517717 -0.767686
v 0.638517 0.517717 -0.767519
v 0.638517 0.517717 -2.124390
v 0.646080 0.526899 -2.124390
v 0.646080 0.526899 -0.767519
v 0.646080 0.551717 -2.124223
v 0.646080 0.551717 -0.767686
v 0.638517 0.560899 -2.124223
v 0.638517 0.560899 -0.767686
v 0.638517 0.560899 -0.767519
v 0.638517 0.560899 -2.124390
v 0.646080 0.570082 -2.124390
v 0.646080 0.570082 -0.767519
v 0.646080 0.594899 -2.124223
v 0.646080 0.594899 -0.767686
v 0.638517 0.604082 -2.124223
v 0.638517 0.604082 -0.767686
v 0.638517 0.604082 -0.767519
v 0.638517 0.604082 -2.124390
v 0.646080 0.613264 -2.124390
v 0.646080 0.613264 -0.767519
v 0.646080 0.638082 -2.124223
v 0.646080 0.638082 -0.767686
v 0.638517 0.647264 -2.124223
v 0.638517 0.647264 -0.767686
v 0.638517 0.647264 -0.767519
v 0.638517 0.647264 -2.124390
v 0.646080 0.656446 -2.124390
v 0.646080 0.656446 -0.767519
v 0.646080 0.681264 -2.124223
v 0.646080 0.681264 -0.767686
v 0.638517 0.690446 -2.124223
v 0.638517 0.690446 -0.767686
v 0.638517 0.690446 -0.767519
v 0.638517 0.690446 -2.124390
v 0.646080 0.699629 -2.124390
v 0.646080 0.699629 -0.767519
v 0.646080 0.724446 -2.124223
v 0.646080 0.724446 -0.767686
v 0.638517 0.733629 -2.124223
v 0.638517 0.733629 -0.767686
v 0.638517 0.733629 -0.767519
v 0.638517 0.733629 -2.124390
v 0.646080 0.742811 -2.124390
v 0.646080 0.742811 -0.767519
v 0.646080 0.767629 -2.124223
v 0.646080 0.767629 -0.767686
v 0.638517 0.776811 -2.124223
v 0.638517 0.776811 -0.767686
v 0.638517 0.776811 -0.767519
v 0.638517 0.776811 -2.124390
v 0.646080 0.785993 -2.124390
v 0.646080 0.785993 -0.767519
v 0.646080 0.810811 -2.124223
v 0.646080 0.810811 -0.767686
v 0.638517 0.819993 -2.124223
v 0.638517 0.819993 -0.767686
v 0.638517 0.819993 -0.767519
v 0.638517 0.819993 -2.124390
v 0.646080 0.829176 -2.124390
v 0.646080 0.829176 -0.767519
v 0.646080 0.853993 -2.124223
v 0.646080 0.853993 -0.767686
v 0.638517 0.863176 -2.124223
v 0.638517 0.863176 -0.767686
v 0.638517 0.863176 -0.767519
v 0.638517 0.863176 -2.124390
v 0.646080 0.872358 -2.124390
v 0.646080 0.872358 -0.767519
v 0.646080 0.897176 -2.124223
v 0.646080 0.897176 -0.767686
v 0.638517 0.906358 -2.124223
v 0.638517 0.906358 -0.767686
v 0.638517 0.906358 -0.767519
v 0.638517 0.906358 -2.124390
v 0.646080 0.915541 -2.124390
v 0.646080 0.915541 -0.767519
v 0.646080 0.940358 -2.124223
v 0.646080 0.940358 -0.767686
v 0.638517 0.949540 -2.124223
v 0.638517 0.949540 -0.767686
v 0.638517 0.949540 -0.767519
v 0.638517 0.949540 -2.124390
v 0.646080 0.958723 -2.124390
v 0.646080 0.958723 -0.767519
v 0.646080 0.983540 -2.124223
v 0.646080 0.983540 -0.767686
v 0.638517 0.992723 -2.124223
v 0.638517 0.992723 -0.767686
v 0.638517 0.992723 -0.767519
v 0.638517 0.992723 -2.124390
v 0.646080 1.001905 -2.124390
v 0.646080 1.001905 -0.767519
v 0.646080 1.026723 -2.124223
v 0.646080 1.026723 -0.767686
v 0.638517 1.035905 -2.124223
v 0.638517 1.035905 -0.767686
v 0.638517 1.035905 -0.767519
v 0.638517 1.035905 -2.124390
v 0.646080 1.045088 -2.124390
v 0.646080 1.045088 -0.767519
v 0.646080 1.069905 -2.124223
v 0.646080 1.069905 -0.767686
v 0.638517 1.079087 -2.124223
v 0.638517 1.079087 -0.767686
v 0.638517 1.079087 -0.767519
v 0.638517 1.079087 -2.124390
v 0.646080 1.088270 -2.124390
v 0.646080 1.088270 -0.767519
v 0.646080 1.113087 -2.124223
v 0.646080 1.113087 -0.767686
v 0.638517 1.122270 -2.124223
v 0.638517 1.122270 -0.767686
v 0.638517 1.122270 -0.767519
v 0.638517 1.122270 -2.124390
v 0.646080 1.131452 -2.124390
v 0.646080 1.131452 -0.767519
v 0.646080 1.156270 -2.124223
v 0.646080 1.156270 -0.767686
v 0.638517 1.165452 -2.124223
v 0.638517 1.165452 -0.767686
v 0.638517 1.165452 -0.767519
v 0.638517 1.165452 -2.124390
v 0.646080 1.174635 -2.124390
v 0.646080 1.174635 -0.767519
v 0.646080 1.199452 -2.124223
v 0.646080 1.199452 -0.767686
v 0.638517 1.208634 -2.124223
v 0.638517 1.208634 -0.767686
v 0.638517 1.208634 -0.767519
v 0.638517 1.208634 -2.124390
v 0.646080 1.217817 -2.124390
v 0.646080 1.217817 -0.767519
v 0.646080 1.242635 -2.124223
v 0.646080 1.242635 -0.767686
v 0.638517 1.251817 -2.124223
v 0.638517 1.251817 -0.767686
v 0.638517 1.251817 -0.767519
v 0.638517 1.251817 -2.124390
v 0.646080 1.260999 -2.124390
v 0.646080 1.260999 -0.767519
v 0.646080 1.285817 -2.124223
v 0.646080 1.285817 -0.767686
v 0.638517 1.294999 -2.124223
v 0.638517 1.294999 -0.767686
v 0.638517 1.294999 -0.767519
v 0.638517 1.294999 -2.124390
v 0.646080 1.304182 -2.124390
v 0.646080 1.304182 -0.767519
v 0.646080 1.328999 -2.124223
v 0.646080 1.328999 -0.767686
v 0.638517 1.338181 -2.124223
v 0.638517 1.338181 -0.767686
v -0.279842 2.695083 2.022898
v -0.171692 3.142914 1.761534
v -0.286234 3.174290 1.761534
v -0.400775 3.142914 1.761534
v -1.012067 2.695083 -0.562016
v -0.423710 3.174168 -0.445621
v -0.400775 3.142914 -1.767436
v -1.012067 2.695083 -2.042490
v -0.279842 2.695083 -2.035501
v -0.171693 3.142914 -1.767436
v 0.439599 2.695083 -2.042490
v -0.115615 2.215997 2.223980
v 0.539577 2.215998 0.619272
v 0.539577 2.381713 0.619272
v -0.115615 2.381712 2.208968
v 0.825824 2.215998 -2.211988
v 0.825824 2.215998 -0.803771
v 0.850668 2.297336 -0.741908
v 0.745517 2.381713 -0.741908
v 0.745517 2.381713 -2.211863
v 0.819324 2.385882 -0.664049
v 0.439599 2.695083 -0.411780
v 0.472246 2.370439 -0.603472
v -0.148757 3.174168 -0.445621
v 0.422734 2.708816 -0.444146
v -0.148757 3.174168 0.443846
v 0.425586 2.706493 0.452090
v 0.439599 2.695083 0.410004
v -1.012067 2.695083 2.022898
v -0.423710 3.174168 0.443846
v -1.012067 2.695083 0.560241
v -0.286234 3.205544 0.443847
v -0.286234 3.205544 -0.445620
v -0.286234 3.174290 -1.767436
v -1.391792 2.385882 0.635362
v -1.391792 2.385882 -0.637137
v -1.391791 2.385881 2.284885
v 0.819324 2.385882 -2.315697
v 0.819324 2.385882 -0.676520
v 0.819324 2.385882 0.662273
v 0.819324 2.385882 0.675230
v -0.276498 2.385882 -2.308707
v -1.391792 2.385882 -2.315697
v -0.276498 2.385881 2.285321
v 0.819324 2.385881 2.284885
v 0.439600 2.695083 2.022898
v -1.600424 2.215997 2.459905
v -1.600424 2.215998 0.676636
v 0.508347 2.215998 0.473852
v -0.274661 2.215997 2.459905
v -1.600424 2.215998 -0.678411
v -1.600424 2.215998 -2.465806
v -0.274661 2.215998 -2.465806
v 0.508347 2.215998 -0.475628
v 0.472246 2.370439 0.601697
v 1.027956 2.215997 2.459905
v 1.027956 2.215998 -2.465806
v 1.027956 2.215998 -0.804921
v 0.819789 2.215998 -0.566889
v 0.822391 2.215997 2.223980
v 0.822391 2.215998 0.801862
v 1.027956 2.215998 0.802736
v 0.543243 2.215998 -0.622122
v 0.824132 2.215998 -0.704430
v -0.129235 2.215998 -2.211988
v 0.543243 2.381713 -0.622122
v -0.129235 2.381713 -2.211863
v 0.745517 2.381713 0.740132
v 0.745517 2.381713 0.761019
v 0.745517 2.381712 2.208968
v 1.112582 3.170804 0.036039
v -0.342149 3.170804 0.036039
v -0.342149 3.170804 -0.036044
v 1.112582 3.170804 -0.036044
v 1.072557 2.387306 -0.675992
v 1.072557 2.387306 0.675985
v 1.112582 3.121330 0.012569
v -0.303430 2.609113 0.444824
v -0.308081 3.132071 0.017664
v -0.303430 2.609113 -0.444831
v -0.308081 3.132071 -0.017669
v 1.112582 3.121330 -0.012574
v -0.315250 2.357135 -0.639053
v 1.072557 2.352666 -0.633583
v -0.315250 2.357135 0.639046
v 1.072557 2.352666 0.633576
v -0.433504 2.242572 0.778361
v -0.442180 2.215093 -0.801276
v 0.947485 2.207455 -0.739499
v -0.405820 2.211691 -0.744683
v 1.022012 2.207222 -0.739214
v 0.944657 2.208172 0.736245
v 1.021227 2.207932 0.735952
v -0.406605 2.212401 0.741422
v 1.093953 1.702614 0.488948
v 1.093953 2.018192 0.488948
v 1.062615 2.018192 0.488948
v 1.062615 1.702614 0.488948
v 1.062615 2.018192 0.451013
v 1.062615 1.702614 0.451013
v 1.093953 2.018192 0.451013
v 1.093953 1.702614 0.451013
v 1.093953 1.702614 0.395027
v 1.093953 2.018192 0.395027
v 1.062615 2.018192 0.395027
v 1.062615 1.702614 0.395027
v 1.062615 2.018192 0.356416
v 1.062615 1.702614 0.356416
v 1.093953 2.018192 0.356416
v 1.093953 1.702614 0.356416
v 1.093953 1.702614 0.300430
v 1.093953 2.018192 0.300430
v 1.062615 2.018192 0.300430
v 1.062615 1.702614 0.300430
v 1.062615 2.018192 0.261819
v 1.062615 1.702614 0.261819
v 1.093953 2.018192 0.261819
v 1.093953 1.702614 0.261819
v 1.093953 1.702614 0.205833
v 1.093953 2.018192 0.205833
v 1.062615 2.018192 0.205833
v 1.062615 1.702614 0.205833
v 1.062615 2.018192 0.167222
v 1.062615 1.702614 0.167222
v 1.093953 2.018192 0.167222
v 1.093953 1.702614 0.167222
v 1.093953 1.702614 0.111236
v 1.093953 2.018192 0.111236
v 1.062615 2.018192 0.111236
v 1.062615 1.702614 0.111236
v 1.062615 2.018192 0.072625
v 1.062615 1.702614 0.072625
v 1.093953 2.018192 0.072625
v 1.093953 1.702614 0.072625
v 1.093953 1.702614 0.016639
v 1.093953 2.018192 0.016639
v 1.062615 2.018192 0.016639
v 1.062615 1.702614 0.016639
v 1.062615 2.018192 -0.021972
v 1.062615 1.702614 -0.021972
v 1.093953 2.018192 -0.021972
v 1.093953 1.702614 -0.021972
v 1.093953 1.702614 -0.077958
v 1.093953 2.018192 -0.077958
v 1.062615 2.018192 -0.077958
v 1.062615 1.702614 -0.077958
v 1.062615 2.018192 -0.116569
v 1.062615 1.702614 -0.116569
v 1.093953 2.018192 -0.116569
v 1.093953 1.702614 -0.116569
v 1.093953 1.702614 -0.172555
v 1.093953 2.018192 -0.172555
v 1.062615 2.018192 -0.172555
v 1.062615 1.702614 -0.172555
v 1.062615 2.018192 -0.211166
v 1.062615 1.702614 -0.211166
v 1.093953 2.018192 -0.211166
v 1.093953 1.702614 -0.211166
v 1.093953 1.702614 -0.267152
v 1.093953 2.018192 -0.267152
v 1.062615 2.018192 -0.267152
v 1.062615 1.702614 -0.267152
v 1.062615 2.018192 -0.305763
v 1.062615 1.702614 -0.305763
v 1.093953 2.018192 -0.305763
v 1.093953 1.702614 -0.305763
v 1.093953 1.702614 -0.361749
v 1.093953 2.018192 -0.361749
v 1.062615 2.018192 -0.361749
v 1.062615 1.702614 -0.361749
v 1.062615 2.018192 -0.400360
v 1.062615 1.702614 -0.400360
v 1.093953 2.018192 -0.400360
v 1.093953 1.702614 -0.400360
v 1.093953 1.702614 -0.456346
v 1.093953 2.018192 -0.456346
v 1.062615 2.018192 -0.456346
v 1.062615 1.702614 -0.456346
v 1.062615 2.018192 -0.493643
v 1.062615 1.702614 -0.493643
v 1.093953 2.018192 -0.493643
v 1.093953 1.702614 -0.493643
v 1.026197 1.702614 0.487543
v 1.026197 2.018192 0.487543
v 0.987586 2.018192 0.487543
v 0.987586 1.702614 0.487543
v 0.987586 2.018192 0.453093
v 0.987586 1.702614 0.453093
v 1.026197 2.018192 0.453093
v 1.026197 1.702614 0.453093
v 0.952451 1.702614 0.487543
v 0.952451 2.018192 0.487543
v 0.913839 2.018192 0.487543
v 0.913839 1.702614 0.487543
v 0.913839 2.018192 0.453093
v 0.913839 1.702614 0.453093
v 0.952451 2.018192 0.453093
v 0.952451 1.702614 0.453093
v 0.878703 1.702614 0.487543
v 0.878703 2.018192 0.487543
v 0.840093 2.018192 0.487543
v 0.840093 1.702614 0.487543
v 0.840093 2.018192 0.453093
v 0.840093 1.702614 0.453093
v 0.878703 2.018192 0.453093
v 0.878703 1.702614 0.453093
v 1.058257 2.009763 0.489624
v 1.099057 2.009763 0.489624
v 1.099057 2.048374 0.489624
v 1.058257 2.048374 0.489624
v 1.099057 2.048374 0.451013
v 1.058257 2.048374 0.451013
v 1.058257 2.048374 -0.456532
v 1.058257 2.009763 -0.456532
v 1.058257 2.009763 0.451013
v 1.099057 2.009763 0.451013
v 0.819314 2.048374 0.489624
v 0.819314 2.048374 0.451013
v 0.819314 2.009763 0.451013
v 0.819314 2.009763 0.489624
v 1.099057 2.048374 -0.456532
v 1.099057 2.048374 -0.495143
v 1.058257 2.048374 -0.495143
v 1.099057 2.009763 -0.495143
v 1.058257 2.009763 -0.495143
v 1.099057 2.009763 -0.456532
v 0.819314 2.048374 -0.456532
v 0.819314 2.048374 -0.495143
v 0.819314 2.009763 -0.495143
v 0.819314 2.009763 -0.456532
v 1.058257 1.696096 0.495732
v 1.098974 1.696096 0.495732
v 1.098974 1.734707 0.495732
v 1.058257 1.734707 0.495732
v 1.098974 1.734707 0.451013
v 1.058257 1.734707 0.451013
v 1.058257 1.734707 -0.456532
v 1.058257 1.696096 -0.456532
v 1.058257 1.696096 0.451013
v 1.098974 1.696096 0.451013
v 0.819314 1.734707 0.495732
v 0.819314 1.734707 0.451013
v 0.819314 1.696096 0.451013
v 0.819314 1.696096 0.495732
v 1.098974 1.734707 -0.456532
v 1.098974 1.734707 -0.501251
v 1.058257 1.734707 -0.501251
v 1.098974 1.696096 -0.501251
v 1.058257 1.696096 -0.501251
v 1.098974 1.696096 -0.456532
v 0.819314 1.734707 -0.456532
v 0.819314 1.734707 -0.501251
v 0.819314 1.696096 -0.501251
v 0.819314 1.696096 -0.456532
v 1.026197 1.702614 -0.458595
v 1.026197 2.018192 -0.458595
v 0.987586 2.018192 -0.458595
v 0.987586 1.702614 -0.458595
v 0.987586 2.018192 -0.493046
v 0.987586 1.702614 -0.493046
v 1.026197 2.018192 -0.493046
v 1.026197 1.702614 -0.493046
v 0.952451 1.702614 -0.458595
v 0.952451 2.018192 -0.458595
v 0.913839 2.018192 -0.458595
v 0.913839 1.702614 -0.458595
v 0.913839 2.018192 -0.493046
v 0.913839 1.702614 -0.493046
v 0.952451 2.018192 -0.493046
v 0.952451 1.702614 -0.493046
v 0.878703 1.702614 -0.458595
v 0.878703 2.018192 -0.458595
v 0.840093 2.018192 -0.458595
v 0.840093 1.702614 -0.458595
v 0.840093 2.018192 -0.493046
v 0.840093 1.702614 -0.493046
v 0.878703 2.018192 -0.493046
v 0.878703 1.702614 -0.493046
v 0.436751 1.347757 -0.013222
v 0.436751 1.347757 -0.363316
v 0.436751 1.307918 -0.323477
v 0.436751 1.307918 -0.013222
v 0.436751 0.990049 -0.177755
v 0.436751 1.138831 -0.177755
v 0.416228 1.138831 -0.177755
v 0.416228 0.990049 -0.177755
v 0.436751 0.621849 -0.363316
v 0.436751 0.302513 -0.363316
v 0.436751 0.302513 -0.323477
v 0.436751 0.608470 -0.323477
v 0.496468 1.307918 -0.323477
v 0.496468 1.307918 -0.013222
v 0.496468 0.842918 -0.323477
v 0.436751 0.842918 -0.323477
v 0.496468 1.347757 -0.363316
v 0.496468 1.347757 -0.013222
v 0.496468 0.865166 -0.363316
v 0.496468 0.302513 -0.363316
v 0.496468 0.621849 -0.363316
v 0.496468 0.608470 -0.323477
v 0.496468 0.302513 -0.323477
v 0.436751 0.865166 -0.363316
v 0.436751 0.621849 -0.013222
v 0.436751 0.302513 -0.013222
v 0.436751 1.162644 -0.013222
v 0.436751 1.162644 -0.198905
v 0.416228 1.138831 -0.013222
v 0.416228 0.990049 -0.013222
v 0.436751 0.962528 -0.198905
v 0.436751 0.962529 -0.013222
v 0.436751 1.138831 -0.013222
v 0.436751 0.990049 -0.013222
v 0.449922 1.138831 -0.013222
v 0.449922 1.138831 -0.177755
v 0.449922 1.162644 -0.198905
v 0.449922 1.162644 -0.013222
v 0.449922 0.990049 -0.177755
v 0.449922 0.990049 -0.013222
v 0.449922 0.962529 -0.013222
v 0.449922 0.962528 -0.198905
v 0.436751 1.347757 -0.013222
v 0.436751 1.307918 -0.013222
v 0.436751 1.307918 0.297034
v 0.436751 1.347757 0.336873
v 0.436751 0.990049 0.151312
v 0.416228 0.990049 0.151312
v 0.416228 1.138831 0.151312
v 0.436751 1.138831 0.151312
v 0.436751 0.621849 0.336873
v 0.436751 0.608470 0.297034
v 0.436751 0.302513 0.297034
v 0.436751 0.302513 0.336873
v 0.496468 1.307918 0.297034
v 0.496468 1.307918 -0.013222
v 0.496468 0.842918 0.297034
v 0.436751 0.842918 0.297034
v 0.496468 1.347757 0.336873
v 0.496468 1.347757 -0.013222
v 0.496468 0.865166 0.336873
v 0.496468 0.302513 0.336873
v 0.496468 0.302513 0.297034
v 0.496468 0.608470 0.297034
v 0.496468 0.621849 0.336873
v 0.436751 0.865166 0.336873
v 0.436751 0.302513 -0.013222
v 0.436751 0.621849 -0.013222
v 0.436751 1.162644 -0.013222
v 0.436751 1.162644 0.172462
v 0.416228 0.990049 -0.013222
v 0.416228 1.138831 -0.013222
v 0.436751 0.962528 0.172462
v 0.436751 0.962529 -0.013222
v 0.436751 1.138831 -0.013222
v 0.436751 0.990049 -0.013222
v 0.449922 1.138831 -0.013222
v 0.449922 1.162644 -0.013222
v 0.449922 1.162644 0.172462
v 0.449922 1.138831 0.151312
v 0.449922 0.990049 0.151312
v 0.449922 0.962528 0.172462
v 0.449922 0.962529 -0.013222
v 0.449922 0.990049 -0.013222
v 0.722955 2.635924 -0.017999
v 0.722955 2.635924 -0.350094
v 0.753807 2.596085 -0.310256
v 0.753807 2.596085 -0.017999
v 0.782673 2.596085 -0.017999
v 0.782673 2.596085 0.000000
v 0.782673 1.732335 0.000000
v 0.782673 1.732335 -0.017999
v 0.722955 1.732335 -0.350094
v 0.722955 1.700144 -0.350094
v 0.722955 1.700144 -0.310256
v 0.753807 1.732335 -0.310256
v 0.782673 1.700144 0.000000
v 0.782673 1.700144 -0.017999
v 0.782673 1.700144 -0.350094
v 0.782673 1.732335 -0.350094
v 0.782673 1.732335 -0.310256
v 0.782673 1.700144 -0.310256
v 0.782673 2.635924 -0.017999
v 0.782673 2.635924 0.000000
v 0.722955 1.700144 0.000000
v 0.722955 1.700144 -0.017999
v 0.782673 2.635924 -0.350094
v 0.782673 2.596085 -0.310256
v 0.722955 2.635924 0.000000
v 0.722955 2.596085 0.000000
v 0.753807 1.732335 -0.017999
v 0.722955 1.732335 0.000000
v 0.722955 2.635924 0.017999
v 0.753807 2.596085 0.017999
v 0.753807 2.596085 0.310256
v 0.722955 2.635924 0.350095
v 0.782673 2.596085 0.017999
v 0.782673 1.732335 0.017999
v 0.782673 1.732335 0.000000
v 0.782673 2.596085 0.000000
v 0.722955 1.732335 0.350095
v 0.753807 1.732335 0.310256
v 0.722955 1.700144 0.310256
v 0.722955 1.700144 0.350095
v 0.782673 1.700144 0.017999
v 0.782673 1.700144 0.000000
v 0.782673 1.700144 0.350095
v 0.782673 1.700144 0.310256
v 0.782673 1.732335 0.310256
v 0.782673 1.732335 0.350095
v 0.782673 2.635924 0.017999
v 0.782673 2.635924 0.000000
v 0.722955 1.700144 0.017999
v 0.722955 1.700144 0.000000
v 0.782673 2.596085 0.310256
v 0.782673 2.635924 0.350095
v 0.722955 2.635924 0.000000
v 0.722955 2.596085 0.000000
v 0.722955 1.732335 0.000000
v 0.753807 1.732335 0.017999
v 0.813181 0.613672 0.883667
v 0.813181 1.307918 0.883667
v 0.753463 1.307918 0.883667
v 0.753463 0.613672 0.883667
v 0.813181 0.569840 0.843829
v 0.813181 1.347757 0.843829
v 0.813181 1.347757 1.626461
v 0.813181 1.307918 1.626461
v 0.813181 1.307918 1.279141
v 0.813181 1.347757 1.279141
v 0.753463 1.347757 2.061773
v 0.753463 1.347757 1.665204
v 0.753463 1.307918 1.665204
v 0.753463 1.307918 2.021935
v 0.813181 0.613672 2.021935
v 0.753463 0.613672 2.021935
v 0.813181 1.307918 2.021935
v 0.813181 0.569840 2.061773
v 0.813181 1.347757 2.061773
v 0.753463 0.569840 1.240398
v 0.753463 0.613672 1.240398
v 0.753463 0.569840 0.843829
v 0.753463 1.347757 0.843829
v 0.753463 0.569840 2.061773
v 0.753463 0.569840 1.665204
v 0.813181 0.569840 1.665204
v 0.813181 0.613672 1.665204
v 0.753463 0.613672 1.665204
v 0.753463 0.613672 1.279141
v 0.813181 0.613672 1.279141
v 0.753463 1.307918 1.279141
v 0.753463 0.613672 1.626461
v 0.813181 0.613672 1.626461
v 0.753463 1.347757 1.626461
v 0.753463 1.347757 1.279141
v 0.753463 1.307918 1.626461
v 0.753463 1.347757 1.240398
v 0.753463 1.307918 1.240398
v 0.813181 1.307918 1.665204
v 0.813181 1.307918 1.240398
v 0.813181 1.347757 1.665204
v 0.813181 0.613672 1.240398
v 0.813181 0.569840 1.626461
v 0.753463 0.569840 1.626461
v 0.753463 0.569840 1.279141
v 0.813181 0.569840 1.279141
v 0.813181 0.569840 1.240398
v 0.813181 1.347757 1.240398
v 0.224439 0.613672 2.309404
v 0.224439 1.307918 2.309404
v 0.224439 1.307918 2.249686
v 0.224439 0.613672 2.249686
v 0.264277 0.569840 2.309404
v 0.264277 1.347757 2.309404
v -0.518355 1.347757 2.309404
v -0.518355 1.307918 2.309404
v -0.171035 1.307918 2.309404
v -0.171035 1.347757 2.309404
v -0.953667 1.347757 2.249686
v -0.557098 1.347757 2.249686
v -0.557098 1.307918 2.249686
v -0.913829 1.307918 2.249686
v -0.913829 0.613672 2.309404
v -0.913829 0.613672 2.249686
v -0.913829 1.307918 2.309404
v -0.953667 0.569840 2.309404
v -0.953667 1.347757 2.309404
v -0.132292 0.569840 2.249686
v -0.132292 0.613672 2.249686
v 0.264277 0.569840 2.249686
v 0.264277 1.347757 2.249686
v -0.953667 0.569840 2.249686
v -0.557098 0.569840 2.249686
v -0.557098 0.569840 2.309404
v -0.557098 0.613672 2.309404
v -0.557098 0.613672 2.249686
v -0.171035 0.613672 2.249686
v -0.171035 0.613672 2.309404
v -0.171035 1.307918 2.249686
v -0.518355 0.613672 2.249686
v -0.518355 0.613672 2.309404
v -0.518355 1.347757 2.249686
v -0.171035 1.347757 2.249686
v -0.518355 1.307918 2.249686
v -0.132292 1.347757 2.249686
v -0.132292 1.307918 2.249686
v -0.557098 1.307918 2.309404
v -0.132292 1.307918 2.309404
v -0.557098 1.347757 2.309404
v -0.132292 0.613672 2.309404
v -0.518355 0.569840 2.309404
v -0.518355 0.569840 2.249686
v -0.171035 0.569840 2.249686
v -0.171035 0.569840 2.309404
v -0.132292 0.569840 2.309404
v -0.132292 1.347757 2.309404
v 0.224439 0.613672 -2.231490
v 0.224439 1.307918 -2.231490
v 0.224439 1.307918 -2.291208
v 0.224439 0.613672 -2.291208
v 0.264277 0.569840 -2.231490
v 0.264277 1.347757 -2.231490
v -0.518355 1.347757 -2.231490
v -0.518355 1.307918 -2.231490
v -0.171035 1.307918 -2.231490
v -0.171035 1.347757 -2.231490
v -0.953667 1.347757 -2.291208
v -0.557097 1.347757 -2.291208
v -0.557097 1.307918 -2.291208
v -0.913829 1.307918 -2.291208
v -0.913829 0.613672 -2.231490
v -0.913829 0.613672 -2.291208
v -0.913829 1.307918 -2.231490
v -0.953667 0.569840 -2.231490
v -0.953667 1.347757 -2.231490
v -0.132292 0.569840 -2.291208
v -0.132292 0.613672 -2.291208
v 0.264277 0.569840 -2.291208
v 0.264277 1.347757 -2.291208
v -0.953667 0.569840 -2.291208
v -0.557097 0.569840 -2.291208
v -0.557097 0.569840 -2.231490
v -0.557097 0.613672 -2.231490
v -0.557097 0.613672 -2.291208
v -0.171035 0.613672 -2.291208
v -0.171035 0.613672 -2.231490
v -0.171035 1.307918 -2.291208
v -0.518355 0.613672 -2.291208
v -0.518355 0.613672 -2.231490
v -0.518355 1.347757 -2.291208
v -0.171035 1.347757 -2.291208
v -0.518355 1.307918 -2.291208
v -0.132292 1.347757 -2.291208
v -0.132292 1.307918 -2.291208
v -0.557097 1.307918 -2.231490
v -0.132292 1.307918 -2.231490
v -0.557097 1.347757 -2.231490
v -0.132292 0.613672 -2.231490
v -0.518355 0.569840 -2.231490
v -0.518355 0.569840 -2.291208
v -0.171035 0.569840 -2.291208
v -0.171035 0.569840 -2.231490
v -0.132292 0.569840 -2.231490
v -0.132292 1.347757 -2.231490
v 0.803145 1.848648 -1.983393
v 0.803145 2.090774 -1.983393
v 0.747070 2.090774 -1.983393
v 0.747070 1.848648 -1.983393
v 0.803145 1.807489 -2.020802
v 0.803145 2.128183 -2.020802
v 0.803146 2.128183 -1.285905
v 0.803146 2.090774 -1.285905
v 0.803145 2.090774 -1.612040
v 0.803145 2.128183 -1.612040
v 0.747070 2.128183 -0.877143
v 0.747070 2.128183 -1.249525
v 0.747070 2.090774 -1.249525
v 0.747070 2.090774 -0.914552
v 0.803146 1.848648 -0.914552
v 0.747070 1.848648 -0.914552
v 0.803146 2.090774 -0.914552
v 0.803146 1.807489 -0.877143
v 0.803146 2.128183 -0.877143
v 0.747070 1.807489 -1.648420
v 0.747070 1.848648 -1.648420
v 0.747070 1.807489 -2.020802
v 0.747070 2.128183 -2.020802
v 0.747070 1.807489 -0.877143
v 0.747070 1.807489 -1.249525
v 0.803146 1.807489 -1.249525
v 0.803146 1.848648 -1.249525
v 0.747070 1.848648 -1.249525
v 0.747070 1.848648 -1.612040
v 0.803145 1.848648 -1.612040
v 0.747070 2.090774 -1.612040
v 0.747070 1.848648 -1.285905
v 0.803146 1.848648 -1.285905
v 0.747070 2.128183 -1.285905
v 0.747070 2.128183 -1.612040
v 0.747070 2.090774 -1.285905
v 0.747070 2.128183 -1.648420
v 0.747070 2.090774 -1.648420
v 0.803146 2.090774 -1.249525
v 0.803145 2.090774 -1.648420
v 0.803146 2.128183 -1.249525
v 0.803145 1.848648 -1.648420
v 0.803146 1.807489 -1.285905
v 0.747070 1.807489 -1.285905
v 0.747070 1.807489 -1.612040
v 0.803145 1.807489 -1.612040
v 0.803145 1.807489 -1.648420
v 0.803145 2.128183 -1.648420
v -0.691488 2.531229 0.215578
v -0.691488 3.266372 0.215579
v -1.048156 3.266372 0.215579
v -1.048156 2.531229 0.215578
v -1.048156 3.266372 -0.234915
v -1.048156 2.531229 -0.234916
v -0.691488 3.266372 -0.234915
v -0.691488 2.531229 -0.234916
v -1.076746 3.266372 0.258666
v -1.076746 3.266372 -0.278002
v -0.662897 3.266372 -0.278002
v -1.076746 3.438225 -0.278002
v -0.662897 3.438225 -0.278002
v -0.662897 3.266372 0.258666
v -0.662897 3.438225 0.258666
v -0.731555 3.438225 -0.203772
v -0.731555 3.438225 0.184436
v -1.076746 3.438225 0.258666
v -0.731555 3.317102 -0.203772
v -1.008089 3.317102 -0.203772
v -1.008089 3.088321 -0.203773
v -0.731555 3.088321 -0.203773
v -1.008089 3.438225 0.184436
v -1.008089 3.438225 -0.203772
v -1.008089 3.088321 0.184436
v -0.731555 3.088321 0.184436
v -1.008089 3.317102 0.184436
v -0.731555 3.317102 0.184436
v -0.697363 2.357585 -2.246768
v -0.697363 2.357585 -2.130765
v -0.697363 2.430816 -2.130765
v -0.697363 2.430816 -2.246768
v -0.279291 2.357585 -2.246768
v -0.279291 2.357585 -2.213646
v -0.279291 2.826772 -1.948105
v -0.761359 2.434192 -2.294469
v -0.761359 2.434192 -2.083064
v -0.279291 2.885079 -1.874454
v -0.279291 2.885079 -2.294469
v -0.745976 2.399889 -2.083064
v -0.745976 2.399889 -2.294469
v -0.279291 2.826772 -2.294469
v -0.279291 2.826772 -1.874454
v -0.279291 2.826772 -2.246768
v -0.634575 2.435946 -2.246768
v -0.634575 2.435946 -2.110598
v -0.550896 2.509994 -2.110598
v -0.550896 2.509995 -2.246768
v -0.279291 2.499859 -2.110598
v -0.279291 2.509995 -2.246768
v -0.472125 2.540647 -2.224216
v -0.294371 2.702116 -2.224216
v -0.295196 2.701761 -2.176201
v -0.472545 2.540478 -2.176201
v -0.294371 2.373752 -2.176201
v -0.606366 2.373752 -2.176201
v -0.499602 2.505983 -2.176201
v -0.294975 2.506169 -2.176201
v -0.279291 2.347308 -2.224216
v -0.636740 2.347308 -2.224216
v -0.606366 2.373753 -2.224216
v -0.294371 2.373753 -2.224216
v -0.295022 2.540646 -2.176201
v -0.294371 2.540647 -2.224216
v -0.279291 2.763608 -2.224216
v -0.294371 2.506170 -2.224216
v -0.606366 2.414999 -2.224216
v -0.606366 2.414998 -2.176201
v -0.636740 2.437250 -2.224216
v -0.279291 2.708592 -2.176201
v -0.279291 2.373752 -2.176201
v -0.499198 2.506170 -2.224216
v -0.279291 2.761721 -2.246768
v -0.279291 2.761721 -2.110598
v 0.138782 2.357585 -2.246768
v 0.138782 2.430816 -2.246768
v 0.138782 2.430816 -2.130765
v 0.138782 2.357585 -2.130765
v 0.202778 2.434192 -2.294469
v 0.202778 2.434192 -2.083064
v 0.187394 2.399889 -2.294469
v 0.187394 2.399889 -2.083064
v 0.075994 2.435946 -2.246768
v -0.007686 2.509995 -2.246768
v -0.007686 2.509994 -2.110598
v 0.075994 2.435946 -2.110598
v -0.086457 2.540647 -2.224216
v -0.086036 2.540478 -2.176201
v -0.263385 2.701761 -2.176201
v -0.264210 2.702116 -2.224216
v -0.264210 2.373752 -2.176201
v -0.263606 2.506169 -2.176201
v -0.058980 2.505983 -2.176201
v 0.047785 2.373752 -2.176201
v -0.264210 2.373753 -2.224216
v 0.047785 2.373753 -2.224216
v 0.078158 2.347308 -2.224216
v -0.263559 2.540646 -2.176201
v -0.264210 2.540647 -2.224216
v -0.264210 2.506170 -2.224216
v 0.047785 2.414998 -2.176201
v 0.047785 2.414999 -2.224216
v 0.078158 2.437250 -2.224216
v -0.059384 2.506170 -2.224216
v -0.697363 2.357584 2.224284
v -0.697363 2.430815 2.224284
v -0.697363 2.430816 2.108282
v -0.697363 2.357585 2.108282
v -0.279291 2.357584 2.224284
v -0.279291 2.357585 2.191164
v -0.279291 2.826772 1.925622
v -0.761359 2.434191 2.271985
v -0.279291 2.885078 2.271985
v -0.279291 2.885079 1.851972
v -0.761359 2.434192 2.060581
v -0.745975 2.399889 2.271985
v -0.745975 2.399889 2.060581
v -0.279291 2.826771 2.271985
v -0.279291 2.826772 1.851972
v -0.279291 2.826771 2.224284
v -0.634575 2.435946 2.224284
v -0.550895 2.509994 2.224284
v -0.550895 2.509994 2.088115
v -0.634575 2.435946 2.088115
v -0.279291 2.509994 2.224284
v -0.279291 2.499859 2.088115
v -0.472125 2.540646 2.201733
v -0.472545 2.540478 2.153718
v -0.295196 2.701761 2.153718
v -0.294371 2.702115 2.201733
v -0.294371 2.373752 2.153718
v -0.294975 2.506169 2.153718
v -0.499602 2.505983 2.153718
v -0.606366 2.373752 2.153718
v -0.279291 2.347307 2.201733
v -0.294371 2.373752 2.201733
v -0.606366 2.373752 2.201733
v -0.636740 2.347307 2.201733
v -0.295022 2.540646 2.153718
v -0.294371 2.540646 2.201733
v -0.294371 2.506169 2.201733
v -0.279291 2.763608 2.201733
v -0.606366 2.414998 2.153718
v -0.606366 2.414998 2.201733
v -0.636740 2.437249 2.201733
v -0.279291 2.373752 2.153718
v -0.279291 2.708592 2.153718
v -0.499197 2.506169 2.201733
v -0.279291 2.761720 2.224284
v -0.279291 2.761721 2.088115
v 0.138782 2.357584 2.224284
v 0.138782 2.357585 2.108282
v 0.138782 2.430816 2.108282
v 0.138782 2.430815 2.224284
v 0.202778 2.434191 2.271985
v 0.202778 2.434192 2.060581
v 0.187394 2.399889 2.060581
v 0.187394 2.399889 2.271985
v 0.075994 2.435946 2.224284
v 0.075994 2.435946 2.088115
v -0.007686 2.509994 2.088115
v -0.007686 2.509994 2.224284
v -0.086456 2.540646 2.201733
v -0.264210 2.702115 2.201733
v -0.263385 2.701761 2.153718
v -0.086036 2.540478 2.153718
v -0.264210 2.373752 2.153718
v 0.047785 2.373752 2.153718
v -0.058980 2.505983 2.153718
v -0.263606 2.506169 2.153718
v 0.078158 2.347307 2.201733
v 0.047785 2.373752 2.201733
v -0.264210 2.373752 2.201733
v -0.263559 2.540646 2.153718
v -0.264210 2.540646 2.201733
v -0.264210 2.506169 2.201733
v 0.047785 2.414998 2.201733
v 0.047785 2.414998 2.153718
v 0.078158 2.437249 2.201733
v -0.059384 2.506169 2.201733
v 0.850282 0.256675 -0.617401
v 0.850282 0.288765 -0.617401
v 0.850282 0.288765 -0.490501
v 0.850282 0.256675 -0.490501
v 0.582403 0.256675 -0.656674
v 0.582403 0.288765 -0.656674
v 0.802698 0.288765 -0.656674
v 0.802698 0.256675 -0.656674
v 0.534819 0.288765 -0.617401
v 0.534819 0.288765 -0.490501
v 0.582403 0.288765 -0.451228
v 0.802698 0.288765 -0.451228
v 0.802698 0.256675 -0.451228
v 0.582403 0.256675 -0.451228
v 0.534819 0.256675 -0.490501
v 0.534819 0.256675 -0.617401
v 0.534819 0.150408 -0.490501
v 0.534819 0.047653 -0.490501
v 0.582403 0.047653 -0.451228
v 0.582403 0.150408 -0.451228
v 0.582403 0.150408 -0.656674
v 0.582403 0.047653 -0.656674
v 0.534819 0.047653 -0.617401
v 0.534819 0.150408 -0.617401
v 0.850282 0.150408 -0.617401
v 0.850282 0.047653 -0.617401
v 0.802698 0.047653 -0.656674
v 0.802698 0.150408 -0.656674
v 0.850282 0.047653 -0.490501
v 0.802698 0.047653 -0.451228
v 0.837065 0.241867 -0.495817
v 0.793468 0.241867 -0.459836
v 0.548036 0.241867 -0.495817
v 0.548036 0.241867 -0.612085
v 0.591632 0.241867 -0.459836
v 0.591632 0.241867 -0.648067
v 0.793468 0.241867 -0.648067
v 0.837065 0.241867 -0.612085
v 0.850282 0.150408 -0.490501
v 0.802698 0.150408 -0.451228
v 0.850282 0.256675 0.609366
v 0.850282 0.256675 0.482466
v 0.850282 0.288765 0.482466
v 0.850282 0.288765 0.609366
v 0.582403 0.256675 0.648639
v 0.802698 0.256675 0.648639
v 0.802698 0.288765 0.648639
v 0.582403 0.288765 0.648639
v 0.802698 0.288765 0.443193
v 0.582403 0.288765 0.443193
v 0.534819 0.288765 0.482466
v 0.534819 0.288765 0.609366
v 0.802698 0.256675 0.443193
v 0.582403 0.256675 0.443193
v 0.534819 0.256675 0.482466
v 0.534819 0.256675 0.609366
v 0.534819 0.150407 0.482466
v 0.582403 0.150407 0.443193
v 0.582403 0.047653 0.443193
v 0.534819 0.047653 0.482466
v 0.582403 0.150407 0.648639
v 0.534819 0.150407 0.609366
v 0.534819 0.047653 0.609366
v 0.582403 0.047653 0.648639
v 0.850282 0.150407 0.609366
v 0.802698 0.150407 0.648639
v 0.802698 0.047653 0.648639
v 0.850282 0.047653 0.609366
v 0.802698 0.047653 0.443193
v 0.850282 0.047653 0.482466
v 0.837065 0.241867 0.487782
v 0.793468 0.241867 0.451800
v 0.548036 0.241867 0.487782
v 0.548036 0.241867 0.604050
v 0.591632 0.241867 0.451800
v 0.591632 0.241867 0.640031
v 0.793468 0.241867 0.640031
v 0.837065 0.241867 0.604050
v 0.850282 0.150407 0.482466
v 0.802698 0.150407 0.443193
v 0.691453 0.346133 -0.455573
v 0.686056 0.462245 -0.433265
v 0.618526 0.449737 -0.455936
v 0.593129 0.341886 -0.467908
v 0.575747 0.416109 -0.638964
v 0.604406 0.610687 -0.601683
v 0.606604 0.553649 -0.616861
v 0.597219 0.407941 -0.670192
v 0.699247 0.423170 -0.645473
v 0.690576 0.613874 -0.614643
v 0.772358 0.541449 -0.628162
v 0.782859 0.420620 -0.656812
v 0.799466 0.349466 -0.488760
v 0.791942 0.480093 -0.479905
v 0.764244 0.401318 -0.453446
v 0.773853 0.321431 -0.464344
v 0.670926 0.264827 -0.617904
v 0.689750 0.236348 -0.640532
v 0.760487 0.204104 -0.630667
v 0.760665 0.181425 -0.610491
v 0.696557 0.559699 -0.464721
v 0.687381 0.667272 -0.596398
v 0.680366 0.720251 -0.576261
v 0.813658 0.620520 -0.541121
v 0.797596 0.554614 -0.599457
v 0.677359 0.754306 -0.560671
v 0.690236 0.718211 -0.519581
v 0.806806 0.611234 -0.510247
v 0.815440 0.607232 -0.529862
v 0.699782 0.671422 -0.489205
v 0.699336 0.626279 -0.470828
v 0.791055 0.550177 -0.493330
v 0.798192 0.594029 -0.497490
v 0.666618 0.230370 -0.507037
v 0.654952 0.238348 -0.530914
v 0.749758 0.227441 -0.525684
v 0.745930 0.240063 -0.505059
v 0.666147 0.223854 -0.546188
v 0.664102 0.235213 -0.563033
v 0.754865 0.209280 -0.559175
v 0.753028 0.217769 -0.542433
v 0.676932 0.214569 -0.579616
v 0.678038 0.226872 -0.596005
v 0.766352 0.172985 -0.589888
v 0.762102 0.185802 -0.573364
v 0.792575 0.442525 -0.628076
v 0.813603 0.446301 -0.601969
v 0.845599 0.389983 -0.586749
v 0.857637 0.388475 -0.564987
v 0.859478 0.377357 -0.544405
v 0.817408 0.330677 -0.518226
v 0.566163 0.377026 -0.494921
v 0.637911 0.508038 -0.479050
v 0.630148 0.556972 -0.495248
v 0.547515 0.386634 -0.525853
v 0.556164 0.436496 -0.545410
v 0.618954 0.586576 -0.511054
v 0.606251 0.604513 -0.531849
v 0.550587 0.452522 -0.565947
v 0.558285 0.443576 -0.588019
v 0.607416 0.613002 -0.549532
v 0.602621 0.630771 -0.573314
v 0.568984 0.442892 -0.608130
v 0.583433 0.273371 -0.581175
v 0.592864 0.263193 -0.596394
v 0.575658 0.245669 -0.548934
v 0.586265 0.289316 -0.565608
v 0.581303 0.255751 -0.511004
v 0.574103 0.242639 -0.532307
v 0.607981 0.278118 -0.618918
v 0.619771 0.266289 -0.639944
v 0.735153 0.254522 -0.485074
v 0.672199 0.245639 -0.483662
v 0.608868 0.237297 -0.491012
v 0.691453 0.346133 0.447539
v 0.593129 0.341887 0.459874
v 0.618526 0.449737 0.447902
v 0.686056 0.462245 0.425231
v 0.575747 0.416110 0.630930
v 0.597219 0.407941 0.662158
v 0.606604 0.553649 0.608827
v 0.604406 0.610687 0.593649
v 0.699247 0.423170 0.637439
v 0.782859 0.420620 0.648778
v 0.772358 0.541449 0.620128
v 0.690576 0.613874 0.606609
v 0.799466 0.349467 0.480726
v 0.773853 0.321432 0.456310
v 0.764244 0.401318 0.445412
v 0.791942 0.480093 0.471871
v 0.670926 0.264827 0.609870
v 0.760665 0.181425 0.602457
v 0.760487 0.204105 0.622633
v 0.689750 0.236348 0.632498
v 0.696557 0.559700 0.456687
v 0.687381 0.667272 0.588365
v 0.797596 0.554614 0.591423
v 0.813658 0.620520 0.533087
v 0.680366 0.720252 0.568227
v 0.677359 0.754306 0.552637
v 0.815440 0.607232 0.521828
v 0.806806 0.611235 0.502213
v 0.690236 0.718211 0.511547
v 0.699782 0.671422 0.481171
v 0.798192 0.594029 0.489456
v 0.791055 0.550178 0.485296
v 0.699336 0.626280 0.462794
v 0.666618 0.230370 0.499003
v 0.745930 0.240064 0.497025
v 0.749758 0.227441 0.517650
v 0.654952 0.238349 0.522880
v 0.666147 0.223854 0.538154
v 0.753028 0.217769 0.534399
v 0.754865 0.209280 0.551142
v 0.664102 0.235213 0.554999
v 0.676932 0.214569 0.571582
v 0.762102 0.185802 0.565330
v 0.766352 0.172986 0.581854
v 0.678038 0.226872 0.587971
v 0.792575 0.442525 0.620042
v 0.813603 0.446301 0.593935
v 0.845599 0.389983 0.578715
v 0.857637 0.388476 0.556953
v 0.859478 0.377357 0.536371
v 0.817408 0.330677 0.510192
v 0.566163 0.377026 0.486887
v 0.547516 0.386634 0.517819
v 0.630148 0.556972 0.487214
v 0.637911 0.508038 0.471016
v 0.556164 0.436497 0.537376
v 0.550587 0.452522 0.557913
v 0.606251 0.604513 0.523815
v 0.618954 0.586577 0.503020
v 0.558285 0.443577 0.579985
v 0.568984 0.442892 0.600096
v 0.602621 0.630771 0.565280
v 0.607416 0.613002 0.541498
v 0.583433 0.273372 0.573141
v 0.592864 0.263193 0.588360
v 0.575658 0.245669 0.540900
v 0.586265 0.289317 0.557574
v 0.581303 0.255751 0.502970
v 0.574103 0.242639 0.524273
v 0.607981 0.278118 0.610884
v 0.619771 0.266289 0.631910
v 0.735153 0.254523 0.477040
v 0.672199 0.245639 0.475628
v 0.608868 0.237297 0.482978
v 0.803146 1.848648 0.898447
v 0.803146 2.090774 0.898447
v 0.747071 2.090774 0.898447
v 0.747071 1.848648 0.898447
v 0.803146 1.807489 0.861038
v 0.803146 2.128183 0.861038
v 0.803147 2.128183 1.595935
v 0.803147 2.090774 1.595935
v 0.803146 2.090774 1.269799
v 0.803146 2.128183 1.269799
v 0.747071 2.128183 2.004697
v 0.747071 2.128183 1.632315
v 0.747071 2.090774 1.632315
v 0.747071 2.090774 1.967288
v 0.803147 1.848648 1.967288
v 0.747071 1.848648 1.967288
v 0.803147 2.090774 1.967288
v 0.803147 1.807489 2.004697
v 0.803147 2.128183 2.004697
v 0.747071 1.807489 1.233420
v 0.747071 1.848648 1.233420
v 0.747071 1.807489 0.861038
v 0.747071 2.128183 0.861038
v 0.747071 1.807489 2.004697
v 0.747071 1.807489 1.632315
v 0.803147 1.807489 1.632315
v 0.803147 1.848648 1.632315
v 0.747071 1.848648 1.632315
v 0.747071 1.848648 1.269799
v 0.803146 1.848648 1.269799
v 0.747071 2.090774 1.269799
v 0.747071 1.848648 1.595935
v 0.803147 1.848648 1.595935
v 0.747071 2.128183 1.595935
v 0.747071 2.128183 1.269799
v 0.747071 2.090774 1.595935
v 0.747071 2.128183 1.233420
v 0.747071 2.090774 1.233420
v 0.803147 2.090774 1.632315
v 0.803146 2.090774 1.233420
v 0.803147 2.128183 1.632315
v 0.803146 1.848648 1.233420
v 0.803147 1.807489 1.595935
v 0.747071 1.807489 1.595935
v 0.747071 1.807489 1.269799
v 0.803146 1.807489 1.269799
v 0.803146 1.807489 1.233420
v 0.803146 2.128183 1.233420
v 0.999971 0.256675 1.981183
v 0.999971 0.288765 1.981183
v 0.873070 0.288765 1.981183
v 0.873070 0.256675 1.981183
v 1.039243 0.256675 0.955014
v 1.039243 0.288765 0.955014
v 1.039243 0.288765 1.933599
v 1.039243 0.256675 1.933599
v 0.999971 0.288765 0.907430
v 0.873070 0.288765 0.907430
v 0.833797 0.288765 0.955014
v 0.833798 0.288765 1.933599
v 0.833798 0.256675 1.933599
v 0.833797 0.256675 0.955014
v 0.873070 0.256675 0.907430
v 0.999971 0.256675 0.907430
v 0.873070 0.150408 0.907430
v 0.873070 0.047653 0.907430
v 0.833797 0.047653 0.955014
v 0.833797 0.150408 0.955014
v 1.039243 0.150408 0.955014
v 1.039243 0.047653 0.955014
v 0.999971 0.047653 0.907430
v 0.999971 0.150408 0.907430
v 0.999971 0.150408 1.981183
v 0.999971 0.047653 1.981183
v 1.039243 0.047653 1.933599
v 1.039243 0.150408 1.933599
v 0.873070 0.047653 1.981183
v 0.833798 0.047653 1.933599
v 0.878387 0.241867 1.967967
v 0.842405 0.241867 1.924370
v 0.878387 0.241867 0.920647
v 0.994654 0.241867 0.920647
v 0.842405 0.241867 0.964243
v 1.030636 0.241867 0.964243
v 1.030636 0.241867 1.924370
v 0.994654 0.241867 1.967967
v 0.873070 0.150408 1.981183
v 0.833798 0.150408 1.933599
v 1.020010 0.331230 1.791613
v 1.043453 0.434720 1.804103
v 1.032239 0.424965 1.870734
v 1.023867 0.328714 1.888622
v 0.857792 0.404357 1.932646
v 0.895092 0.570968 1.899609
v 0.877301 0.524700 1.902069
v 0.823333 0.397824 1.915511
v 0.830895 0.411100 1.813939
v 0.867798 0.571891 1.817498
v 0.835908 0.522011 1.741473
v 0.805255 0.413643 1.731750
v 0.968927 0.339203 1.689037
v 0.978283 0.460474 1.705057
v 1.009750 0.385183 1.723127
v 0.997482 0.310920 1.709236
v 0.862690 0.258225 1.831689
v 0.837195 0.231079 1.815870
v 0.835375 0.199469 1.744030
v 0.855243 0.176924 1.740480
v 1.013095 0.508100 1.811361
v 0.889943 0.608935 1.812809
v 0.915873 0.642019 1.809044
v 0.913860 0.590126 1.688377
v 0.859399 0.533746 1.713168
v 0.935710 0.660504 1.803701
v 0.968409 0.643599 1.794545
v 0.945620 0.580121 1.692699
v 0.923676 0.581527 1.686350
v 0.992381 0.611519 1.790618
v 1.008026 0.574501 1.797165
v 0.965400 0.522179 1.710176
v 0.960004 0.562809 1.701385
v 0.972782 0.223773 1.817907
v 0.951130 0.231624 1.833389
v 0.940831 0.221231 1.738638
v 0.961859 0.233124 1.739585
v 0.934180 0.217850 1.824327
v 0.917914 0.228944 1.829268
v 0.906881 0.203995 1.738402
v 0.923731 0.212079 1.737774
v 0.899395 0.209184 1.818691
v 0.883059 0.221290 1.820403
v 0.874645 0.168498 1.731509
v 0.891655 0.181127 1.733146
v 0.831669 0.434421 1.719617
v 0.853696 0.437973 1.695457
v 0.864016 0.383659 1.658218
v 0.883517 0.381995 1.642878
v 0.903654 0.370649 1.637581
v 0.936860 0.322502 1.674254
v 1.001716 0.362394 1.920633
v 1.007366 0.472548 1.861091
v 0.994118 0.514524 1.870748
v 0.974149 0.373004 1.943367
v 0.953747 0.419272 1.940429
v 0.981499 0.541701 1.880359
v 0.963872 0.559115 1.892132
v 0.934438 0.435401 1.948872
v 0.911259 0.427896 1.944061
v 0.946815 0.566427 1.891763
v 0.924724 0.584122 1.896739
v 0.889609 0.427910 1.936336
v 0.913174 0.266570 1.912183
v 0.896582 0.256924 1.904984
v 0.946187 0.239663 1.914060
v 0.928163 0.281409 1.907625
v 0.982761 0.248909 1.902901
v 0.962847 0.236619 1.912899
v 0.871927 0.271505 1.893969
v 0.849204 0.260416 1.885241
v 0.983398 0.246644 1.747655
v 0.995012 0.238117 1.809241
v 0.997978 0.230783 1.872224
v 0.818968 0.336485 1.067146
v 0.796826 0.439906 1.056807
v 0.808176 0.428025 0.986913
v 0.815134 0.333253 0.969092
v 0.981343 0.394674 0.913910
v 0.952245 0.544725 0.918872
v 0.966658 0.497502 0.923131
v 1.013710 0.387200 0.930441
v 0.999042 0.394821 1.028712
v 0.979557 0.521757 0.977739
v 1.005529 0.488582 1.086870
v 1.032165 0.397160 1.068596
v 0.869275 0.339919 1.168407
v 0.860174 0.454152 1.150613
v 0.828908 0.387247 1.135936
v 0.840966 0.314033 1.149021
v 0.969733 0.258108 1.028215
v 0.992949 0.231043 1.038764
v 1.003607 0.199626 1.078630
v 0.989138 0.176973 1.101244
v 0.831058 0.515510 1.048421
v 0.962225 0.582511 0.992479
v 0.942815 0.637875 1.001242
v 0.926078 0.569286 1.147934
v 0.981594 0.504077 1.120010
v 0.928220 0.670791 1.007516
v 0.888017 0.644632 1.026429
v 0.894297 0.563770 1.148849
v 0.914999 0.559170 1.153229
v 0.858076 0.607531 1.041497
v 0.838742 0.571206 1.046266
v 0.874217 0.510761 1.139294
v 0.880093 0.548810 1.143374
v 0.865019 0.225661 1.041219
v 0.885716 0.233315 1.027139
v 0.899878 0.222769 1.123223
v 0.877514 0.235228 1.120204
v 0.901649 0.219096 1.039287
v 0.916848 0.230074 1.034989
v 0.936653 0.204781 1.121219
v 0.918403 0.213204 1.123920
v 0.934266 0.209900 1.047114
v 0.949321 0.221877 1.043782
v 0.970819 0.168533 1.119631
v 0.953157 0.181350 1.122490
v 1.013965 0.415262 1.106665
v 0.991734 0.420663 1.146339
v 0.976814 0.376051 1.194330
v 0.954826 0.375954 1.211236
v 0.933999 0.366469 1.217420
v 0.901240 0.322207 1.182278
v 0.837561 0.364889 0.935415
v 0.835004 0.471789 0.992465
v 0.850553 0.508999 0.975056
v 0.865105 0.373168 0.910942
v 0.886242 0.414481 0.910046
v 0.864866 0.531752 0.957608
v 0.883624 0.545522 0.939229
v 0.905753 0.427585 0.899105
v 0.928706 0.418906 0.902910
v 0.901458 0.549942 0.934468
v 0.924399 0.564458 0.924054
v 0.950290 0.417156 0.909090
v 0.924888 0.267162 0.943451
v 0.940217 0.257290 0.951280
v 0.892112 0.240777 0.941966
v 0.910341 0.282270 0.947798
v 0.855632 0.250781 0.953612
v 0.875473 0.237902 0.943251
v 0.963933 0.271160 0.961811
v 0.984428 0.259921 0.970762
v 0.855247 0.249432 1.110324
v 0.843373 0.240746 1.048214
v 0.840379 0.232691 0.984386
v 1.020366 0.340050 1.292081
v 1.045940 0.449793 1.276262
v 1.041529 0.437021 1.314051
v 1.024832 0.336623 1.388635
v 0.857231 0.409255 1.442332
v 0.889385 0.581125 1.407063
v 0.874041 0.533179 1.407651
v 0.822912 0.402301 1.426095
v 0.830744 0.417067 1.320164
v 0.862691 0.591568 1.319506
v 0.836188 0.524364 1.236111
v 0.806028 0.412008 1.237042
v 0.970947 0.339224 1.192494
v 0.982330 0.456390 1.186102
v 1.012142 0.388472 1.217546
v 0.997616 0.314132 1.215834
v 0.862517 0.260375 1.344867
v 0.837130 0.231896 1.329973
v 0.835360 0.199652 1.258573
v 0.855239 0.176973 1.255117
v 1.010561 0.539618 1.280506
v 0.881216 0.640266 1.319559
v 0.902199 0.690264 1.324187
v 0.915781 0.586903 1.165881
v 0.860561 0.531987 1.201011
v 0.918047 0.724204 1.325428
v 0.956587 0.689731 1.302799
v 0.947400 0.576068 1.166130
v 0.926640 0.572258 1.160880
v 0.985094 0.644830 1.285306
v 1.003324 0.601993 1.281834
v 0.966562 0.520013 1.183201
v 0.961357 0.560129 1.173654
v 0.972610 0.225917 1.331088
v 0.950947 0.233896 1.346481
v 0.940690 0.222989 1.252087
v 0.961664 0.235611 1.252510
v 0.934056 0.219402 1.337919
v 0.917768 0.230761 1.342677
v 0.906814 0.204828 1.252494
v 0.923632 0.213317 1.251584
v 0.899320 0.210116 1.332714
v 0.882969 0.222420 1.334288
v 0.874642 0.168533 1.246155
v 0.891637 0.181350 1.247661
v 0.832887 0.430461 1.219703
v 0.855314 0.430717 1.191572
v 0.865068 0.376831 1.159695
v 0.884822 0.373768 1.143276
v 0.905514 0.362845 1.139443
v 0.937613 0.321613 1.180353
v 1.003196 0.370926 1.416584
v 1.009623 0.492472 1.327558
v 0.992149 0.537114 1.351909
v 0.974715 0.379952 1.445689
v 0.954338 0.426269 1.439070
v 0.977216 0.562743 1.372148
v 0.958225 0.576738 1.391813
v 0.934264 0.440617 1.452013
v 0.910770 0.433175 1.449930
v 0.940410 0.583554 1.394559
v 0.917677 0.597696 1.403908
v 0.888905 0.433306 1.443680
v 0.912986 0.268919 1.425222
v 0.896436 0.258741 1.418392
v 0.946063 0.241217 1.427650
v 0.927886 0.284864 1.419896
v 0.982569 0.251299 1.415912
v 0.962721 0.238186 1.426481
v 0.871753 0.273666 1.407138
v 0.849090 0.261837 1.398925
v 0.983135 0.250059 1.259883
v 0.994766 0.241186 1.321780
v 0.997812 0.232845 1.385463
v 0.820759 0.340343 1.553479
v 0.800734 0.449720 1.545958
v 0.820443 0.437413 1.473097
v 0.823956 0.335132 1.452311
v 1.009948 0.397689 1.448164
v 0.986972 0.564895 1.453515
v 0.997616 0.518727 1.463915
v 1.034037 0.391286 1.490191
v 1.015040 0.407148 1.567332
v 0.989948 0.567262 1.540998
v 1.002140 0.508915 1.627203
v 1.032889 0.403407 1.633816
v 0.868674 0.339950 1.660291
v 0.857009 0.460324 1.655977
v 0.828110 0.391372 1.629284
v 0.840802 0.314547 1.637027
v 0.980229 0.258489 1.517497
v 1.004542 0.230350 1.533538
v 1.003845 0.199149 1.596863
v 0.983599 0.176781 1.598852
v 0.834837 0.531505 1.548747
v 0.974106 0.607159 1.530039
v 0.951629 0.644915 1.517908
v 0.915586 0.580952 1.669993
v 0.974234 0.519585 1.653397
v 0.934001 0.667333 1.513869
v 0.891144 0.650901 1.530225
v 0.884763 0.574633 1.664605
v 0.904944 0.569675 1.673479
v 0.859726 0.620293 1.544738
v 0.841127 0.586359 1.547843
v 0.868553 0.521182 1.652422
v 0.871823 0.560023 1.657269
v 0.867432 0.225445 1.521741
v 0.890128 0.233071 1.507407
v 0.898040 0.222618 1.601496
v 0.876920 0.235213 1.601240
v 0.907235 0.218483 1.516562
v 0.923896 0.229642 1.513495
v 0.931941 0.204554 1.601049
v 0.915143 0.212987 1.601941
v 0.941693 0.209199 1.523162
v 0.958598 0.221252 1.523284
v 0.963934 0.168436 1.607487
v 0.947060 0.181212 1.605863
v 1.004925 0.421966 1.644973
v 0.980919 0.424213 1.667413
v 0.970738 0.372997 1.697793
v 0.951060 0.371492 1.712614
v 0.931452 0.361890 1.716068
v 0.900666 0.320784 1.673818
v 0.853105 0.367963 1.422440
v 0.848360 0.486735 1.487998
v 0.867471 0.526529 1.476454
v 0.885404 0.375753 1.404205
v 0.914410 0.420028 1.417228
v 0.885301 0.549694 1.462791
v 0.908445 0.563094 1.449219
v 0.938736 0.432983 1.410311
v 0.963832 0.423327 1.419264
v 0.927814 0.568549 1.450543
v 0.954542 0.582063 1.445537
v 0.987497 0.421307 1.430220
v 0.934453 0.265495 1.443124
v 0.949904 0.255594 1.450578
v 0.898808 0.239029 1.431493
v 0.920739 0.281154 1.447520
v 0.861782 0.249490 1.439029
v 0.881631 0.236257 1.430635
v 0.975062 0.270052 1.467835
v 0.996343 0.258649 1.475538
v 0.855255 0.249717 1.593961
v 0.844793 0.240862 1.530871
v 0.844060 0.231874 1.467028
v 0.481603 0.772605 0.219137
v 0.493162 0.767817 0.219137
v 0.493162 0.764657 0.203254
v 0.481603 0.769081 0.201422
v 0.421274 0.726312 0.219137
v 0.422907 0.738716 0.219137
v 0.422907 0.737772 0.214391
v 0.510704 0.750275 0.219137
v 0.515492 0.738716 0.219137
v 0.515492 0.737772 0.214391
v 0.510704 0.748451 0.209967
v 0.435311 0.760201 0.219137
v 0.445236 0.767817 0.219137
v 0.445236 0.764657 0.203254
v 0.435311 0.757621 0.206169
v 0.469199 0.774238 0.219137
v 0.469199 0.770589 0.200797
v 0.503088 0.760201 0.219137
v 0.503088 0.757621 0.206169
v 0.427694 0.750275 0.219137
v 0.427694 0.748451 0.209967
v 0.456795 0.772605 0.219137
v 0.456795 0.769081 0.201422
v 0.517125 0.726312 0.219137
v 0.510704 0.743256 0.202193
v 0.503088 0.750275 0.195175
v 0.435311 0.750275 0.195175
v 0.427694 0.743256 0.202193
v 0.469199 0.760201 0.185249
v 0.456795 0.759046 0.186404
v 0.493162 0.755660 0.189789
v 0.422907 0.735083 0.210366
v 0.515492 0.735083 0.210366
v 0.445236 0.755660 0.189789
v 0.481603 0.759046 0.186404
v 0.422907 0.731059 0.207678
v 0.515492 0.731059 0.207678
v 0.510704 0.735482 0.196999
v 0.445236 0.742195 0.180792
v 0.435311 0.739281 0.187828
v 0.481603 0.744027 0.176369
v 0.469199 0.744652 0.174860
v 0.503088 0.739281 0.187828
v 0.427694 0.735482 0.196999
v 0.456795 0.744027 0.176369
v 0.493162 0.742195 0.180792
v 0.503088 0.726312 0.185249
v 0.493162 0.726312 0.177633
v 0.427694 0.726312 0.195175
v 0.422907 0.726312 0.206733
v 0.515492 0.726312 0.206733
v 0.456795 0.726312 0.172845
v 0.445236 0.726312 0.177633
v 0.481603 0.726312 0.172845
v 0.510704 0.726312 0.195175
v 0.435311 0.726312 0.185249
v 0.469199 0.726312 0.171212
v 0.510704 0.717142 0.196999
v 0.503088 0.713343 0.187828
v 0.435311 0.713343 0.187828
v 0.427694 0.717142 0.196999
v 0.469199 0.707972 0.174860
v 0.456795 0.708597 0.176369
v 0.493162 0.710429 0.180792
v 0.422907 0.721565 0.207678
v 0.515492 0.721565 0.207678
v 0.445236 0.710429 0.180792
v 0.481603 0.708597 0.176369
v 0.493162 0.696964 0.189789
v 0.481603 0.693578 0.186404
v 0.422907 0.717541 0.210366
v 0.515492 0.717541 0.210366
v 0.510704 0.709368 0.202193
v 0.445236 0.696964 0.189789
v 0.435311 0.702349 0.195175
v 0.469199 0.692423 0.185249
v 0.503088 0.702349 0.195175
v 0.427694 0.709368 0.202193
v 0.456795 0.693578 0.186404
v 0.503088 0.695003 0.206169
v 0.493162 0.687967 0.203254
v 0.427694 0.704173 0.209967
v 0.422907 0.714852 0.214391
v 0.515492 0.714852 0.214391
v 0.456795 0.683543 0.201422
v 0.445236 0.687967 0.203254
v 0.481603 0.683543 0.201422
v 0.510704 0.704173 0.209967
v 0.435311 0.695003 0.206169
v 0.469199 0.682034 0.200797
v 0.481603 0.680019 0.219137
v 0.469199 0.678386 0.219137
v 0.510704 0.702349 0.219137
v 0.503088 0.692423 0.219137
v 0.435311 0.692423 0.219137
v 0.427694 0.702349 0.219137
v 0.456795 0.680019 0.219137
v 0.493162 0.684807 0.219137
v 0.422907 0.713908 0.219137
v 0.515492 0.713908 0.219137
v 0.445236 0.684807 0.219137
v 0.493162 0.687967 0.235021
v 0.481603 0.683543 0.236853
v 0.422907 0.714852 0.223884
v 0.515492 0.714852 0.223884
v 0.510704 0.704173 0.228308
v 0.445236 0.687967 0.235021
v 0.435311 0.695003 0.232106
v 0.469199 0.682034 0.237478
v 0.503088 0.695003 0.232106
v 0.427694 0.704173 0.228308
v 0.456795 0.683543 0.236853
v 0.469199 0.692423 0.253026
v 0.456795 0.693578 0.251871
v 0.503088 0.702349 0.243100
v 0.493162 0.696964 0.248486
v 0.427694 0.709368 0.236082
v 0.422907 0.717541 0.227908
v 0.515492 0.717541 0.227908
v 0.445236 0.696964 0.248486
v 0.481603 0.693578 0.251871
v 0.510704 0.709368 0.236082
v 0.435311 0.702349 0.243100
v 0.481603 0.708597 0.261906
v 0.469199 0.707972 0.263415
v 0.510704 0.717142 0.241276
v 0.503088 0.713343 0.250446
v 0.435311 0.713343 0.250446
v 0.427694 0.717142 0.241276
v 0.456795 0.708597 0.261906
v 0.493162 0.710429 0.257483
v 0.422907 0.721565 0.230597
v 0.515492 0.721565 0.230597
v 0.445236 0.710429 0.257483
v 0.456795 0.726312 0.265430
v 0.445236 0.726312 0.260642
v 0.493162 0.726312 0.260642
v 0.481603 0.726312 0.265430
v 0.422907 0.726312 0.231541
v 0.515492 0.726312 0.231541
v 0.510704 0.726312 0.243100
v 0.435311 0.726312 0.253026
v 0.469199 0.726312 0.267063
v 0.503088 0.726312 0.253026
v 0.427694 0.726312 0.243100
v 0.469199 0.744652 0.263415
v 0.456795 0.744027 0.261906
v 0.503088 0.739281 0.250446
v 0.493162 0.742195 0.257483
v 0.427694 0.735482 0.241276
v 0.422907 0.731059 0.230597
v 0.515492 0.731059 0.230597
v 0.445236 0.742195 0.257483
v 0.481603 0.744027 0.261906
v 0.510704 0.735482 0.241276
v 0.435311 0.739281 0.250446
v 0.445236 0.755660 0.248486
v 0.435311 0.750275 0.243100
v 0.481603 0.759046 0.251871
v 0.469199 0.760201 0.253026
v 0.510704 0.743256 0.236082
v 0.503088 0.750275 0.243100
v 0.427694 0.743256 0.236082
v 0.456795 0.759046 0.251871
v 0.493162 0.755660 0.248486
v 0.422907 0.735083 0.227908
v 0.515492 0.735083 0.227908
v 0.515492 0.737772 0.223884
v 0.456795 0.769081 0.236853
v 0.445236 0.764657 0.235021
v 0.493162 0.764657 0.235021
v 0.481603 0.769081 0.236853
v 0.422907 0.737772 0.223884
v 0.510704 0.748451 0.228308
v 0.435311 0.757621 0.232106
v 0.469199 0.770589 0.237478
v 0.503088 0.757621 0.232106
v 0.427694 0.748451 0.228308
v 0.827702 0.217892 2.289349
v 0.827702 2.242913 2.289350
v 0.831108 2.242913 2.309484
v 0.831108 0.217892 2.309484
v 0.826550 2.242913 2.329391
v 0.826550 0.217892 2.329390
v 0.814720 2.242913 2.346037
v 0.814720 0.217892 2.346037
v 0.797421 2.242913 2.356889
v 0.797421 0.217892 2.356889
v 0.777286 2.242913 2.360296
v 0.777286 0.217892 2.360296
v 0.757380 2.242913 2.355737
v 0.757380 0.217892 2.355737
v 0.740733 2.242913 2.343909
v 0.740733 0.217892 2.343908
v 0.729881 2.242913 2.326609
v 0.729881 0.217892 2.326609
v 0.726475 2.242913 2.306473
v 0.726475 0.217892 2.306473
v 0.731033 2.242913 2.286567
v 0.731033 0.217892 2.286567
v 0.742862 2.242913 2.269922
v 0.742862 0.217892 2.269921
v 0.760161 2.242913 2.259068
v 0.760161 0.217892 2.259068
v 0.780297 2.242913 2.255662
v 0.780297 0.217892 2.255662
v 0.800203 2.242913 2.260221
v 0.800203 0.217892 2.260221
v 0.816849 2.242913 2.272050
v 0.816849 0.217892 2.272050
v 0.792250 0.182953 2.358859
v 0.808633 0.176764 2.348355
v 0.754990 0.182953 2.261038
v 0.774209 0.176764 2.257981
v 0.756543 0.139662 2.264710
v 0.739982 0.151434 2.266754
v 0.723515 0.197896 2.307601
v 0.727103 0.199127 2.327667
v 0.793339 0.171517 2.262835
v 0.819686 0.171517 2.332005
v 0.823725 0.168011 2.312296
v 0.737774 0.197896 2.345035
v 0.753901 0.194390 2.357062
v 0.738607 0.189143 2.271542
v 0.773031 0.189143 2.361916
v 0.727554 0.194390 2.287892
v 0.809466 0.168011 2.274862
v 0.820136 0.166780 2.292230
v 0.717459 0.173188 2.291737
v 0.726257 0.163207 2.276245
v 0.707023 0.142625 2.283571
v 0.701735 0.156362 2.297726
v 0.743806 0.173188 2.360907
v 0.760681 0.163207 2.366620
v 0.773418 0.129681 2.270422
v 0.729184 0.179856 2.348307
v 0.788040 0.123012 2.283023
v 0.719043 0.182198 2.330737
v 0.802299 0.123012 2.320457
v 0.798181 0.120671 2.300593
v 0.714925 0.179856 2.310872
v 0.799765 0.129681 2.339592
v 0.790966 0.139662 2.355084
v 0.777242 0.151434 2.364575
v 0.763985 0.084078 2.313618
v 0.768926 0.087301 2.333169
v 0.726875 0.064373 2.349186
v 0.720896 0.060584 2.330030
v 0.753867 0.126421 2.373479
v 0.763450 0.110217 2.365565
v 0.716606 0.126421 2.275658
v 0.741447 0.142625 2.373946
v 0.729026 0.110217 2.275190
v 0.728082 0.156362 2.366896
v 0.742392 0.096480 2.282240
v 0.715806 0.165540 2.353402
v 0.754668 0.087301 2.295734
v 0.706488 0.168764 2.335519
v 0.701547 0.165540 2.315968
v 0.768739 0.096480 2.351410
v 0.717210 0.129410 2.383178
v 0.708268 0.145559 2.374443
v 0.686305 0.141836 2.382809
v 0.690343 0.124856 2.393411
v 0.712616 0.064373 2.311751
v 0.684689 0.156349 2.322389
v 0.690668 0.160138 2.341544
v 0.729643 0.075164 2.366302
v 0.681921 0.145559 2.305273
v 0.728778 0.091312 2.378772
v 0.682786 0.129410 2.292803
v 0.724412 0.110361 2.384698
v 0.687152 0.110361 2.286877
v 0.694354 0.091312 2.288397
v 0.703296 0.075164 2.297132
v 0.698948 0.156349 2.359823
v 0.659958 0.141836 2.313639
v 0.655919 0.124856 2.303036
v 0.586559 0.124857 2.329456
v 0.590598 0.141836 2.340058
v 0.659958 0.067819 2.313639
v 0.655919 0.084798 2.303036
v 0.680261 0.153182 2.366941
v 0.666002 0.056473 2.329507
v 0.673131 0.157166 2.348224
v 0.680261 0.056473 2.366941
v 0.673131 0.052489 2.348224
v 0.666002 0.153182 2.329507
v 0.686305 0.067819 2.382809
v 0.690343 0.084798 2.393411
v 0.691761 0.104827 2.397134
v 0.654501 0.104827 2.299314
v 0.590028 0.120819 2.338564
v 0.588896 0.104827 2.335591
v 0.660800 0.104827 2.308203
v 0.661932 0.120819 2.311176
v 0.622401 0.104827 2.423554
v 0.620983 0.084798 2.419831
v 0.585141 0.104827 2.325733
v 0.620983 0.124857 2.419831
v 0.586559 0.084798 2.329456
v 0.616944 0.141836 2.409228
v 0.590598 0.067819 2.340058
v 0.610900 0.153182 2.393360
v 0.596642 0.056473 2.355926
v 0.603771 0.157166 2.374643
v 0.610900 0.056473 2.393360
v 0.603771 0.052489 2.374643
v 0.596642 0.153182 2.355926
v 0.616944 0.067819 2.409228
v 0.609463 0.066219 2.389588
v 0.603771 0.063039 2.374643
v 0.603771 0.052489 2.374643
v 0.610900 0.056473 2.393360
v 0.614289 0.075278 2.402257
v 0.616944 0.067819 2.409228
v 0.617514 0.088836 2.410722
v 0.620983 0.084798 2.419831
v 0.618646 0.104827 2.413695
v 0.622401 0.104827 2.423554
v 0.617513 0.120819 2.410722
v 0.620983 0.124857 2.419831
v 0.614289 0.134377 2.402257
v 0.616944 0.141836 2.409228
v 0.609463 0.143435 2.389588
v 0.610900 0.153182 2.393360
v 0.603771 0.146617 2.374643
v 0.603771 0.157166 2.374643
v 0.598079 0.143435 2.359699
v 0.596642 0.153182 2.355926
v 0.593253 0.134377 2.347029
v 0.590598 0.141836 2.340058
v 0.590028 0.120819 2.338564
v 0.586559 0.124857 2.329456
v 0.588896 0.104827 2.335591
v 0.585141 0.104827 2.325733
v 0.590028 0.088836 2.338564
v 0.586559 0.084798 2.329456
v 0.593253 0.075278 2.347029
v 0.590598 0.067819 2.340058
v 0.598079 0.066219 2.359699
v 0.596642 0.056473 2.355926
v 0.618646 0.104827 2.413695
v 0.617513 0.120819 2.410722
v 0.689417 0.120819 2.383334
v 0.690550 0.104827 2.386307
v 0.590028 0.088836 2.338564
v 0.661932 0.088835 2.311176
v 0.614289 0.134377 2.402257
v 0.686193 0.134377 2.374869
v 0.593253 0.075278 2.347029
v 0.665157 0.075278 2.319641
v 0.609463 0.143435 2.389588
v 0.681367 0.143435 2.362200
v 0.598079 0.066219 2.359699
v 0.669982 0.066219 2.332310
v 0.603771 0.146617 2.374643
v 0.675675 0.146616 2.347255
v 0.603771 0.063039 2.374643
v 0.609463 0.066219 2.389588
v 0.681367 0.066219 2.362200
v 0.675675 0.063038 2.347255
v 0.598079 0.143435 2.359699
v 0.669983 0.143435 2.332310
v 0.614289 0.075278 2.402257
v 0.686193 0.075278 2.374869
v 0.593253 0.134377 2.347029
v 0.665157 0.134377 2.319641
v 0.617514 0.088836 2.410722
v 0.689417 0.088835 2.383334
v 0.827787 0.217892 -2.271588
v 0.827787 2.242914 -2.271588
v 0.817014 2.242914 -2.254239
v 0.817014 0.217892 -2.254239
v 0.800422 2.242914 -2.242332
v 0.800422 0.217892 -2.242333
v 0.780537 2.242914 -2.237683
v 0.780537 0.217892 -2.237683
v 0.760386 2.242914 -2.240997
v 0.760386 0.217892 -2.240997
v 0.743037 2.242914 -2.251770
v 0.743038 0.217892 -2.251770
v 0.731132 2.242914 -2.268362
v 0.731132 0.217892 -2.268362
v 0.726482 2.242914 -2.288245
v 0.726482 0.217892 -2.288246
v 0.729795 2.242914 -2.308397
v 0.729795 0.217892 -2.308397
v 0.740568 2.242914 -2.325746
v 0.740568 0.217892 -2.325746
v 0.757160 2.242914 -2.337651
v 0.757160 0.217892 -2.337652
v 0.777045 2.242914 -2.342302
v 0.777045 0.217892 -2.342302
v 0.797196 2.242914 -2.338988
v 0.797196 0.217892 -2.338988
v 0.814545 2.242914 -2.328216
v 0.814545 0.217892 -2.328216
v 0.826450 2.242914 -2.311624
v 0.826450 0.217892 -2.311624
v 0.831100 2.242914 -2.291739
v 0.831100 0.217892 -2.291739
v 0.755206 0.182953 -2.242943
v 0.774439 0.176764 -2.239974
v 0.792015 0.182953 -2.340934
v 0.808447 0.176764 -2.330506
v 0.790749 0.139662 -2.337154
v 0.776981 0.151434 -2.346582
v 0.737603 0.197896 -2.326860
v 0.727013 0.199127 -2.309443
v 0.819574 0.171517 -2.314207
v 0.793546 0.171517 -2.244916
v 0.809618 0.168011 -2.257017
v 0.723517 0.197896 -2.289361
v 0.727647 0.194390 -2.269671
v 0.772782 0.189143 -2.343903
v 0.738775 0.189143 -2.253371
v 0.753675 0.194390 -2.338961
v 0.823704 0.168011 -2.294517
v 0.820208 0.166780 -2.274435
v 0.743562 0.173188 -2.342760
v 0.760412 0.163207 -2.348550
v 0.741144 0.142625 -2.355788
v 0.727811 0.156362 -2.348677
v 0.717534 0.173188 -2.273470
v 0.726404 0.163207 -2.258018
v 0.799619 0.129681 -2.321703
v 0.714913 0.179856 -2.292593
v 0.802241 0.123012 -2.302580
v 0.718938 0.182198 -2.312476
v 0.788155 0.123012 -2.265080
v 0.798215 0.120671 -2.282696
v 0.728999 0.179856 -2.330092
v 0.773591 0.129681 -2.252412
v 0.756742 0.139662 -2.246622
v 0.740172 0.151434 -2.248591
v 0.763960 0.084078 -2.295564
v 0.754724 0.087301 -2.277638
v 0.712600 0.064373 -2.293462
v 0.720796 0.060584 -2.311779
v 0.716756 0.126421 -2.257387
v 0.729178 0.110217 -2.256977
v 0.753566 0.126421 -2.355378
v 0.707136 0.142625 -2.265256
v 0.763186 0.110217 -2.347509
v 0.701783 0.156362 -2.279387
v 0.768539 0.096480 -2.333378
v 0.701511 0.165540 -2.297627
v 0.768811 0.087301 -2.315138
v 0.706362 0.168764 -2.317200
v 0.715597 0.165540 -2.335127
v 0.742511 0.096480 -2.264088
v 0.682857 0.129410 -2.274377
v 0.681935 0.145559 -2.286843
v 0.659934 0.141836 -2.295107
v 0.655944 0.124856 -2.284487
v 0.726686 0.064373 -2.330961
v 0.698710 0.156349 -2.341470
v 0.690515 0.160138 -2.323153
v 0.703347 0.075164 -2.278799
v 0.707963 0.145559 -2.356133
v 0.694445 0.091312 -2.270024
v 0.716865 0.129410 -2.364909
v 0.687250 0.110361 -2.268471
v 0.724060 0.110361 -2.366462
v 0.728453 0.091312 -2.360556
v 0.729375 0.075164 -2.348090
v 0.684624 0.156349 -2.303971
v 0.685962 0.141836 -2.364398
v 0.689951 0.124856 -2.375019
v 0.620470 0.124857 -2.401119
v 0.616481 0.141836 -2.390498
v 0.685962 0.067819 -2.364398
v 0.689951 0.084798 -2.375019
v 0.665905 0.153182 -2.311003
v 0.679991 0.056473 -2.348502
v 0.672948 0.157166 -2.329753
v 0.665904 0.056473 -2.311003
v 0.672948 0.052489 -2.329753
v 0.679991 0.153182 -2.348502
v 0.659933 0.067819 -2.295107
v 0.655944 0.084798 -2.284487
v 0.654543 0.104827 -2.280757
v 0.691352 0.104827 -2.378748
v 0.617043 0.120819 -2.391995
v 0.618161 0.104827 -2.394973
v 0.690191 0.104827 -2.367915
v 0.689072 0.120819 -2.364938
v 0.585062 0.104827 -2.306857
v 0.586463 0.084798 -2.310586
v 0.621871 0.104827 -2.404848
v 0.586463 0.124857 -2.310586
v 0.620470 0.084798 -2.401119
v 0.590452 0.141836 -2.321207
v 0.616480 0.067819 -2.390498
v 0.596423 0.153182 -2.337103
v 0.610510 0.056473 -2.374602
v 0.603467 0.157166 -2.355852
v 0.596423 0.056473 -2.337103
v 0.603466 0.052489 -2.355853
v 0.610510 0.153182 -2.374602
v 0.590452 0.067819 -2.321207
v 0.597843 0.066219 -2.340882
v 0.603466 0.063039 -2.355852
v 0.603466 0.052489 -2.355853
v 0.596423 0.056473 -2.337103
v 0.593075 0.075278 -2.328191
v 0.590452 0.067819 -2.321207
v 0.589890 0.088836 -2.319710
v 0.586463 0.084798 -2.310586
v 0.588771 0.104827 -2.316733
v 0.585062 0.104827 -2.306857
v 0.589890 0.120819 -2.319710
v 0.586463 0.124857 -2.310586
v 0.593076 0.134377 -2.328191
v 0.590452 0.141836 -2.321207
v 0.597843 0.143435 -2.340882
v 0.596423 0.153182 -2.337103
v 0.603467 0.146617 -2.355852
v 0.603467 0.157166 -2.355852
v 0.609090 0.143435 -2.370823
v 0.610510 0.153182 -2.374602
v 0.613857 0.134377 -2.383515
v 0.616481 0.141836 -2.390498
v 0.617043 0.120819 -2.391995
v 0.620470 0.124857 -2.401119
v 0.618161 0.104827 -2.394973
v 0.621871 0.104827 -2.404848
v 0.617043 0.088836 -2.391995
v 0.620470 0.084798 -2.401119
v 0.613857 0.075278 -2.383515
v 0.616480 0.067819 -2.390498
v 0.609090 0.066219 -2.370823
v 0.610510 0.056473 -2.374602
v 0.588771 0.104827 -2.316733
v 0.589890 0.120819 -2.319710
v 0.661919 0.120819 -2.292653
v 0.660801 0.104827 -2.289675
v 0.617043 0.088836 -2.391995
v 0.689072 0.088835 -2.364938
v 0.593076 0.134377 -2.328191
v 0.665105 0.134377 -2.301133
v 0.613857 0.075278 -2.383515
v 0.685887 0.075278 -2.356457
v 0.597843 0.143435 -2.340882
v 0.669872 0.143435 -2.313825
v 0.609090 0.066219 -2.370823
v 0.681119 0.066219 -2.343766
v 0.603467 0.146617 -2.355852
v 0.675496 0.146616 -2.328795
v 0.603466 0.063039 -2.355852
v 0.597843 0.066219 -2.340882
v 0.669872 0.066219 -2.313825
v 0.675496 0.063038 -2.328795
v 0.609090 0.143435 -2.370823
v 0.681119 0.143435 -2.343766
v 0.593075 0.075278 -2.328191
v 0.665105 0.075278 -2.301133
v 0.613857 0.134377 -2.383515
v 0.685887 0.134377 -2.356457
v 0.589890 0.088836 -2.319710
v 0.661919 0.088835 -2.292653
v -1.371890 2.215998 0.656074
v -1.371890 2.215998 -0.657848
vt 0.842500 0.780356
vt 0.842500 0.780356
vt 0.842500 0.780356
vt 0.842500 0.780356
vt 0.842500 0.780356
vt 0.842500 0.780356
vt 0.842500 0.780356
vt 0.842500 0.780356
vt 0.842500 0.780356
vt 0.842500 0.780356
vt 0.842500 0.780356
vt 0.842500 0.780356
vt 0.842500 0.780356
vt 0.842500 0.780356
vt 0.842500 0.780356
vt 0.842500 0.780356
vt 0.414121 0.776767
vt 0.414121 0.776767
vt 0.414121 0.776767
vt 0.414121 0.776767
vt 0.286310 0.777183
vt 0.286310 0.777183
vt 0.286310 0.777183
vt 0.286310 0.777183
vt 0.036725 0.032296
vt 0.036725 0.032296
vt 0.036725 0.032296
vt 0.036725 0.032296
vt 0.286310 0.777183
vt 0.286310 0.777183
vt 0.286310 0.777183
vt 0.286310 0.777183
vt 0.286310 0.777183
vt 0.286310 0.777183
vt 0.286310 0.777183
vt 0.286310 0.777183
vt 0.286310 0.777183
vt 0.414121 0.776767
vt 0.414121 0.776767
vt 0.414121 0.776767
vt 0.414121 0.776767
vt 0.286310 0.777183
vt 0.286310 0.777183
vt 0.286310 0.777183
vt 0.286310 0.777183
vt 0.414121 0.776767
vt 0.414121 0.776767
vt 0.414121 0.776767
vt 0.414121 0.776767
vt 0.414121 0.776767
vt 0.414121 0.776767
vt 0.414121 0.776767
vt 0.414121 0.776767
vt 0.286310 0.777183
vt 0.286310 0.777183
vt 0.286310 0.777183
vt 0.286310 0.777183
vt 0.286310 0.777183
vt 0.286310 0.777183
vt 0.286310 0.777183
vt 0.286310 0.777183
vt 0.286310 0.777183
vt 0.286310 0.777183
vt 0.286310 0.777183
vt 0.286310 0.777183
vt 0.286310 0.777183
vt 0.286310 0.777183
vt 0.286310 0.777183
vt 0.286310 0.777183
vt 0.286310 0.777183
vt 0.414121 0.776767
vt 0.414121 0.776767
vt 0.395757 0.770585
vt 0.395757 0.770585
vt 0.395757 0.770585
vt 0.395757 0.770585
vt 0.286310 0.777183
vt 0.286310 0.777183
vt 0.286310 0.777183
vt 0.286310 0.777183
vt 0.286310 0.777183
vt 0.286310 0.777183
vt 0.286310 0.777183
vt 0.286310 0.777183
vt 0.286310 0.777183
vt 0.286310 0.777183
vt 0.286310 0.777183
vt 0.286310 0.777183
vt 0.286310 0.777183
vt 0.286310 0.777183
vt 0.286310 0.777183
vt 0.286310 0.777183
vt 0.286310 0.777183
vt 0.395757 0.770585
vt 0.395757 0.770585
vt 0.395757 0.770585
vt 0.395757 0.770585
vt 0.286310 0.777183
vt 0.286310 0.777183
vt 0.286310 0.777183
vt 0.286310 0.777183
vt 0.286310 0.777183
vt 0.286310 0.777183
vt 0.286310 0.777183
vt 0.286310 0.777183
vt 0.286310 0.777183
vt 0.395757 0.770585
vt 0.395757 0.770585
vt 0.395757 0.770585
vt 0.395757 0.770585
vt 0.286310 0.777183
vt 0.286310 0.777183
vt 0.286310 0.777183
vt 0.286310 0.777183
vt 0.286310 0.777183
vt 0.286310 0.777183
vt 0.395757 0.770585
vt 0.395757 0.770585
vt 0.395757 0.770585
vt 0.395757 0.770585
vt 0.286310 0.777183
vt 0.286310 0.777183
vt 0.286310 0.777183
vt 0.286310 0.777183
vt 0.286310 0.777183
vt 0.286310 0.777183
vt 0.286310 0.777183
vt 0.286310 0.777183
vt 0.414121 0.776767
vt 0.414121 0.776767
vt 0.286310 0.777183
vt 0.286310 0.777183
vt 0.414121 0.776767
vt 0.414121 0.776767
vt 0.286310 0.777183
vt 0.395757 0.770585
vt 0.395757 0.770585
vt 0.395757 0.770585
vt 0.395757 0.770585
vt 0.395757 0.770585
vt 0.395757 0.770585
vt 0.286310 0.777183
vt 0.286310 0.777183
vt 0.286310 0.777183
vt 0.286310 0.777183
vt 0.395757 0.770585
vt 0.395757 0.770585
vt 0.395757 0.770585
vt 0.395757 0.770585
vt 0.286310 0.777183
vt 0.286310 0.777183
vt 0.286310 0.777183
vt 0.395757 0.770585
vt 0.395757 0.770585
vt 0.395757 0.770585
vt 0.395757 0.770585
vt 0.286310 0.777183
vt 0.286310 0.777183
vt 0.286310 0.777183
vt 0.286310 0.777183
vt 0.286310 0.777183
vt 0.286310 0.777183
vt 0.286310 0.777183
vt 0.286310 0.777183
vt 0.414121 0.776767
vt 0.414121 0.776767
vt 0.414121 0.776767
vt 0.414121 0.776767
vt 0.286310 0.777183
vt 0.286310 0.777183
vt 0.286310 0.777183
vt 0.286310 0.777183
vt 0.286310 0.777183
vt 0.286310 0.777183
vt 0.286310 0.777183
vt 0.286310 0.777183
vt 0.286310 0.777183
vt 0.286310 0.777183
vt 0.286310 0.777183
vt 0.286310 0.777183
vt 0.286310 0.777183
vt 0.286310 0.777183
vt 0.395757 0.770585
vt 0.395757 0.770585
vt 0.395757 0.770585
vt 0.395757 0.770585
vt 0.395757 0.770585
vt 0.395757 0.770585
vt 0.395757 0.770585
vt 0.395757 0.770585
vt 0.286310 0.777183
vt 0.395757 0.770585
vt 0.395757 0.770585
vt 0.395757 0.770585
vt 0.395757 0.770585
vt 0.395757 0.770585
vt 0.395757 0.770585
vt 0.395757 0.770585
vt 0.395757 0.770585
vt 0.395757 0.770585
vt 0.395757 0.770585
vt 0.395757 0.770585
vt 0.395757 0.770585
vt 0.286310 0.777183
vt 0.286310 0.777183
vt 0.286310 0.777183
vt 0.286310 0.777183
vt 0.286310 0.777183
vt 0.286310 0.777183
vt 0.286310 0.777183
vt 0.286310 0.777183
vt 0.286310 0.777183
vt 0.286310 0.777183
vt 0.286310 0.777183
vt 0.286310 0.777183
vt 0.286310 0.777183
vt 0.286310 0.777183
vt 0.286310 0.777183
vt 0.286310 0.777183
vt 0.286310 0.777183
vt 0.286310 0.777183
vt 0.286310 0.777183
vt 0.286310 0.777183
vt 0.286310 0.777183
vt 0.286310 0.777183
vt 0.161060 0.779293
vt 0.161060 0.779293
vt 0.161060 0.779293
vt 0.161060 0.779293
vt 0.286310 0.777183
vt 0.286310 0.777183
vt 0.286310 0.777183
vt 0.286310 0.777183
vt 0.161060 0.779293
vt 0.161060 0.779293
vt 0.161060 0.779293
vt 0.161060 0.779293
vt 0.286310 0.777183
vt 0.286310 0.777183
vt 0.286310 0.777183
vt 0.286310 0.777183
vt 0.286310 0.777183
vt 0.286310 0.777183
vt 0.161060 0.779293
vt 0.161060 0.779293
vt 0.161060 0.779293
vt 0.161060 0.779293
vt 0.414121 0.776767
vt 0.414121 0.776767
vt 0.414121 0.776767
vt 0.414121 0.776767
vt 0.286310 0.777183
vt 0.286310 0.777183
vt 0.286310 0.777183
vt 0.161060 0.779293
vt 0.161060 0.779293
vt 0.161060 0.779293
vt 0.161060 0.779293
vt 0.286310 0.777183
vt 0.286310 0.777183
vt 0.414121 0.776767
vt 0.414121 0.776767
vt 0.414121 0.776767
vt 0.414121 0.776767
vt 0.414121 0.776767
vt 0.414121 0.776767
vt 0.161060 0.779293
vt 0.161060 0.779293
vt 0.161060 0.779293
vt 0.161060 0.779293
vt 0.161060 0.779293
vt 0.161060 0.779293
vt 0.286310 0.777183
vt 0.286310 0.777183
vt 0.036725 0.032296
vt 0.036725 0.032296
vt 0.036725 0.032296
vt 0.036725 0.032296
vt 0.286310 0.777183
vt 0.286310 0.777183
vt 0.286310 0.777183
vt 0.286310 0.777183
vt 0.286310 0.777183
vt 0.286310 0.777183
vt 0.286310 0.777183
vt 0.395757 0.770585
vt 0.395757 0.770585
vt 0.395757 0.770585
vt 0.395757 0.770585
vt 0.286310 0.777183
vt 0.286310 0.777183
vt 0.286310 0.777183
vt 0.286310 0.777183
vt 0.286310 0.777183
vt 0.414121 0.776767
vt 0.414121 0.776767
vt 0.286310 0.777183
vt 0.286310 0.777183
vt 0.286310 0.777183
vt 0.286310 0.777183
vt 0.286310 0.777183
vt 0.286310 0.777183
vt 0.286310 0.777183
vt 0.286310 0.777183
vt 0.286310 0.777183
vt 0.286310 0.777183
vt 0.286310 0.777183
vt 0.286310 0.777183
vt 0.414121 0.776767
vt 0.414121 0.776767
vt 0.286310 0.777183
vt 0.286310 0.777183
vt 0.036725 0.032296
vt 0.036725 0.032296
vt 0.036725 0.032296
vt 0.036725 0.032296
vt 0.286310 0.777183
vt 0.286310 0.777183
vt 0.036725 0.032296
vt 0.036725 0.032296
vt 0.036725 0.032296
vt 0.036725 0.032296
vt 0.286310 0.777183
vt 0.286310 0.777183
vt 0.286310 0.777183
vt 0.286310 0.777183
vt 0.286310 0.777183
vt 0.286310 0.777183
vt 0.286310 0.777183
vt 0.286310 0.777183
vt 0.286310 0.777183
vt 0.286310 0.777183
vt 0.286310 0.777183
vt 0.286310 0.777183
vt 0.286310 0.777183
vt 0.286310 0.777183
vt 0.286310 0.777183
vt 0.286310 0.777183
vt 0.286310 0.777183
vt 0.395757 0.770585
vt 0.395757 0.770585
vt 0.395757 0.770585
vt 0.395757 0.770585
vt 0.286310 0.777183
vt 0.286310 0.777183
vt 0.286310 0.777183
vt 0.286310 0.777183
vt 0.286310 0.777183
vt 0.286310 0.777183
vt 0.286310 0.777183
vt 0.286310 0.777183
vt 0.286310 0.777183
vt 0.286310 0.777183
vt 0.286310 0.777183
vt 0.286310 0.777183
vt 0.286310 0.777183
vt 0.286310 0.777183
vt 0.286310 0.777183
vt 0.286310 0.777183
vt 0.286310 0.777183
vt 0.286310 0.777183
vt 0.036725 0.032296
vt 0.036725 0.032296
vt 0.036725 0.032296
vt 0.036725 0.032296
vt 0.286310 0.777183
vt 0.286310 0.777183
vt 0.414121 0.776767
vt 0.414121 0.776767
vt 0.414121 0.776767
vt 0.414121 0.776767
vt 0.161060 0.779293
vt 0.161060 0.779293
vt 0.161060 0.779293
vt 0.161060 0.779293
vt 0.161060 0.779293
vt 0.161060 0.779293
vt 0.161060 0.779293
vt 0.161060 0.779293
vt 0.414121 0.776767
vt 0.414121 0.776767
vt 0.414121 0.776767
vt 0.414121 0.776767
vt 0.161060 0.779293
vt 0.161060 0.779293
vt 0.161060 0.779293
vt 0.161060 0.779293
vt 0.414121 0.776767
vt 0.414121 0.776767
vt 0.414121 0.776767
vt 0.414121 0.776767
vt 0.414121 0.776767
vt 0.414121 0.776767
vt 0.414121 0.776767
vt 0.414121 0.776767
vt 0.034843 0.779627
vt 0.034843 0.779627
vt 0.034843 0.779627
vt 0.034843 0.779627
vt 0.034843 0.779627
vt 0.034843 0.779627
vt 0.034843 0.779627
vt 0.034843 0.779627
vt 0.034843 0.779627
vt 0.034843 0.779627
vt 0.034843 0.779627
vt 0.034843 0.779627
vt 0.034843 0.779627
vt 0.034843 0.779627
vt 0.034843 0.779627
vt 0.034843 0.779627
vt 0.034843 0.779627
vt 0.034843 0.779627
vt 0.034843 0.779627
vt 0.034843 0.779627
vt 0.034843 0.779627
vt 0.034843 0.779627
vt 0.034843 0.779627
vt 0.034843 0.779627
vt 0.034843 0.779627
vt 0.034843 0.779627
vt 0.034843 0.779627
vt 0.034843 0.779627
vt 0.034843 0.779627
vt 0.034843 0.779627
vt 0.034843 0.779627
vt 0.034843 0.779627
vt 0.034843 0.779627
vt 0.034843 0.779627
vt 0.034843 0.779627
vt 0.034843 0.779627
vt 0.034843 0.779627
vt 0.034843 0.779627
vt 0.034843 0.779627
vt 0.034843 0.779627
vt 0.034843 0.779627
vt 0.034843 0.779627
vt 0.034843 0.779627
vt 0.034843 0.779627
vt 0.034843 0.779627
vt 0.034843 0.779627
vt 0.034843 0.779627
vt 0.034843 0.779627
vt 0.034843 0.779627
vt 0.034843 0.779627
vt 0.096394 0.780054
vt 0.096394 0.780054
vt 0.096394 0.780054
vt 0.096394 0.780054
vt 0.034843 0.779627
vt 0.034843 0.779627
vt 0.034843 0.779627
vt 0.034843 0.779627
vt 0.096394 0.780054
vt 0.096394 0.780054
vt 0.096394 0.780054
vt 0.096394 0.780054
vt 0.096394 0.780054
vt 0.096394 0.780054
vt 0.096394 0.780054
vt 0.096394 0.780054
vt 0.034843 0.779627
vt 0.034843 0.779627
vt 0.034843 0.779627
vt 0.034843 0.779627
vt 0.096394 0.780054
vt 0.096394 0.780054
vt 0.096394 0.780054
vt 0.096394 0.780054
vt 0.096394 0.780054
vt 0.096394 0.780054
vt 0.096394 0.780054
vt 0.096394 0.780054
vt 0.034843 0.779627
vt 0.034843 0.779627
vt 0.034843 0.779627
vt 0.034843 0.779627
vt 0.096394 0.780054
vt 0.096394 0.780054
vt 0.096394 0.780054
vt 0.096394 0.780054
vt 0.096394 0.780054
vt 0.096394 0.780054
vt 0.096394 0.780054
vt 0.096394 0.780054
vt 0.034843 0.779627
vt 0.034843 0.779627
vt 0.034843 0.779627
vt 0.034843 0.779627
vt 0.096394 0.780054
vt 0.096394 0.780054
vt 0.096394 0.780054
vt 0.096394 0.780054
vt 0.096394 0.780054
vt 0.096394 0.780054
vt 0.096394 0.780054
vt 0.096394 0.780054
vt 0.034843 0.779627
vt 0.034843 0.779627
vt 0.034843 0.779627
vt 0.034843 0.779627
vt 0.096394 0.780054
vt 0.096394 0.780054
vt 0.096394 0.780054
vt 0.096394 0.780054
vt 0.096394 0.780054
vt 0.096394 0.780054
vt 0.096394 0.780054
vt 0.096394 0.780054
vt 0.034843 0.779627
vt 0.034843 0.779627
vt 0.034843 0.779627
vt 0.034843 0.779627
vt 0.096394 0.780054
vt 0.096394 0.780054
vt 0.096394 0.780054
vt 0.096394 0.780054
vt 0.096394 0.780054
vt 0.096394 0.780054
vt 0.096394 0.780054
vt 0.096394 0.780054
vt 0.034843 0.779627
vt 0.034843 0.779627
vt 0.034843 0.779627
vt 0.034843 0.779627
vt 0.096394 0.780054
vt 0.096394 0.780054
vt 0.096394 0.780054
vt 0.096394 0.780054
vt 0.096394 0.780054
vt 0.096394 0.780054
vt 0.096394 0.780054
vt 0.096394 0.780054
vt 0.034843 0.779627
vt 0.034843 0.779627
vt 0.034843 0.779627
vt 0.034843 0.779627
vt 0.096394 0.780054
vt 0.096394 0.780054
vt 0.096394 0.780054
vt 0.096394 0.780054
vt 0.096394 0.780054
vt 0.096394 0.780054
vt 0.096394 0.780054
vt 0.096394 0.780054
vt 0.034843 0.779627
vt 0.034843 0.779627
vt 0.034843 0.779627
vt 0.034843 0.779627
vt 0.096394 0.780054
vt 0.096394 0.780054
vt 0.096394 0.780054
vt 0.096394 0.780054
vt 0.096394 0.780054
vt 0.096394 0.780054
vt 0.096394 0.780054
vt 0.096394 0.780054
vt 0.034843 0.779627
vt 0.034843 0.779627
vt 0.034843 0.779627
vt 0.034843 0.779627
vt 0.096394 0.780054
vt 0.096394 0.780054
vt 0.096394 0.780054
vt 0.096394 0.780054
vt 0.096394 0.780054
vt 0.096394 0.780054
vt 0.096394 0.780054
vt 0.096394 0.780054
vt 0.034843 0.779627
vt 0.034843 0.779627
vt 0.034843 0.779627
vt 0.034843 0.779627
vt 0.096394 0.780054
vt 0.096394 0.780054
vt 0.096394 0.780054
vt 0.096394 0.780054
vt 0.096394 0.780054
vt 0.096394 0.780054
vt 0.096394 0.780054
vt 0.096394 0.780054
vt 0.034843 0.779627
vt 0.034843 0.779627
vt 0.034843 0.779627
vt 0.034843 0.779627
vt 0.096394 0.780054
vt 0.096394 0.780054
vt 0.096394 0.780054
vt 0.096394 0.780054
vt 0.096394 0.780054
vt 0.096394 0.780054
vt 0.096394 0.780054
vt 0.096394 0.780054
vt 0.034843 0.779627
vt 0.034843 0.779627
vt 0.034843 0.779627
vt 0.034843 0.779627
vt 0.096394 0.780054
vt 0.096394 0.780054
vt 0.096394 0.780054
vt 0.096394 0.780054
vt 0.096394 0.780054
vt 0.096394 0.780054
vt 0.096394 0.780054
vt 0.096394 0.780054
vt 0.034843 0.779627
vt 0.034843 0.779627
vt 0.034843 0.779627
vt 0.034843 0.779627
vt 0.096394 0.780054
vt 0.096394 0.780054
vt 0.096394 0.780054
vt 0.096394 0.780054
vt 0.096394 0.780054
vt 0.096394 0.780054
vt 0.096394 0.780054
vt 0.096394 0.780054
vt 0.034843 0.779627
vt 0.034843 0.779627
vt 0.034843 0.779627
vt 0.034843 0.779627
vt 0.096394 0.780054
vt 0.096394 0.780054
vt 0.096394 0.780054
vt 0.096394 0.780054
vt 0.096394 0.780054
vt 0.096394 0.780054
vt 0.096394 0.780054
vt 0.096394 0.780054
vt 0.034843 0.779627
vt 0.034843 0.779627
vt 0.034843 0.779627
vt 0.034843 0.779627
vt 0.096394 0.780054
vt 0.096394 0.780054
vt 0.096394 0.780054
vt 0.096394 0.780054
vt 0.096394 0.780054
vt 0.096394 0.780054
vt 0.096394 0.780054
vt 0.096394 0.780054
vt 0.034843 0.779627
vt 0.034843 0.779627
vt 0.034843 0.779627
vt 0.034843 0.779627
vt 0.096394 0.780054
vt 0.096394 0.780054
vt 0.096394 0.780054
vt 0.096394 0.780054
vt 0.096394 0.780054
vt 0.096394 0.780054
vt 0.096394 0.780054
vt 0.096394 0.780054
vt 0.034843 0.779627
vt 0.034843 0.779627
vt 0.034843 0.779627
vt 0.034843 0.779627
vt 0.096394 0.780054
vt 0.096394 0.780054
vt 0.096394 0.780054
vt 0.096394 0.780054
vt 0.096394 0.780054
vt 0.096394 0.780054
vt 0.096394 0.780054
vt 0.096394 0.780054
vt 0.034843 0.779627
vt 0.034843 0.779627
vt 0.034843 0.779627
vt 0.034843 0.779627
vt 0.096394 0.780054
vt 0.096394 0.780054
vt 0.096394 0.780054
vt 0.096394 0.780054
vt 0.096394 0.780054
vt 0.096394 0.780054
vt 0.096394 0.780054
vt 0.096394 0.780054
vt 0.034843 0.779627
vt 0.034843 0.779627
vt 0.034843 0.779627
vt 0.034843 0.779627
vt 0.096394 0.780054
vt 0.096394 0.780054
vt 0.096394 0.780054
vt 0.096394 0.780054
vt 0.096394 0.780054
vt 0.096394 0.780054
vt 0.096394 0.780054
vt 0.096394 0.780054
vt 0.034843 0.779627
vt 0.034843 0.779627
vt 0.034843 0.779627
vt 0.034843 0.779627
vt 0.096394 0.780054
vt 0.096394 0.780054
vt 0.096394 0.780054
vt 0.096394 0.780054
vt 0.096394 0.780054
vt 0.096394 0.780054
vt 0.096394 0.780054
vt 0.096394 0.780054
vt 0.034843 0.779627
vt 0.034843 0.779627
vt 0.034843 0.779627
vt 0.034843 0.779627
vt 0.096394 0.780054
vt 0.096394 0.780054
vt 0.096394 0.780054
vt 0.096394 0.780054
vt 0.096394 0.780054
vt 0.096394 0.780054
vt 0.096394 0.780054
vt 0.096394 0.780054
vt 0.034843 0.779627
vt 0.034843 0.779627
vt 0.034843 0.779627
vt 0.034843 0.779627
vt 0.096394 0.780054
vt 0.096394 0.780054
vt 0.096394 0.780054
vt 0.096394 0.780054
vt 0.096394 0.780054
vt 0.096394 0.780054
vt 0.096394 0.780054
vt 0.096394 0.780054
vt 0.034843 0.779627
vt 0.034843 0.779627
vt 0.034843 0.779627
vt 0.034843 0.779627
vt 0.096394 0.780054
vt 0.096394 0.780054
vt 0.096394 0.780054
vt 0.096394 0.780054
vt 0.096394 0.780054
vt 0.096394 0.780054
vt 0.096394 0.780054
vt 0.096394 0.780054
vt 0.034843 0.779627
vt 0.034843 0.779627
vt 0.034843 0.779627
vt 0.034843 0.779627
vt 0.096394 0.780054
vt 0.096394 0.780054
vt 0.096394 0.780054
vt 0.096394 0.780054
vt 0.096394 0.780054
vt 0.096394 0.780054
vt 0.096394 0.780054
vt 0.096394 0.780054
vt 0.034843 0.779627
vt 0.034843 0.779627
vt 0.034843 0.779627
vt 0.034843 0.779627
vt 0.096394 0.780054
vt 0.096394 0.780054
vt 0.096394 0.780054
vt 0.096394 0.780054
vt 0.096394 0.780054
vt 0.096394 0.780054
vt 0.096394 0.780054
vt 0.096394 0.780054
vt 0.034843 0.779627
vt 0.034843 0.779627
vt 0.034843 0.779627
vt 0.034843 0.779627
vt 0.034843 0.779627
vt 0.034843 0.779627
vt 0.034843 0.779627
vt 0.034843 0.779627
vt 0.034843 0.779627
vt 0.034843 0.779627
vt 0.034843 0.779627
vt 0.034843 0.779627
vt 0.034843 0.779627
vt 0.034843 0.779627
vt 0.409325 0.784159
vt 0.409325 0.784159
vt 0.409325 0.784159
vt 0.409325 0.784159
vt 0.409325 0.784159
vt 0.409325 0.784159
vt 0.409325 0.784159
vt 0.409325 0.784159
vt 0.409325 0.784159
vt 0.409325 0.784159
vt 0.409325 0.784159
vt 0.409325 0.784159
vt 0.409325 0.784159
vt 0.409325 0.784159
vt 0.409325 0.784159
vt 0.409325 0.784159
vt 0.409325 0.784159
vt 0.409325 0.784159
vt 0.409325 0.784159
vt 0.409325 0.784159
vt 0.409325 0.784159
vt 0.409325 0.784159
vt 0.409325 0.784159
vt 0.409325 0.784159
vt 0.409325 0.784159
vt 0.409325 0.784159
vt 0.409325 0.784159
vt 0.409325 0.784159
vt 0.409325 0.784159
vt 0.409325 0.784159
vt 0.409325 0.784159
vt 0.409325 0.784159
vt 0.409325 0.784159
vt 0.409325 0.784159
vt 0.409325 0.784159
vt 0.409325 0.784159
vt 0.409325 0.784159
vt 0.409325 0.784159
vt 0.409325 0.784159
vt 0.409325 0.784159
vt 0.409325 0.784159
vt 0.409325 0.784159
vt 0.409325 0.784159
vt 0.409325 0.784159
vt 0.409325 0.784159
vt 0.409325 0.784159
vt 0.409325 0.784159
vt 0.409325 0.784159
vt 0.409325 0.784159
vt 0.409325 0.784159
vt 0.409325 0.784159
vt 0.409325 0.784159
vt 0.409325 0.784159
vt 0.409325 0.784159
vt 0.409325 0.784159
vt 0.409325 0.784159
vt 0.409325 0.784159
vt 0.409325 0.784159
vt 0.409325 0.784159
vt 0.409325 0.784159
vt 0.409325 0.784159
vt 0.409325 0.784159
vt 0.409325 0.784159
vt 0.409325 0.784159
vt 0.409325 0.784159
vt 0.409325 0.784159
vt 0.409325 0.784159
vt 0.409325 0.784159
vt 0.409325 0.784159
vt 0.409325 0.784159
vt 0.409325 0.784159
vt 0.409325 0.784159
vt 0.409325 0.784159
vt 0.409325 0.784159
vt 0.409325 0.784159
vt 0.409325 0.784159
vt 0.409325 0.784159
vt 0.409325 0.784159
vt 0.409325 0.784159
vt 0.409325 0.784159
vt 0.409325 0.784159
vt 0.409325 0.784159
vt 0.409325 0.784159
vt 0.409325 0.784159
vt 0.409325 0.784159
vt 0.409325 0.784159
vt 0.409325 0.784159
vt 0.409325 0.784159
vt 0.409325 0.784159
vt 0.409325 0.784159
vt 0.409325 0.784159
vt 0.409325 0.784159
vt 0.409325 0.784159
vt 0.409325 0.784159
vt 0.533750 0.778750
vt 0.533750 0.778750
vt 0.533750 0.778750
vt 0.533750 0.778750
vt 0.533750 0.778750
vt 0.533750 0.778750
vt 0.533750 0.778750
vt 0.533750 0.778750
vt 0.533750 0.778750
vt 0.533750 0.778750
vt 0.533750 0.778750
vt 0.533750 0.778750
vt 0.533750 0.778750
vt 0.533750 0.778750
vt 0.533750 0.778750
vt 0.533750 0.778750
vt 0.533750 0.778750
vt 0.533750 0.778750
vt 0.533750 0.778750
vt 0.533750 0.778750
vt 0.533750 0.778750
vt 0.533750 0.778750
vt 0.533750 0.778750
vt 0.533750 0.778750
vt 0.533750 0.778750
vt 0.533750 0.778750
vt 0.533750 0.778750
vt 0.533750 0.778750
vt 0.533750 0.778750
vt 0.533750 0.778750
vt 0.533750 0.778750
vt 0.533750 0.778750
vt 0.533750 0.778750
vt 0.533750 0.778750
vt 0.533750 0.778750
vt 0.533750 0.778750
vt 0.533750 0.778750
vt 0.533750 0.778750
vt 0.533750 0.778750
vt 0.533750 0.778750
vt 0.533750 0.778750
vt 0.533750 0.778750
vt 0.533750 0.778750
vt 0.533750 0.778750
vt 0.533750 0.778750
vt 0.533750 0.778750
vt 0.533750 0.778750
vt 0.533750 0.778750
vt 0.533750 0.778750
vt 0.533750 0.778750
vt 0.533750 0.778750
vt 0.533750 0.778750
vt 0.533750 0.778750
vt 0.533750 0.778750
vt 0.533750 0.778750
vt 0.533750 0.778750
vt 0.533750 0.778750
vt 0.533750 0.778750
vt 0.533750 0.778750
vt 0.533750 0.778750
vt 0.533750 0.778750
vt 0.533750 0.778750
vt 0.533750 0.778750
vt 0.533750 0.778750
vt 0.533750 0.778750
vt 0.533750 0.778750
vt 0.533750 0.778750
vt 0.533750 0.778750
vt 0.533750 0.778750
vt 0.533750 0.778750
vt 0.533750 0.778750
vt 0.533750 0.778750
vt 0.533750 0.778750
vt 0.533750 0.778750
vt 0.533750 0.778750
vt 0.533750 0.778750
vt 0.533750 0.778750
vt 0.533750 0.778750
vt 0.533750 0.778750
vt 0.533750 0.778750
vt 0.533750 0.778750
vt 0.533750 0.778750
vt 0.533750 0.778750
vt 0.533750 0.778750
vt 0.533750 0.778750
vt 0.533750 0.778750
vt 0.533750 0.778750
vt 0.533750 0.778750
vt 0.533750 0.778750
vt 0.533750 0.778750
vt 0.533750 0.778750
vt 0.533750 0.778750
vt 0.533750 0.778750
vt 0.533750 0.778750
vt 0.533750 0.778750
vt 0.533750 0.778750
vt 0.533750 0.778750
vt 0.533750 0.778750
vt 0.533750 0.778750
vt 0.533750 0.778750
vt 0.533750 0.778750
vt 0.533750 0.778750
vt 0.533750 0.778750
vt 0.533750 0.778750
vt 0.533750 0.778750
vt 0.533750 0.778750
vt 0.533750 0.778750
vt 0.533750 0.778750
vt 0.533750 0.778750
vt 0.533750 0.778750
vt 0.533750 0.778750
vt 0.533750 0.778750
vt 0.533750 0.778750
vt 0.533750 0.778750
vt 0.533750 0.778750
vt 0.533750 0.778750
vt 0.533750 0.778750
vt 0.533750 0.778750
vt 0.533750 0.778750
vt 0.533750 0.778750
vt 0.533750 0.778750
vt 0.533750 0.778750
vt 0.533750 0.778750
vt 0.533750 0.778750
vt 0.533750 0.778750
vt 0.533750 0.778750
vt 0.533750 0.778750
vt 0.533750 0.778750
vt 0.533750 0.778750
vt 0.533750 0.778750
vt 0.533750 0.778750
vt 0.533750 0.778750
vt 0.533750 0.778750
vt 0.533750 0.778750
vt 0.533750 0.778750
vt 0.533750 0.778750
vt 0.533750 0.778750
vt 0.533750 0.778750
vt 0.533750 0.778750
vt 0.533750 0.778750
vt 0.533750 0.778750
vt 0.533750 0.778750
vt 0.533750 0.778750
vt 0.533750 0.778750
vt 0.533750 0.778750
vt 0.533750 0.778750
vt 0.533750 0.778750
vt 0.533750 0.778750
vt 0.533750 0.778750
vt 0.533750 0.778750
vt 0.533750 0.778750
vt 0.533750 0.778750
vt 0.533750 0.778750
vt 0.533750 0.778750
vt 0.533750 0.778750
vt 0.533750 0.778750
vt 0.533750 0.778750
vt 0.533750 0.778750
vt 0.533750 0.778750
vt 0.533750 0.778750
vt 0.533750 0.778750
vt 0.533750 0.778750
vt 0.533750 0.778750
vt 0.533750 0.778750
vt 0.533750 0.778750
vt 0.533750 0.778750
vt 0.533750 0.778750
vt 0.533750 0.778750
vt 0.533750 0.778750
vt 0.533750 0.778750
vt 0.533750 0.778750
vt 0.533750 0.778750
vt 0.533750 0.778750
vt 0.533750 0.778750
vt 0.533750 0.778750
vt 0.533750 0.778750
vt 0.533750 0.778750
vt 0.533750 0.778750
vt 0.533750 0.778750
vt 0.533750 0.778750
vt 0.533750 0.778750
vt 0.533750 0.778750
vt 0.533750 0.778750
vt 0.533750 0.778750
vt 0.593260 0.779779
vt 0.593260 0.779779
vt 0.593260 0.779779
vt 0.593260 0.779779
vt 0.593260 0.779779
vt 0.593260 0.779779
vt 0.593260 0.779779
vt 0.593260 0.779779
vt 0.593260 0.779779
vt 0.593260 0.779779
vt 0.593260 0.779779
vt 0.593260 0.779779
vt 0.593260 0.779779
vt 0.593260 0.779779
vt 0.593260 0.779779
vt 0.593260 0.779779
vt 0.593260 0.779779
vt 0.593260 0.779779
vt 0.593260 0.779779
vt 0.593260 0.779779
vt 0.593260 0.779779
vt 0.593260 0.779779
vt 0.593260 0.779779
vt 0.593260 0.779779
vt 0.593260 0.779779
vt 0.593260 0.779779
vt 0.593260 0.779779
vt 0.593260 0.779779
vt 0.036725 0.032296
vt 0.036725 0.032296
vt 0.036725 0.032296
vt 0.036725 0.032296
vt 0.593260 0.779779
vt 0.593260 0.779779
vt 0.593260 0.779779
vt 0.593260 0.779779
vt 0.593260 0.779779
vt 0.593260 0.779779
vt 0.593260 0.779779
vt 0.593260 0.779779
vt 0.593260 0.779779
vt 0.593260 0.779779
vt 0.593260 0.779779
vt 0.593260 0.779779
vt 0.593260 0.779779
vt 0.593260 0.779779
vt 0.593260 0.779779
vt 0.593260 0.779779
vt 0.593260 0.779779
vt 0.593260 0.779779
vt 0.593260 0.779779
vt 0.593260 0.779779
vt 0.593260 0.779779
vt 0.593260 0.779779
vt 0.593260 0.779779
vt 0.593260 0.779779
vt 0.593260 0.779779
vt 0.593260 0.779779
vt 0.593260 0.779779
vt 0.593260 0.779779
vt 0.593260 0.779779
vt 0.593260 0.779779
vt 0.593260 0.779779
vt 0.593260 0.779779
vt 0.593260 0.779779
vt 0.593260 0.779779
vt 0.593260 0.779779
vt 0.593260 0.779779
vt 0.593260 0.779779
vt 0.593260 0.779779
vt 0.593260 0.779779
vt 0.593260 0.779779
vt 0.593260 0.779779
vt 0.593260 0.779779
vt 0.036725 0.032296
vt 0.036725 0.032296
vt 0.036725 0.032296
vt 0.036725 0.032296
vt 0.593260 0.779779
vt 0.593260 0.779779
vt 0.593260 0.779779
vt 0.593260 0.779779
vt 0.593260 0.779779
vt 0.593260 0.779779
vt 0.593260 0.779779
vt 0.593260 0.779779
vt 0.593260 0.779779
vt 0.593260 0.779779
vt 0.593260 0.779779
vt 0.593260 0.779779
vt 0.593260 0.779779
vt 0.593260 0.779779
vt 0.598690 0.780389
vt 0.598690 0.780389
vt 0.598690 0.780389
vt 0.598690 0.780389
vt 0.598690 0.780389
vt 0.598690 0.780389
vt 0.598690 0.780389
vt 0.598690 0.780389
vt 0.598690 0.780389
vt 0.598690 0.780389
vt 0.598690 0.780389
vt 0.598690 0.780389
vt 0.598690 0.780389
vt 0.598690 0.780389
vt 0.598690 0.780389
vt 0.598690 0.780389
vt 0.598690 0.780389
vt 0.598690 0.780389
vt 0.598690 0.780389
vt 0.598690 0.780389
vt 0.598690 0.780389
vt 0.598690 0.780389
vt 0.598690 0.780389
vt 0.598690 0.780389
vt 0.598690 0.780389
vt 0.598690 0.780389
vt 0.598690 0.780389
vt 0.598690 0.780389
vt 0.036725 0.032296
vt 0.036725 0.032296
vt 0.036725 0.032296
vt 0.036725 0.032296
vt 0.598690 0.780389
vt 0.598690 0.780389
vt 0.598690 0.780389
vt 0.598690 0.780389
vt 0.598690 0.780389
vt 0.598690 0.780389
vt 0.598690 0.780389
vt 0.598690 0.780389
vt 0.598690 0.780389
vt 0.598690 0.780389
vt 0.598690 0.780389
vt 0.598690 0.780389
vt 0.598690 0.780389
vt 0.598690 0.780389
vt 0.598690 0.780389
vt 0.598690 0.780389
vt 0.598690 0.780389
vt 0.598690 0.780389
vt 0.598690 0.780389
vt 0.598690 0.780389
vt 0.598690 0.780389
vt 0.598690 0.780389
vt 0.598690 0.780389
vt 0.598690 0.780389
vt 0.598690 0.780389
vt 0.598690 0.780389
vt 0.598690 0.780389
vt 0.598690 0.780389
vt 0.036725 0.032296
vt 0.036725 0.032296
vt 0.036725 0.032296
vt 0.036725 0.032296
vt 0.593260 0.779779
vt 0.593260 0.779779
vt 0.593260 0.779779
vt 0.593260 0.779779
vt 0.593260 0.779779
vt 0.593260 0.779779
vt 0.593260 0.779779
vt 0.593260 0.779779
vt 0.593260 0.779779
vt 0.593260 0.779779
vt 0.593260 0.779779
vt 0.593260 0.779779
vt 0.593260 0.779779
vt 0.593260 0.779779
vt 0.593260 0.779779
vt 0.593260 0.779779
vt 0.593260 0.779779
vt 0.593260 0.779779
vt 0.593260 0.779779
vt 0.593260 0.779779
vt 0.593260 0.779779
vt 0.593260 0.779779
vt 0.593260 0.779779
vt 0.593260 0.779779
vt 0.593260 0.779779
vt 0.593260 0.779779
vt 0.593260 0.779779
vt 0.593260 0.779779
vt 0.593260 0.779779
vt 0.593260 0.779779
vt 0.593260 0.779779
vt 0.593260 0.779779
vt 0.593260 0.779779
vt 0.593260 0.779779
vt 0.593260 0.779779
vt 0.593260 0.779779
vt 0.593260 0.779779
vt 0.593260 0.779779
vt 0.593260 0.779779
vt 0.593260 0.779779
vt 0.593260 0.779779
vt 0.593260 0.779779
vt 0.593260 0.779779
vt 0.593260 0.779779
vt 0.593260 0.779779
vt 0.593260 0.779779
vt 0.593260 0.779779
vt 0.593260 0.779779
vt 0.593260 0.779779
vt 0.593260 0.779779
vt 0.593260 0.779779
vt 0.593260 0.779779
vt 0.593260 0.779779
vt 0.593260 0.779779
vt 0.593260 0.779779
vt 0.593260 0.779779
vt 0.593260 0.779779
vt 0.593260 0.779779
vt 0.593260 0.779779
vt 0.593260 0.779779
vt 0.593260 0.779779
vt 0.593260 0.779779
vt 0.593260 0.779779
vt 0.593260 0.779779
vt 0.593260 0.779779
vt 0.593260 0.779779
vt 0.593260 0.779779
vt 0.593260 0.779779
vt 0.593260 0.779779
vt 0.593260 0.779779
vt 0.593260 0.779779
vt 0.593260 0.779779
vt 0.593260 0.779779
vt 0.593260 0.779779
vt 0.593260 0.779779
vt 0.593260 0.779779
vt 0.593260 0.779779
vt 0.593260 0.779779
vt 0.593260 0.779779
vt 0.593260 0.779779
vt 0.593260 0.779779
vt 0.593260 0.779779
vt 0.593260 0.779779
vt 0.593260 0.779779
vt 0.593260 0.779779
vt 0.593260 0.779779
vt 0.593260 0.779779
vt 0.593260 0.779779
vt 0.593260 0.779779
vt 0.593260 0.779779
vt 0.593260 0.779779
vt 0.593260 0.779779
vt 0.593260 0.779779
vt 0.593260 0.779779
vt 0.593260 0.779779
vt 0.593260 0.779779
vt 0.593260 0.779779
vt 0.593260 0.779779
vt 0.593260 0.779779
vt 0.593260 0.779779
vt 0.593260 0.779779
vt 0.593260 0.779779
vt 0.593260 0.779779
vt 0.593260 0.779779
vt 0.593260 0.779779
vt 0.593260 0.779779
vt 0.593260 0.779779
vt 0.593260 0.779779
vt 0.593260 0.779779
vt 0.593260 0.779779
vt 0.593260 0.779779
vt 0.593260 0.779779
vt 0.593260 0.779779
vt 0.593260 0.779779
vt 0.593260 0.779779
vt 0.593260 0.779779
vt 0.593260 0.779779
vt 0.593260 0.779779
vt 0.593260 0.779779
vt 0.593260 0.779779
vt 0.593260 0.779779
vt 0.593260 0.779779
vt 0.593260 0.779779
vt 0.593260 0.779779
vt 0.593260 0.779779
vt 0.593260 0.779779
vt 0.593260 0.779779
vt 0.593260 0.779779
vt 0.593260 0.779779
vt 0.593260 0.779779
vt 0.593260 0.779779
vt 0.593260 0.779779
vt 0.593260 0.779779
vt 0.593260 0.779779
vt 0.593260 0.779779
vt 0.593260 0.779779
vt 0.593260 0.779779
vt 0.593260 0.779779
vt 0.593260 0.779779
vt 0.593260 0.779779
vt 0.593260 0.779779
vt 0.593260 0.779779
vt 0.593260 0.779779
vt 0.593260 0.779779
vt 0.598690 0.780389
vt 0.598690 0.780389
vt 0.598690 0.780389
vt 0.598690 0.780389
vt 0.598690 0.780389
vt 0.598690 0.780389
vt 0.598690 0.780389
vt 0.598690 0.780389
vt 0.598690 0.780389
vt 0.598690 0.780389
vt 0.598690 0.780389
vt 0.598690 0.780389
vt 0.598690 0.780389
vt 0.598690 0.780389
vt 0.598690 0.780389
vt 0.598690 0.780389
vt 0.598690 0.780389
vt 0.598690 0.780389
vt 0.598690 0.780389
vt 0.598690 0.780389
vt 0.598690 0.780389
vt 0.598690 0.780389
vt 0.598690 0.780389
vt 0.598690 0.780389
vt 0.598690 0.780389
vt 0.598690 0.780389
vt 0.598690 0.780389
vt 0.598690 0.780389
vt 0.598690 0.780389
vt 0.598690 0.780389
vt 0.598690 0.780389
vt 0.598690 0.780389
vt 0.598690 0.780389
vt 0.598690 0.780389
vt 0.598690 0.780389
vt 0.598690 0.780389
vt 0.598690 0.780389
vt 0.598690 0.780389
vt 0.598690 0.780389
vt 0.598690 0.780389
vt 0.598690 0.780389
vt 0.598690 0.780389
vt 0.598690 0.780389
vt 0.598690 0.780389
vt 0.598690 0.780389
vt 0.598690 0.780389
vt 0.598690 0.780389
vt 0.598690 0.780389
vt 0.286310 0.777183
vt 0.286310 0.777183
vt 0.286310 0.777183
vt 0.286310 0.777183
vt 0.286310 0.777183
vt 0.286310 0.777183
vt 0.286310 0.777183
vt 0.286310 0.777183
vt 0.409325 0.784159
vt 0.409325 0.784159
vt 0.409325 0.784159
vt 0.409325 0.784159
vt 0.409325 0.784159
vt 0.409325 0.784159
vt 0.409325 0.784159
vt 0.409325 0.784159
vt 0.409325 0.784159
vt 0.409325 0.784159
vt 0.409325 0.784159
vt 0.409325 0.784159
vt 0.409325 0.784159
vt 0.409325 0.784159
vt 0.286310 0.777183
vt 0.286310 0.777183
vt 0.286310 0.777183
vt 0.286310 0.777183
vt 0.409325 0.784159
vt 0.409325 0.784159
vt 0.286310 0.777183
vt 0.286310 0.777183
vt 0.286310 0.777183
vt 0.286310 0.777183
vt 0.409325 0.784159
vt 0.409325 0.784159
vt 0.409325 0.784159
vt 0.409325 0.784159
vt 0.286310 0.777183
vt 0.286310 0.777183
vt 0.286310 0.777183
vt 0.286310 0.777183
vt 0.286310 0.777183
vt 0.286310 0.777183
vt 0.286310 0.777183
vt 0.409325 0.784159
vt 0.409325 0.784159
vt 0.409325 0.784159
vt 0.409325 0.784159
vt 0.409325 0.784159
vt 0.409325 0.784159
vt 0.409325 0.784159
vt 0.409325 0.784159
vt 0.409325 0.784159
vt 0.409325 0.784159
vt 0.409325 0.784159
vt 0.409325 0.784159
vt 0.286310 0.777183
vt 0.286310 0.777183
vt 0.286310 0.777183
vt 0.286310 0.777183
vt 0.286310 0.777183
vt 0.286310 0.777183
vt 0.593260 0.779779
vt 0.593260 0.779779
vt 0.593260 0.779779
vt 0.593260 0.779779
vt 0.036725 0.032296
vt 0.036725 0.032296
vt 0.036725 0.032296
vt 0.036725 0.032296
vt 0.593260 0.779779
vt 0.593260 0.779779
vt 0.593260 0.779779
vt 0.593260 0.779779
vt 0.593260 0.779779
vt 0.593260 0.779779
vt 0.593260 0.779779
vt 0.593260 0.779779
vt 0.593260 0.779779
vt 0.593260 0.779779
vt 0.593260 0.779779
vt 0.593260 0.779779
vt 0.593260 0.779779
vt 0.593260 0.779779
vt 0.036725 0.032296
vt 0.036725 0.032296
vt 0.036725 0.032296
vt 0.036725 0.032296
vt 0.593260 0.779779
vt 0.593260 0.779779
vt 0.593260 0.779779
vt 0.593260 0.779779
vt 0.286310 0.777183
vt 0.286310 0.777183
vt 0.286310 0.777183
vt 0.286310 0.777183
vt 0.286310 0.777183
vt 0.286310 0.777183
vt 0.286310 0.777183
vt 0.409325 0.784159
vt 0.409325 0.784159
vt 0.409325 0.784159
vt 0.409325 0.784159
vt 0.409325 0.784159
vt 0.409325 0.784159
vt 0.286310 0.777183
vt 0.286310 0.777183
vt 0.286310 0.777183
vt 0.286310 0.777183
vt 0.593260 0.779779
vt 0.593260 0.779779
vt 0.593260 0.779779
vt 0.593260 0.779779
vt 0.036725 0.032296
vt 0.036725 0.032296
vt 0.036725 0.032296
vt 0.036725 0.032296
vt 0.593260 0.779779
vt 0.593260 0.779779
vt 0.593260 0.779779
vt 0.593260 0.779779
vt 0.593260 0.779779
vt 0.593260 0.779779
vt 0.593260 0.779779
vt 0.593260 0.779779
vt 0.593260 0.779779
vt 0.593260 0.779779
vt 0.593260 0.779779
vt 0.593260 0.779779
vt 0.036725 0.032296
vt 0.036725 0.032296
vt 0.036725 0.032296
vt 0.036725 0.032296
vt 0.593260 0.779779
vt 0.593260 0.779779
vt 0.286310 0.777183
vt 0.286310 0.777183
vt 0.286310 0.777183
vt 0.286310 0.777183
vt 0.286310 0.777183
vt 0.286310 0.777183
vt 0.286310 0.777183
vt 0.409325 0.784159
vt 0.409325 0.784159
vt 0.409325 0.784159
vt 0.409325 0.784159
vt 0.409325 0.784159
vt 0.409325 0.784159
vt 0.409325 0.784159
vt 0.409325 0.784159
vt 0.409325 0.784159
vt 0.409325 0.784159
vt 0.409325 0.784159
vt 0.409325 0.784159
vt 0.286310 0.777183
vt 0.286310 0.777183
vt 0.286310 0.777183
vt 0.286310 0.777183
vt 0.286310 0.777183
vt 0.286310 0.777183
vt 0.593260 0.779779
vt 0.593260 0.779779
vt 0.593260 0.779779
vt 0.593260 0.779779
vt 0.036725 0.032296
vt 0.036725 0.032296
vt 0.036725 0.032296
vt 0.036725 0.032296
vt 0.593260 0.779779
vt 0.593260 0.779779
vt 0.593260 0.779779
vt 0.593260 0.779779
vt 0.593260 0.779779
vt 0.593260 0.779779
vt 0.593260 0.779779
vt 0.593260 0.779779
vt 0.593260 0.779779
vt 0.593260 0.779779
vt 0.593260 0.779779
vt 0.593260 0.779779
vt 0.593260 0.779779
vt 0.593260 0.779779
vt 0.036725 0.032296
vt 0.036725 0.032296
vt 0.036725 0.032296
vt 0.036725 0.032296
vt 0.593260 0.779779
vt 0.593260 0.779779
vt 0.593260 0.779779
vt 0.593260 0.779779
vt 0.286310 0.777183
vt 0.286310 0.777183
vt 0.286310 0.777183
vt 0.286310 0.777183
vt 0.286310 0.777183
vt 0.286310 0.777183
vt 0.286310 0.777183
vt 0.409325 0.784159
vt 0.409325 0.784159
vt 0.409325 0.784159
vt 0.409325 0.784159
vt 0.409325 0.784159
vt 0.409325 0.784159
vt 0.286310 0.777183
vt 0.286310 0.777183
vt 0.286310 0.777183
vt 0.286310 0.777183
vt 0.593260 0.779779
vt 0.593260 0.779779
vt 0.593260 0.779779
vt 0.593260 0.779779
vt 0.036725 0.032296
vt 0.036725 0.032296
vt 0.036725 0.032296
vt 0.036725 0.032296
vt 0.593260 0.779779
vt 0.593260 0.779779
vt 0.593260 0.779779
vt 0.593260 0.779779
vt 0.593260 0.779779
vt 0.593260 0.779779
vt 0.593260 0.779779
vt 0.593260 0.779779
vt 0.593260 0.779779
vt 0.593260 0.779779
vt 0.593260 0.779779
vt 0.593260 0.779779
vt 0.036725 0.032296
vt 0.036725 0.032296
vt 0.036725 0.032296
vt 0.036725 0.032296
vt 0.593260 0.779779
vt 0.593260 0.779779
vt 0.781907 0.778486
vt 0.781907 0.778486
vt 0.781907 0.778486
vt 0.781907 0.778486
vt 0.781907 0.778486
vt 0.781907 0.778486
vt 0.781907 0.778486
vt 0.781907 0.778486
vt 0.781907 0.778486
vt 0.781907 0.778486
vt 0.781907 0.778486
vt 0.781907 0.778486
vt 0.781907 0.778486
vt 0.781907 0.778486
vt 0.781907 0.778486
vt 0.781907 0.778486
vt 0.781907 0.778486
vt 0.781907 0.778486
vt 0.781907 0.778486
vt 0.781907 0.778486
vt 0.781907 0.778486
vt 0.781907 0.778486
vt 0.781907 0.778486
vt 0.781907 0.778486
vt 0.781907 0.778486
vt 0.781907 0.778486
vt 0.781907 0.778486
vt 0.781907 0.778486
vt 0.781907 0.778486
vt 0.781907 0.778486
vt 0.781907 0.778486
vt 0.781907 0.778486
vt 0.781907 0.778486
vt 0.781907 0.778486
vt 0.781907 0.778486
vt 0.781907 0.778486
vt 0.781907 0.778486
vt 0.781907 0.778486
vt 0.781907 0.778486
vt 0.781907 0.778486
vt 0.781907 0.778486
vt 0.781907 0.778486
vt 0.781907 0.778486
vt 0.781907 0.778486
vt 0.781907 0.778486
vt 0.781907 0.778486
vt 0.781907 0.778486
vt 0.781907 0.778486
vt 0.781907 0.778486
vt 0.781907 0.778486
vt 0.781907 0.778486
vt 0.781907 0.778486
vt 0.781907 0.778486
vt 0.781907 0.778486
vt 0.781907 0.778486
vt 0.781907 0.778486
vt 0.781907 0.778486
vt 0.781907 0.778486
vt 0.781907 0.778486
vt 0.781907 0.778486
vt 0.781907 0.778486
vt 0.781907 0.778486
vt 0.781907 0.778486
vt 0.781907 0.778486
vt 0.781907 0.778486
vt 0.781907 0.778486
vt 0.781907 0.778486
vt 0.781907 0.778486
vt 0.781907 0.778486
vt 0.781907 0.778486
vt 0.781907 0.778486
vt 0.781907 0.778486
vt 0.781907 0.778486
vt 0.781907 0.778486
vt 0.781907 0.778486
vt 0.781907 0.778486
vt 0.781907 0.778486
vt 0.781907 0.778486
vt 0.781907 0.778486
vt 0.781907 0.778486
vt 0.349609 0.404570
vt 0.349609 0.404570
vt 0.349609 0.404570
vt 0.349609 0.404570
vt 0.349609 0.404570
vt 0.349609 0.404570
vt 0.349609 0.404570
vt 0.349609 0.404570
vt 0.349609 0.404570
vt 0.349609 0.404570
vt 0.349609 0.404570
vt 0.349609 0.404570
vt 0.349609 0.404570
vt 0.349609 0.404570
vt 0.349609 0.404570
vt 0.349609 0.404570
vt 0.349609 0.404570
vt 0.349609 0.404570
vt 0.349609 0.404570
vt 0.349609 0.404570
vt 0.349609 0.404570
vt 0.349609 0.404570
vt 0.349609 0.404570
vt 0.349609 0.404570
vt 0.349609 0.404570
vt 0.349609 0.404570
vt 0.349609 0.404570
vt 0.349609 0.404570
vt 0.349609 0.404570
vt 0.349609 0.404570
vt 0.349609 0.404570
vt 0.349609 0.404570
vt 0.349609 0.404570
vt 0.349609 0.404570
vt 0.349609 0.404570
vt 0.349609 0.404570
vt 0.349609 0.404570
vt 0.349609 0.404570
vt 0.349609 0.404570
vt 0.349609 0.404570
vt 0.349609 0.404570
vt 0.349609 0.404570
vt 0.349609 0.404570
vt 0.349609 0.404570
vt 0.349609 0.404570
vt 0.349609 0.404570
vt 0.349609 0.404570
vt 0.349609 0.404570
vt 0.349609 0.404570
vt 0.349609 0.404570
vt 0.349609 0.404570
vt 0.349609 0.404570
vt 0.349609 0.404570
vt 0.349609 0.404570
vt 0.349609 0.404570
vt 0.349609 0.404570
vt 0.349609 0.404570
vt 0.349609 0.404570
vt 0.349609 0.404570
vt 0.349609 0.404570
vt 0.349609 0.404570
vt 0.349609 0.404570
vt 0.349609 0.404570
vt 0.349609 0.404570
vt 0.349609 0.404570
vt 0.349609 0.404570
vt 0.349609 0.404570
vt 0.349609 0.404570
vt 0.349609 0.404570
vt 0.349609 0.404570
vt 0.349609 0.404570
vt 0.349609 0.404570
vt 0.349609 0.404570
vt 0.349609 0.404570
vt 0.349609 0.404570
vt 0.349609 0.404570
vt 0.349609 0.404570
vt 0.349609 0.404570
vt 0.349609 0.404570
vt 0.349609 0.404570
vt 0.349609 0.404570
vt 0.349609 0.404570
vt 0.349609 0.404570
vt 0.349609 0.404570
vt 0.349609 0.404570
vt 0.349609 0.404570
vt 0.349609 0.404570
vt 0.349609 0.404570
vt 0.349609 0.404570
vt 0.349609 0.404570
vt 0.349609 0.404570
vt 0.349609 0.404570
vt 0.349609 0.404570
vt 0.349609 0.404570
vt 0.349609 0.404570
vt 0.349609 0.404570
vt 0.349609 0.404570
vt 0.349609 0.404570
vt 0.349609 0.404570
vt 0.349609 0.404570
vt 0.349609 0.404570
vt 0.349609 0.404570
vt 0.349609 0.404570
vt 0.349609 0.404570
vt 0.349609 0.404570
vt 0.349609 0.404570
vt 0.349609 0.404570
vt 0.349609 0.404570
vt 0.349609 0.404570
vt 0.349609 0.404570
vt 0.349609 0.404570
vt 0.349609 0.404570
vt 0.349609 0.404570
vt 0.349609 0.404570
vt 0.349609 0.404570
vt 0.349609 0.404570
vt 0.349609 0.404570
vt 0.349609 0.404570
vt 0.349609 0.404570
vt 0.349609 0.404570
vt 0.349609 0.404570
vt 0.349609 0.404570
vt 0.349609 0.404570
vt 0.349609 0.404570
vt 0.349609 0.404570
vt 0.349609 0.404570
vt 0.349609 0.404570
vt 0.349609 0.404570
vt 0.349609 0.404570
vt 0.349609 0.404570
vt 0.349609 0.404570
vt 0.349609 0.404570
vt 0.349609 0.404570
vt 0.349609 0.404570
vt 0.349609 0.404570
vt 0.349609 0.404570
vt 0.349609 0.404570
vt 0.349609 0.404570
vt 0.349609 0.404570
vt 0.349609 0.404570
vt 0.349609 0.404570
vt 0.349609 0.404570
vt 0.349609 0.404570
vt 0.349609 0.404570
vt 0.349609 0.404570
vt 0.349609 0.404570
vt 0.349609 0.404570
vt 0.349609 0.404570
vt 0.598690 0.780389
vt 0.598690 0.780389
vt 0.598690 0.780389
vt 0.598690 0.780389
vt 0.598690 0.780389
vt 0.598690 0.780389
vt 0.598690 0.780389
vt 0.598690 0.780389
vt 0.598690 0.780389
vt 0.598690 0.780389
vt 0.598690 0.780389
vt 0.598690 0.780389
vt 0.598690 0.780389
vt 0.598690 0.780389
vt 0.598690 0.780389
vt 0.598690 0.780389
vt 0.598690 0.780389
vt 0.598690 0.780389
vt 0.598690 0.780389
vt 0.598690 0.780389
vt 0.598690 0.780389
vt 0.598690 0.780389
vt 0.598690 0.780389
vt 0.598690 0.780389
vt 0.598690 0.780389
vt 0.598690 0.780389
vt 0.598690 0.780389
vt 0.598690 0.780389
vt 0.598690 0.780389
vt 0.598690 0.780389
vt 0.598690 0.780389
vt 0.598690 0.780389
vt 0.598690 0.780389
vt 0.598690 0.780389
vt 0.598690 0.780389
vt 0.598690 0.780389
vt 0.598690 0.780389
vt 0.598690 0.780389
vt 0.598690 0.780389
vt 0.598690 0.780389
vt 0.598690 0.780389
vt 0.598690 0.780389
vt 0.598690 0.780389
vt 0.598690 0.780389
vt 0.598690 0.780389
vt 0.598690 0.780389
vt 0.598690 0.780389
vt 0.598690 0.780389
vt 0.781907 0.778486
vt 0.781907 0.778486
vt 0.781907 0.778486
vt 0.781907 0.778486
vt 0.781907 0.778486
vt 0.781907 0.778486
vt 0.781907 0.778486
vt 0.781907 0.778486
vt 0.781907 0.778486
vt 0.781907 0.778486
vt 0.781907 0.778486
vt 0.781907 0.778486
vt 0.781907 0.778486
vt 0.781907 0.778486
vt 0.781907 0.778486
vt 0.781907 0.778486
vt 0.781907 0.778486
vt 0.781907 0.778486
vt 0.781907 0.778486
vt 0.781907 0.778486
vt 0.781907 0.778486
vt 0.781907 0.778486
vt 0.781907 0.778486
vt 0.781907 0.778486
vt 0.781907 0.778486
vt 0.781907 0.778486
vt 0.781907 0.778486
vt 0.781907 0.778486
vt 0.781907 0.778486
vt 0.781907 0.778486
vt 0.781907 0.778486
vt 0.781907 0.778486
vt 0.781907 0.778486
vt 0.781907 0.778486
vt 0.781907 0.778486
vt 0.781907 0.778486
vt 0.781907 0.778486
vt 0.781907 0.778486
vt 0.781907 0.778486
vt 0.781907 0.778486
vt 0.349609 0.404570
vt 0.349609 0.404570
vt 0.349609 0.404570
vt 0.349609 0.404570
vt 0.349609 0.404570
vt 0.349609 0.404570
vt 0.349609 0.404570
vt 0.349609 0.404570
vt 0.349609 0.404570
vt 0.349609 0.404570
vt 0.349609 0.404570
vt 0.349609 0.404570
vt 0.349609 0.404570
vt 0.349609 0.404570
vt 0.349609 0.404570
vt 0.349609 0.404570
vt 0.349609 0.404570
vt 0.349609 0.404570
vt 0.349609 0.404570
vt 0.349609 0.404570
vt 0.349609 0.404570
vt 0.349609 0.404570
vt 0.349609 0.404570
vt 0.349609 0.404570
vt 0.349609 0.404570
vt 0.349609 0.404570
vt 0.349609 0.404570
vt 0.349609 0.404570
vt 0.349609 0.404570
vt 0.349609 0.404570
vt 0.349609 0.404570
vt 0.349609 0.404570
vt 0.349609 0.404570
vt 0.349609 0.404570
vt 0.349609 0.404570
vt 0.349609 0.404570
vt 0.349609 0.404570
vt 0.349609 0.404570
vt 0.349609 0.404570
vt 0.349609 0.404570
vt 0.349609 0.404570
vt 0.349609 0.404570
vt 0.349609 0.404570
vt 0.349609 0.404570
vt 0.349609 0.404570
vt 0.349609 0.404570
vt 0.349609 0.404570
vt 0.349609 0.404570
vt 0.349609 0.404570
vt 0.349609 0.404570
vt 0.349609 0.404570
vt 0.349609 0.404570
vt 0.349609 0.404570
vt 0.349609 0.404570
vt 0.349609 0.404570
vt 0.349609 0.404570
vt 0.349609 0.404570
vt 0.349609 0.404570
vt 0.349609 0.404570
vt 0.349609 0.404570
vt 0.349609 0.404570
vt 0.349609 0.404570
vt 0.349609 0.404570
vt 0.349609 0.404570
vt 0.349609 0.404570
vt 0.349609 0.404570
vt 0.349609 0.404570
vt 0.349609 0.404570
vt 0.349609 0.404570
vt 0.349609 0.404570
vt 0.349609 0.404570
vt 0.349609 0.404570
vt 0.349609 0.404570
vt 0.349609 0.404570
vt 0.349609 0.404570
vt 0.349609 0.404570
vt 0.349609 0.404570
vt 0.349609 0.404570
vt 0.349609 0.404570
vt 0.349609 0.404570
vt 0.349609 0.404570
vt 0.349609 0.404570
vt 0.349609 0.404570
vt 0.349609 0.404570
vt 0.349609 0.404570
vt 0.349609 0.404570
vt 0.349609 0.404570
vt 0.349609 0.404570
vt 0.349609 0.404570
vt 0.349609 0.404570
vt 0.349609 0.404570
vt 0.349609 0.404570
vt 0.349609 0.404570
vt 0.349609 0.404570
vt 0.349609 0.404570
vt 0.349609 0.404570
vt 0.349609 0.404570
vt 0.349609 0.404570
vt 0.349609 0.404570
vt 0.349609 0.404570
vt 0.349609 0.404570
vt 0.349609 0.404570
vt 0.349609 0.404570
vt 0.349609 0.404570
vt 0.349609 0.404570
vt 0.349609 0.404570
vt 0.349609 0.404570
vt 0.349609 0.404570
vt 0.349609 0.404570
vt 0.349609 0.404570
vt 0.349609 0.404570
vt 0.349609 0.404570
vt 0.349609 0.404570
vt 0.349609 0.404570
vt 0.349609 0.404570
vt 0.349609 0.404570
vt 0.349609 0.404570
vt 0.349609 0.404570
vt 0.349609 0.404570
vt 0.349609 0.404570
vt 0.349609 0.404570
vt 0.349609 0.404570
vt 0.349609 0.404570
vt 0.349609 0.404570
vt 0.349609 0.404570
vt 0.349609 0.404570
vt 0.349609 0.404570
vt 0.349609 0.404570
vt 0.349609 0.404570
vt 0.349609 0.404570
vt 0.349609 0.404570
vt 0.349609 0.404570
vt 0.349609 0.404570
vt 0.349609 0.404570
vt 0.349609 0.404570
vt 0.349609 0.404570
vt 0.349609 0.404570
vt 0.349609 0.404570
vt 0.349609 0.404570
vt 0.349609 0.404570
vt 0.349609 0.404570
vt 0.349609 0.404570
vt 0.349609 0.404570
vt 0.349609 0.404570
vt 0.349609 0.404570
vt 0.349609 0.404570
vt 0.349609 0.404570
vt 0.349609 0.404570
vt 0.349609 0.404570
vt 0.349609 0.404570
vt 0.349609 0.404570
vt 0.349609 0.404570
vt 0.349609 0.404570
vt 0.349609 0.404570
vt 0.349609 0.404570
vt 0.349609 0.404570
vt 0.349609 0.404570
vt 0.349609 0.404570
vt 0.349609 0.404570
vt 0.349609 0.404570
vt 0.349609 0.404570
vt 0.349609 0.404570
vt 0.349609 0.404570
vt 0.349609 0.404570
vt 0.349609 0.404570
vt 0.349609 0.404570
vt 0.349609 0.404570
vt 0.349609 0.404570
vt 0.349609 0.404570
vt 0.349609 0.404570
vt 0.349609 0.404570
vt 0.349609 0.404570
vt 0.349609 0.404570
vt 0.349609 0.404570
vt 0.349609 0.404570
vt 0.349609 0.404570
vt 0.349609 0.404570
vt 0.349609 0.404570
vt 0.349609 0.404570
vt 0.349609 0.404570
vt 0.349609 0.404570
vt 0.349609 0.404570
vt 0.349609 0.404570
vt 0.349609 0.404570
vt 0.349609 0.404570
vt 0.349609 0.404570
vt 0.349609 0.404570
vt 0.349609 0.404570
vt 0.349609 0.404570
vt 0.349609 0.404570
vt 0.349609 0.404570
vt 0.349609 0.404570
vt 0.349609 0.404570
vt 0.349609 0.404570
vt 0.349609 0.404570
vt 0.349609 0.404570
vt 0.349609 0.404570
vt 0.349609 0.404570
vt 0.349609 0.404570
vt 0.349609 0.404570
vt 0.349609 0.404570
vt 0.349609 0.404570
vt 0.349609 0.404570
vt 0.349609 0.404570
vt 0.349609 0.404570
vt 0.349609 0.404570
vt 0.349609 0.404570
vt 0.349609 0.404570
vt 0.349609 0.404570
vt 0.349609 0.404570
vt 0.349609 0.404570
vt 0.349609 0.404570
vt 0.349609 0.404570
vt 0.349609 0.404570
vt 0.349609 0.404570
vt 0.349609 0.404570
vt 0.349609 0.404570
vt 0.349609 0.404570
vt 0.349609 0.404570
vt 0.349609 0.404570
vt 0.349609 0.404570
vt 0.349609 0.404570
vt 0.349609 0.404570
vt 0.349609 0.404570
vt 0.349609 0.404570
vt 0.349609 0.404570
vt 0.349609 0.404570
vt 0.349609 0.404570
vt 0.349609 0.404570
vt 0.349609 0.404570
vt 0.349609 0.404570
vt 0.349609 0.404570
vt 0.349609 0.404570
vt 0.349609 0.404570
vt 0.349609 0.404570
vt 0.349609 0.404570
vt 0.349609 0.404570
vt 0.349609 0.404570
vt 0.349609 0.404570
vt 0.349609 0.404570
vt 0.349609 0.404570
vt 0.349609 0.404570
vt 0.349609 0.404570
vt 0.349609 0.404570
vt 0.349609 0.404570
vt 0.349609 0.404570
vt 0.349609 0.404570
vt 0.349609 0.404570
vt 0.349609 0.404570
vt 0.349609 0.404570
vt 0.349609 0.404570
vt 0.349609 0.404570
vt 0.349609 0.404570
vt 0.349609 0.404570
vt 0.349609 0.404570
vt 0.349609 0.404570
vt 0.349609 0.404570
vt 0.349609 0.404570
vt 0.349609 0.404570
vt 0.349609 0.404570
vt 0.349609 0.404570
vt 0.349609 0.404570
vt 0.349609 0.404570
vt 0.349609 0.404570
vt 0.349609 0.404570
vt 0.349609 0.404570
vt 0.349609 0.404570
vt 0.349609 0.404570
vt 0.349609 0.404570
vt 0.349609 0.404570
vt 0.349609 0.404570
vt 0.349609 0.404570
vt 0.349609 0.404570
vt 0.349609 0.404570
vt 0.349609 0.404570
vt 0.349609 0.404570
vt 0.349609 0.404570
vt 0.349609 0.404570
vt 0.349609 0.404570
vt 0.349609 0.404570
vt 0.349609 0.404570
vt 0.349609 0.404570
vt 0.349609 0.404570
vt 0.349609 0.404570
vt 0.349609 0.404570
vt 0.349609 0.404570
vt 0.349609 0.404570
vt 0.349609 0.404570
vt 0.349609 0.404570
vt 0.349609 0.404570
vt 0.349609 0.404570
vt 0.349609 0.404570
vt 0.349609 0.404570
vt 0.349609 0.404570
vt 0.349609 0.404570
vt 0.349609 0.404570
vt 0.409325 0.784159
vt 0.409325 0.784159
vt 0.593260 0.779779
vt 0.593260 0.779779
vt 0.593260 0.779779
vt 0.593260 0.779779
vt 0.593260 0.779779
vt 0.593260 0.779779
vt 0.593260 0.779779
vt 0.593260 0.779779
vt 0.593260 0.779779
vt 0.593260 0.779779
vt 0.593260 0.779779
vt 0.593260 0.779779
vt 0.593260 0.779779
vt 0.593260 0.779779
vt 0.593260 0.779779
vt 0.593260 0.779779
vt 0.593260 0.779779
vt 0.593260 0.779779
vt 0.593260 0.779779
vt 0.593260 0.779779
vt 0.593260 0.779779
vt 0.593260 0.779779
vt 0.593260 0.779779
vt 0.593260 0.779779
vt 0.593260 0.779779
vt 0.593260 0.779779
vt 0.593260 0.779779
vt 0.593260 0.779779
vt 0.593260 0.779779
vt 0.593260 0.779779
vt 0.593260 0.779779
vt 0.593260 0.779779
vt 0.593260 0.779779
vt 0.593260 0.779779
vt 0.593260 0.779779
vt 0.593260 0.779779
vt 0.593260 0.779779
vt 0.593260 0.779779
vt 0.593260 0.779779
vt 0.593260 0.779779
vt 0.593260 0.779779
vt 0.593260 0.779779
vt 0.593260 0.779779
vt 0.593260 0.779779
vt 0.593260 0.779779
vt 0.593260 0.779779
vt 0.593260 0.779779
vt 0.593260 0.779779
vt 0.593260 0.779779
vt 0.593260 0.779779
vt 0.593260 0.779779
vt 0.593260 0.779779
vt 0.593260 0.779779
vt 0.593260 0.779779
vt 0.593260 0.779779
vt 0.593260 0.779779
vt 0.593260 0.779779
vt 0.593260 0.779779
vt 0.593260 0.779779
vt 0.593260 0.779779
vt 0.593260 0.779779
vt 0.593260 0.779779
vt 0.593260 0.779779
vt 0.593260 0.779779
vt 0.593260 0.779779
vt 0.593260 0.779779
vt 0.593260 0.779779
vt 0.593260 0.779779
vt 0.593260 0.779779
vt 0.593260 0.779779
vt 0.593260 0.779779
vt 0.593260 0.779779
vt 0.593260 0.779779
vt 0.593260 0.779779
vt 0.593260 0.779779
vt 0.593260 0.779779
vt 0.593260 0.779779
vt 0.593260 0.779779
vt 0.593260 0.779779
vt 0.593260 0.779779
vt 0.593260 0.779779
vt 0.593260 0.779779
vt 0.593260 0.779779
vt 0.593260 0.779779
vt 0.593260 0.779779
vt 0.593260 0.779779
vt 0.593260 0.779779
vt 0.593260 0.779779
vt 0.593260 0.779779
vt 0.593260 0.779779
vt 0.593260 0.779779
vt 0.593260 0.779779
vt 0.593260 0.779779
vt 0.593260 0.779779
vt 0.593260 0.779779
vt 0.593260 0.779779
vt 0.593260 0.779779
vt 0.593260 0.779779
vt 0.593260 0.779779
vt 0.593260 0.779779
vt 0.593260 0.779779
vt 0.593260 0.779779
vt 0.593260 0.779779
vt 0.593260 0.779779
vt 0.593260 0.779779
vt 0.593260 0.779779
vt 0.593260 0.779779
vt 0.593260 0.779779
vt 0.593260 0.779779
vt 0.593260 0.779779
vt 0.593260 0.779779
vt 0.593260 0.779779
vt 0.593260 0.779779
vt 0.593260 0.779779
vt 0.593260 0.779779
vt 0.593260 0.779779
vt 0.593260 0.779779
vt 0.593260 0.779779
vt 0.593260 0.779779
vt 0.593260 0.779779
vt 0.593260 0.779779
vt 0.593260 0.779779
vt 0.593260 0.779779
vt 0.593260 0.779779
vt 0.593260 0.779779
vt 0.593260 0.779779
vt 0.593260 0.779779
vt 0.593260 0.779779
vt 0.593260 0.779779
vt 0.593260 0.779779
vt 0.593260 0.779779
vt 0.593260 0.779779
vt 0.593260 0.779779
vt 0.593260 0.779779
vt 0.593260 0.779779
vt 0.593260 0.779779
vt 0.593260 0.779779
vt 0.593260 0.779779
vt 0.593260 0.779779
vt 0.593260 0.779779
vt 0.593260 0.779779
vt 0.593260 0.779779
vt 0.593260 0.779779
vt 0.593260 0.779779
vt 0.593260 0.779779
vt 0.593260 0.779779
vt 0.593260 0.779779
vt 0.593260 0.779779
vt 0.593260 0.779779
vt 0.593260 0.779779
vt 0.593260 0.779779
vt 0.593260 0.779779
vt 0.593260 0.779779
vt 0.593260 0.779779
vt 0.593260 0.779779
vt 0.593260 0.779779
vt 0.593260 0.779779
vt 0.593260 0.779779
vt 0.593260 0.779779
vt 0.593260 0.779779
vt 0.593260 0.779779
vt 0.593260 0.779779
vt 0.593260 0.779779
vt 0.593260 0.779779
vt 0.593260 0.779779
vt 0.593260 0.779779
vt 0.593260 0.779779
vt 0.593260 0.779779
vt 0.593260 0.779779
vt 0.593260 0.779779
vt 0.593260 0.779779
vt 0.593260 0.779779
vt 0.593260 0.779779
vt 0.593260 0.779779
vt 0.593260 0.779779
vt 0.593260 0.779779
vt 0.593260 0.779779
vt 0.593260 0.779779
vt 0.717500 0.781250
vt 0.717500 0.781250
vt 0.717500 0.781250
vt 0.717500 0.781250
vt 0.717500 0.781250
vt 0.717500 0.781250
vt 0.717500 0.781250
vt 0.717500 0.781250
vt 0.717500 0.781250
vt 0.717500 0.781250
vt 0.717500 0.781250
vt 0.717500 0.781250
vt 0.717500 0.781250
vt 0.717500 0.781250
vt 0.717500 0.781250
vt 0.717500 0.781250
vt 0.717500 0.781250
vt 0.717500 0.781250
vt 0.717500 0.781250
vt 0.717500 0.781250
vt 0.717500 0.781250
vt 0.717500 0.781250
vt 0.717500 0.781250
vt 0.717500 0.781250
vt 0.717500 0.781250
vt 0.717500 0.781250
vt 0.717500 0.781250
vt 0.717500 0.781250
vt 0.717500 0.781250
vt 0.717500 0.781250
vt 0.717500 0.781250
vt 0.717500 0.781250
vt 0.717500 0.781250
vt 0.717500 0.781250
vt 0.717500 0.781250
vt 0.717500 0.781250
vt 0.717500 0.781250
vt 0.717500 0.781250
vt 0.717500 0.781250
vt 0.717500 0.781250
vt 0.717500 0.781250
vt 0.717500 0.781250
vt 0.717500 0.781250
vt 0.717500 0.781250
vt 0.717500 0.781250
vt 0.717500 0.781250
vt 0.717500 0.781250
vt 0.717500 0.781250
vt 0.717500 0.781250
vt 0.717500 0.781250
vt 0.717500 0.781250
vt 0.717500 0.781250
vt 0.717500 0.781250
vt 0.717500 0.781250
vt 0.717500 0.781250
vt 0.717500 0.781250
vt 0.717500 0.781250
vt 0.717500 0.781250
vt 0.717500 0.781250
vt 0.717500 0.781250
vt 0.717500 0.781250
vt 0.717500 0.781250
vt 0.717500 0.781250
vt 0.717500 0.781250
vt 0.717500 0.781250
vt 0.717500 0.781250
vt 0.717500 0.781250
vt 0.717500 0.781250
vt 0.717500 0.781250
vt 0.717500 0.781250
vt 0.717500 0.781250
vt 0.717500 0.781250
vt 0.717500 0.781250
vt 0.717500 0.781250
vt 0.717500 0.781250
vt 0.717500 0.781250
vt 0.717500 0.781250
vt 0.717500 0.781250
vt 0.717500 0.781250
vt 0.717500 0.781250
vt 0.717500 0.781250
vt 0.717500 0.781250
vt 0.717500 0.781250
vt 0.717500 0.781250
vt 0.717500 0.781250
vt 0.717500 0.781250
vt 0.717500 0.781250
vt 0.717500 0.781250
vt 0.717500 0.781250
vt 0.717500 0.781250
vt 0.717500 0.781250
vt 0.717500 0.781250
vt 0.717500 0.781250
vt 0.717500 0.781250
vt 0.717500 0.781250
vt 0.717500 0.781250
vt 0.717500 0.781250
vt 0.717500 0.781250
vt 0.717500 0.781250
vt 0.717500 0.781250
vt 0.717500 0.781250
vt 0.717500 0.781250
vt 0.717500 0.781250
vt 0.717500 0.781250
vt 0.717500 0.781250
vt 0.717500 0.781250
vt 0.717500 0.781250
vt 0.717500 0.781250
vt 0.717500 0.781250
vt 0.717500 0.781250
vt 0.717500 0.781250
vt 0.717500 0.781250
vt 0.717500 0.781250
vt 0.717500 0.781250
vt 0.717500 0.781250
vt 0.717500 0.781250
vt 0.717500 0.781250
vt 0.717500 0.781250
vt 0.717500 0.781250
vt 0.717500 0.781250
vt 0.717500 0.781250
vt 0.717500 0.781250
vt 0.717500 0.781250
vt 0.717500 0.781250
vt 0.717500 0.781250
vt 0.717500 0.781250
vt 0.717500 0.781250
vt 0.717500 0.781250
vt 0.717500 0.781250
vt 0.717500 0.781250
vt 0.717500 0.781250
vt 0.717500 0.781250
vt 0.717500 0.781250
vt 0.717500 0.781250
vt 0.717500 0.781250
vt 0.717500 0.781250
vt 0.717500 0.781250
vt 0.717500 0.781250
vt 0.717500 0.781250
vt 0.717500 0.781250
vt 0.717500 0.781250
vt 0.717500 0.781250
vt 0.717500 0.781250
vt 0.717500 0.781250
vt 0.717500 0.781250
vt 0.717500 0.781250
vt 0.717500 0.781250
vt 0.717500 0.781250
vt 0.717500 0.781250
vt 0.717500 0.781250
vt 0.717500 0.781250
vt 0.717500 0.781250
vt 0.717500 0.781250
vt 0.717500 0.781250
vt 0.717500 0.781250
vt 0.717500 0.781250
vt 0.717500 0.781250
vt 0.717500 0.781250
vt 0.717500 0.781250
vt 0.717500 0.781250
vt 0.717500 0.781250
vt 0.717500 0.781250
vt 0.717500 0.781250
vt 0.717500 0.781250
vt 0.717500 0.781250
vt 0.717500 0.781250
vt 0.717500 0.781250
vt 0.717500 0.781250
vt 0.717500 0.781250
vt 0.717500 0.781250
vt 0.717500 0.781250
vt 0.717500 0.781250
vt 0.717500 0.781250
vt 0.717500 0.781250
vt 0.717500 0.781250
vt 0.717500 0.781250
vt 0.717500 0.781250
vt 0.717500 0.781250
vt 0.717500 0.781250
vt 0.717500 0.781250
vt 0.717500 0.781250
vt 0.717500 0.781250
vt 0.717500 0.781250
vt 0.717500 0.781250
vt 0.717500 0.781250
vt 0.717500 0.781250
vt 0.717500 0.781250
vt 0.717500 0.781250
vt 0.717500 0.781250
vt 0.717500 0.781250
vt 0.717500 0.781250
vt 0.717500 0.781250
vt 0.717500 0.781250
vt 0.717500 0.781250
vt 0.717500 0.781250
vt 0.717500 0.781250
vt 0.717500 0.781250
vt 0.717500 0.781250
vt 0.717500 0.781250
vt 0.717500 0.781250
vt 0.717500 0.781250
vt 0.717500 0.781250
vt 0.717500 0.781250
vt 0.717500 0.781250
vt 0.717500 0.781250
vt 0.717500 0.781250
vt 0.717500 0.781250
vt 0.717500 0.781250
vt 0.717500 0.781250
vt 0.717500 0.781250
vt 0.717500 0.781250
vt 0.717500 0.781250
vt 0.717500 0.781250
vt 0.717500 0.781250
vt 0.717500 0.781250
vt 0.717500 0.781250
vt 0.717500 0.781250
vt 0.717500 0.781250
vt 0.717500 0.781250
vt 0.717500 0.781250
vt 0.717500 0.781250
vt 0.717500 0.781250
vt 0.717500 0.781250
vt 0.717500 0.781250
vt 0.717500 0.781250
vt 0.717500 0.781250
vt 0.717500 0.781250
vt 0.717500 0.781250
vt 0.717500 0.781250
vt 0.717500 0.781250
vt 0.717500 0.781250
vt 0.717500 0.781250
vt 0.717500 0.781250
vt 0.717500 0.781250
vt 0.717500 0.781250
vt 0.717500 0.781250
vt 0.717500 0.781250
vt 0.717500 0.781250
vt 0.717500 0.781250
vt 0.717500 0.781250
vt 0.717500 0.781250
vt 0.717500 0.781250
vt 0.717500 0.781250
vt 0.717500 0.781250
vt 0.717500 0.781250
vt 0.717500 0.781250
vt 0.717500 0.781250
vt 0.717500 0.781250
vt 0.717500 0.781250
vt 0.717500 0.781250
vt 0.717500 0.781250
vt 0.717500 0.781250
vt 0.717500 0.781250
vt 0.717500 0.781250
vt 0.717500 0.781250
vt 0.717500 0.781250
vt 0.717500 0.781250
vt 0.717500 0.781250
vt 0.717500 0.781250
vt 0.717500 0.781250
vt 0.717500 0.781250
vt 0.717500 0.781250
vt 0.717500 0.781250
vt 0.717500 0.781250
vt 0.717500 0.781250
vt 0.717500 0.781250
vt 0.717500 0.781250
vt 0.717500 0.781250
vt 0.717500 0.781250
vt 0.717500 0.781250
vt 0.717500 0.781250
vt 0.717500 0.781250
vt 0.717500 0.781250
vt 0.717500 0.781250
vt 0.717500 0.781250
vt 0.717500 0.781250
vt 0.717500 0.781250
vt 0.717500 0.781250
vt 0.717500 0.781250
vt 0.717500 0.781250
vt 0.717500 0.781250
vt 0.717500 0.781250
vt 0.717500 0.781250
vt 0.717500 0.781250
vt 0.717500 0.781250
vt 0.717500 0.781250
vt 0.717500 0.781250
vt 0.717500 0.781250
vt 0.717500 0.781250
vt 0.717500 0.781250
vt 0.717500 0.781250
vt 0.717500 0.781250
vt 0.717500 0.781250
vt 0.717500 0.781250
vt 0.717500 0.781250
vt 0.717500 0.781250
vt 0.717500 0.781250
vt 0.717500 0.781250
vt 0.717500 0.781250
vt 0.717500 0.781250
vt 0.717500 0.781250
vt 0.717500 0.781250
vt 0.717500 0.781250
vt 0.717500 0.781250
vt 0.717500 0.781250
vt 0.717500 0.781250
vt 0.717500 0.781250
vt 0.717500 0.781250
vt 0.717500 0.781250
vt 0.717500 0.781250
vt 0.717500 0.781250
vt 0.717500 0.781250
vt 0.717500 0.781250
vt 0.717500 0.781250
vt 0.717500 0.781250
vt 0.717500 0.781250
vt 0.717500 0.781250
vt 0.717500 0.781250
vt 0.717500 0.781250
vt 0.717500 0.781250
vt 0.717500 0.781250
vt 0.717500 0.781250
vt 0.717500 0.781250
vt 0.717500 0.781250
vt 0.717500 0.781250
vt 0.717500 0.781250
vt 0.717500 0.781250
vt 0.717500 0.781250
vt 0.717500 0.781250
vt 0.717500 0.781250
vt 0.717500 0.781250
vt 0.717500 0.781250
vt 0.717500 0.781250
vt 0.717500 0.781250
vt 0.717500 0.781250
vt 0.717500 0.781250
vt 0.717500 0.781250
vt 0.717500 0.781250
vt 0.717500 0.781250
vt 0.717500 0.781250
vt 0.717500 0.781250
vt 0.717500 0.781250
vt 0.717500 0.781250
vt 0.717500 0.781250
vt 0.717500 0.781250
vt 0.717500 0.781250
vt 0.717500 0.781250
vt 0.717500 0.781250
vt 0.717500 0.781250
vt 0.717500 0.781250
vt 0.717500 0.781250
vt 0.717500 0.781250
vt 0.717500 0.781250
vt 0.717500 0.781250
vt 0.717500 0.781250
vt 0.717500 0.781250
vt 0.717500 0.781250
vt 0.717500 0.781250
vt 0.717500 0.781250
vt 0.717500 0.781250
vt 0.717500 0.781250
vt 0.717500 0.781250
vt 0.717500 0.781250
vt 0.717500 0.781250
vt 0.717500 0.781250
vt 0.717500 0.781250
vt 0.717500 0.781250
vt 0.717500 0.781250
vt 0.717500 0.781250
vt 0.717500 0.781250
vt 0.717500 0.781250
vt 0.717500 0.781250
vt 0.717500 0.781250
vt 0.717500 0.781250
vt 0.717500 0.781250
vt 0.717500 0.781250
vt 0.717500 0.781250
vt 0.717500 0.781250
vt 0.717500 0.781250
vt 0.717500 0.781250
vt 0.717500 0.781250
vt 0.717500 0.781250
vt 0.717500 0.781250
vt 0.717500 0.781250
vn 1.0000 0.0000 0.0000
vn 0.0000 0.0000 -1.0000
vn 0.0000 1.0000 0.0000
vn 0.0000 0.0000 1.0000
vn -1.0000 0.0000 0.0000
vn 0.7071 0.0000 0.7071
vn -0.7071 0.0000 0.7071
vn -0.7071 0.0000 -0.7071
vn 0.7071 0.0000 -0.7071
vn 0.0000 -1.0000 -0.0000
vn 0.3317 0.0000 -0.9434
vn 0.3496 0.0000 -0.9369
vn 0.3496 0.0000 0.9369
vn 0.2935 0.0000 0.9560
vn 0.2935 -0.0013 0.9560
vn 0.0228 -0.6065 -0.7947
vn 0.3317 0.0014 -0.9434
vn -0.0248 0.5059 0.8623
vn -0.0408 -0.6216 0.7822
vn 0.0654 0.4940 -0.8670
vn 0.4809 0.0000 -0.8767
vn 0.4809 -0.0000 0.8767
vn 0.0000 -0.0084 1.0000
vn 0.0000 0.0084 -1.0000
vn 0.9995 -0.0305 -0.0000
vn 0.3830 0.9238 0.0000
vn 0.0000 -0.0004 -1.0000
vn 0.0000 -0.0004 1.0000
vn 0.7577 -0.6526 -0.0000
vn 0.7719 0.6358 0.0000
vn 0.7719 -0.6357 -0.0000
vn 0.7719 0.6357 0.0000
vn 0.7719 -0.6358 -0.0000
vn 0.0000 0.4788 0.8779
vn -0.6085 0.7934 -0.0138
vn -0.0083 0.5151 -0.8571
vn 0.9250 0.0172 0.3795
vn -0.8968 -0.4420 0.0198
vn 0.1711 -0.4881 0.8558
vn 0.6091 0.7930 -0.0135
vn 0.6314 0.7754 0.0000
vn -0.6086 0.7934 0.0139
vn -0.6314 0.7754 0.0000
vn -0.2225 0.9749 0.0000
vn -0.2415 0.9701 0.0251
vn -0.2415 0.9701 -0.0250
vn -0.0058 0.6601 -0.7511
vn -0.0002 0.6468 0.7626
vn 0.0002 0.6468 0.7626
vn 0.0057 0.6602 -0.7511
vn 0.0000 0.4882 -0.8727
vn 0.0000 0.5041 0.8637
vn 0.0082 0.5152 -0.8570
vn 0.2415 0.9701 -0.0250
vn 0.2415 0.9701 0.0251
vn 0.2225 0.9749 0.0000
vn 0.9950 0.1001 0.0000
vn 0.0021 0.6700 -0.7424
vn 0.0001 0.7172 0.6969
vn -0.0001 0.7172 0.6969
vn -0.0022 0.6699 -0.7424
vn 0.1711 -0.4881 -0.8558
vn 0.1711 0.5746 0.8004
vn -0.3658 -0.2090 -0.9069
vn 0.0000 -0.0902 -0.9959
vn 0.9210 0.0001 -0.3896
vn 0.0000 -0.0008 1.0000
vn 0.6092 0.7929 0.0136
vn -0.9071 -0.4208 -0.0000
vn 0.0000 0.6673 0.7448
vn -0.5173 -0.8558 -0.0005
vn 0.0000 0.6620 -0.7495
vn 0.0309 0.6250 -0.7800
vn 0.0368 0.6227 0.7816
vn -0.0076 -0.6326 -0.7744
vn 1.0000 0.0089 0.0000
vn -0.0076 -0.6326 0.7744
vn -0.0076 -1.0000 0.0000
vn -0.0090 -0.6238 0.7815
vn 0.9989 -0.0469 0.0000
vn -0.0090 -0.6238 -0.7815
vn -0.0030 0.5973 0.8020
vn -0.0023 0.5998 -0.8002
vn 0.9992 -0.0253 -0.0323
vn 0.9992 -0.0253 0.0323
vn -0.0012 -0.9953 -0.0968
vn -0.0050 -0.5860 0.8103
vn -0.0761 0.7789 -0.6225
vn 0.9660 -0.2540 -0.0489
vn -0.0011 -0.9930 0.1182
vn -0.0050 -0.5758 -0.8176
vn -0.0817 0.8027 0.5908
vn 0.9642 -0.2616 0.0429
vn -0.0012 -0.9914 -0.1310
vn -0.0135 -0.9439 0.3301
vn -0.7906 -0.6123 0.0000
vn -0.8514 0.4080 0.3297
vn -0.7285 -0.2821 -0.6243
vn -0.5039 0.0000 -0.8638
vn -0.7135 0.3419 -0.6115
vn -0.7220 0.6919 0.0000
vn -0.7906 -0.0000 0.6123
vn -0.8514 0.4080 -0.3297
vn -0.7285 -0.2821 0.6243
vn -0.5039 -0.0000 0.8638
vn -0.7135 0.3419 0.6115
vn -0.7906 0.0000 -0.6123
vn 0.1005 -0.4375 0.8936
vn -0.6831 0.7303 0.0000
vn 0.5368 -0.8437 0.0000
vn -0.9125 -0.4092 0.0000
vn -0.3556 -0.0591 0.9328
vn 0.6770 -0.7279 -0.1090
vn 0.6612 -0.7465 0.0746
vn -0.6627 0.7489 0.0000
vn 0.0186 0.9991 0.0372
vn 0.6726 -0.7400 0.0047
vn -0.0005 1.0000 0.0018
vn -0.9999 -0.0005 -0.0154
vn -1.0000 -0.0023 -0.0063
vn 0.0005 -1.0000 -0.0019
vn 0.6483 -0.7614 0.0012
vn 0.6798 -0.7334 -0.0000
vn -0.1005 -0.4375 0.8936
vn 0.6831 0.7303 0.0000
vn -0.5368 -0.8437 0.0000
vn 0.9124 -0.4092 0.0000
vn 0.3556 -0.0591 0.9328
vn -0.6770 -0.7279 -0.1090
vn -0.6612 -0.7465 0.0746
vn 0.6627 0.7489 0.0000
vn -0.0186 0.9991 0.0372
vn -0.6726 -0.7400 0.0047
vn 0.0005 1.0000 0.0018
vn 0.9999 -0.0005 -0.0154
vn 1.0000 -0.0023 -0.0063
vn -0.0005 -1.0000 -0.0019
vn -0.6483 -0.7614 0.0012
vn -0.6798 -0.7334 -0.0000
vn 0.1005 -0.4375 -0.8936
vn -0.9124 -0.4092 -0.0000
vn -0.3556 -0.0591 -0.9328
vn 0.6770 -0.7279 0.1090
vn 0.6612 -0.7465 -0.0746
vn 0.0186 0.9991 -0.0372
vn 0.6726 -0.7400 -0.0047
vn -0.0005 1.0000 -0.0017
vn -0.9999 -0.0005 0.0154
vn -1.0000 -0.0023 0.0063
vn 0.0005 -1.0000 0.0019
vn 0.6483 -0.7614 -0.0013
vn -0.1005 -0.4375 -0.8936
vn 0.3556 -0.0591 -0.9328
vn -0.6770 -0.7279 0.1090
vn -0.6612 -0.7465 -0.0746
vn -0.0186 0.9991 -0.0372
vn -0.6726 -0.7400 -0.0047
vn 0.0005 1.0000 -0.0017
vn 0.9999 -0.0005 0.0154
vn 1.0000 -0.0023 0.0063
vn -0.0005 -1.0000 0.0019
vn -0.6483 -0.7614 -0.0013
vn 0.6365 -0.0000 0.7712
vn -0.6365 -0.0000 0.7712
vn -0.6365 0.0000 -0.7712
vn 0.6365 0.0000 -0.7712
vn 0.4862 -0.6455 0.5891
vn -0.7460 -0.6659 0.0000
vn 0.0000 -0.5026 0.8645
vn 0.0000 -0.5025 -0.8646
vn 0.7460 -0.6659 0.0000
vn 0.6307 0.1356 -0.7641
vn -0.6307 0.1356 -0.7641
vn -0.6307 0.1356 0.7641
vn -0.4862 -0.6454 0.5891
vn -0.4862 -0.6454 -0.5891
vn 0.4862 -0.6454 -0.5891
vn 0.9897 0.1430 0.0000
vn 0.0000 0.0937 -0.9956
vn 0.0000 0.0937 0.9956
vn -0.9897 0.1430 0.0000
vn 0.6307 0.1356 0.7641
vn -0.1920 -0.1317 0.9725
vn -0.6604 0.2613 -0.7040
vn -0.0643 0.1833 -0.9809
vn 0.7007 -0.0099 0.7134
vn -0.5692 -0.8105 -0.1381
vn 0.3621 0.2192 0.9060
vn 0.4929 0.4529 -0.7429
vn 0.6426 0.6950 0.3225
vn 0.3172 0.2073 0.9254
vn -0.0113 -0.9943 0.1058
vn -0.1733 -0.9814 -0.0828
vn -0.4262 -0.9029 -0.0553
vn 0.8596 0.1384 -0.4918
vn 0.9748 0.2029 -0.0924
vn 0.5572 -0.0247 0.8300
vn -0.6842 0.2445 0.6871
vn -0.8231 0.2026 0.5305
vn -0.9716 0.2333 -0.0399
vn -0.4576 -0.8638 -0.2106
vn -0.1934 -0.4884 -0.8509
vn -0.1785 -0.9665 0.1844
vn -0.5379 0.2854 0.7932
vn -0.7475 0.4490 0.4896
vn -0.4142 0.4683 -0.7805
vn -0.4300 0.3709 0.8231
vn -0.2598 -0.7934 0.5504
vn 0.0420 0.2424 -0.9693
vn 0.0922 -0.1595 0.9829
vn 0.0353 -0.2910 0.9561
vn 0.1298 -0.1005 -0.9864
vn -0.8782 -0.1472 -0.4551
vn -0.9256 -0.1411 -0.3513
vn -0.8775 -0.1759 0.4460
vn 0.7717 -0.5189 0.3678
vn 0.8932 -0.4269 0.1416
vn 0.8510 -0.1539 -0.5021
vn 0.7431 -0.4855 0.4606
vn -0.0264 -0.0747 -0.9969
vn -0.8574 -0.2490 -0.4505
vn -0.0990 -0.2394 0.9659
vn 0.6792 -0.4517 0.5785
vn -0.7490 -0.2113 0.6280
vn -0.4179 0.1548 0.8952
vn -0.1150 -0.9933 0.0149
vn -0.7761 0.2481 0.5798
vn 0.1041 -0.8144 0.5709
vn 0.2993 0.1309 0.9451
vn 0.9074 0.0475 0.4176
vn -0.9218 -0.1963 -0.3344
vn 0.9716 -0.1286 -0.1986
vn -0.1980 -0.6127 -0.7651
vn -0.1529 0.2794 -0.9479
vn 0.7959 0.1621 -0.5833
vn 0.3659 0.4524 -0.8133
vn -0.4675 -0.6638 -0.5838
vn -0.9312 0.2081 -0.2992
vn 0.5836 -0.2018 -0.7866
vn -0.9837 -0.1796 -0.0084
vn -0.8337 0.5226 -0.1783
vn -0.4471 -0.6562 0.6078
vn -0.9151 0.3453 -0.2080
vn 0.8375 0.2154 -0.5021
vn -0.2373 -0.6260 0.7428
vn 0.6603 0.6083 -0.4404
vn 0.8499 -0.5257 -0.0371
vn -0.9018 -0.1117 -0.4175
vn -0.5900 0.3661 0.7196
vn -0.1512 -0.9480 0.2802
vn -0.7776 0.2347 0.5833
vn 0.9311 0.1620 0.3268
vn -0.1044 -0.8160 0.5686
vn 0.4323 0.5083 0.7448
vn -0.1920 -0.1317 -0.9725
vn -0.6604 0.2613 0.7040
vn -0.0643 0.1833 0.9809
vn 0.7007 -0.0099 -0.7134
vn -0.5692 -0.8105 0.1381
vn 0.3621 0.2192 -0.9060
vn 0.4929 0.4529 0.7429
vn 0.6426 0.6950 -0.3225
vn 0.3172 0.2073 -0.9254
vn -0.0113 -0.9943 -0.1058
vn -0.1733 -0.9814 0.0828
vn -0.4262 -0.9029 0.0553
vn 0.8596 0.1384 0.4918
vn 0.9748 0.2029 0.0924
vn 0.5572 -0.0247 -0.8300
vn -0.6842 0.2445 -0.6871
vn -0.8231 0.2026 -0.5305
vn -0.9716 0.2333 0.0399
vn -0.4576 -0.8639 0.2106
vn -0.1934 -0.4884 0.8509
vn -0.1785 -0.9665 -0.1844
vn -0.5379 0.2854 -0.7932
vn -0.7475 0.4490 -0.4896
vn -0.4142 0.4683 0.7805
vn -0.4300 0.3709 -0.8231
vn -0.2598 -0.7934 -0.5504
vn 0.0420 0.2424 0.9693
vn 0.0922 -0.1595 -0.9829
vn 0.0353 -0.2910 -0.9561
vn 0.1298 -0.1005 0.9864
vn -0.8782 -0.1472 0.4551
vn -0.9256 -0.1411 0.3513
vn -0.8776 -0.1759 -0.4460
vn 0.7717 -0.5189 -0.3678
vn 0.8932 -0.4269 -0.1416
vn 0.8510 -0.1539 0.5021
vn 0.7431 -0.4855 -0.4606
vn -0.0264 -0.0747 0.9969
vn -0.8574 -0.2490 0.4505
vn -0.0990 -0.2394 -0.9659
vn 0.6792 -0.4517 -0.5785
vn -0.7490 -0.2113 -0.6280
vn -0.4179 0.1548 -0.8952
vn -0.1150 -0.9933 -0.0149
vn -0.7761 0.2481 -0.5798
vn 0.1041 -0.8144 -0.5709
vn 0.2993 0.1309 -0.9451
vn 0.9074 0.0475 -0.4176
vn -0.9218 -0.1963 0.3344
vn 0.9716 -0.1286 0.1986
vn -0.1980 -0.6127 0.7651
vn -0.1529 0.2794 0.9479
vn 0.7959 0.1621 0.5833
vn 0.3659 0.4524 0.8133
vn -0.4675 -0.6638 0.5838
vn -0.9312 0.2081 0.2992
vn 0.5836 -0.2018 0.7866
vn -0.9837 -0.1796 0.0084
vn -0.8337 0.5226 0.1783
vn -0.4471 -0.6562 -0.6078
vn -0.9151 0.3453 0.2080
vn 0.8375 0.2154 0.5021
vn -0.2373 -0.6260 -0.7428
vn 0.6603 0.6083 0.4404
vn 0.8499 -0.5257 0.0371
vn -0.9018 -0.1117 0.4175
vn -0.5900 0.3661 -0.7196
vn -0.1512 -0.9479 -0.2803
vn -0.7776 0.2347 -0.5833
vn 0.9311 0.1620 -0.3268
vn -0.1044 -0.8160 -0.5686
vn 0.4323 0.5083 -0.7448
vn -0.7713 0.0000 0.6365
vn -0.7712 0.0000 -0.6365
vn 0.7713 0.0000 -0.6365
vn 0.7713 0.0000 0.6365
vn -0.5891 -0.6454 0.4862
vn 0.0000 -0.6659 -0.7460
vn -0.8646 -0.5025 0.0000
vn 0.8646 -0.5025 -0.0000
vn 0.0000 -0.6659 0.7461
vn 0.7641 0.1356 0.6307
vn 0.7641 0.1356 -0.6307
vn -0.7641 0.1356 -0.6307
vn -0.5891 -0.6455 -0.4862
vn 0.5891 -0.6454 -0.4862
vn 0.5891 -0.6454 0.4862
vn 0.0000 0.1430 0.9897
vn 0.9956 0.0937 0.0000
vn -0.9956 0.0937 0.0000
vn 0.0000 0.1430 -0.9897
vn -0.7641 0.1356 0.6307
vn 0.9872 -0.1564 0.0327
vn -0.5178 0.2886 0.8054
vn -0.9359 0.2214 0.2741
vn 0.6027 0.0551 -0.7961
vn -0.0713 -0.8181 0.5706
vn 0.8291 0.3110 -0.4647
vn -0.7590 0.6062 -0.2375
vn 0.2384 0.7966 -0.5556
vn 0.8769 0.1472 -0.4576
vn 0.0925 -0.9957 -0.0053
vn -0.0595 -0.9824 0.1773
vn 0.0152 -0.9077 0.4193
vn -0.6255 0.1777 -0.7597
vn -0.1882 0.2451 -0.9511
vn 0.7620 -0.0003 -0.6476
vn 0.7708 0.2329 0.5930
vn 0.6133 0.2178 0.7592
vn 0.0553 0.2851 0.9569
vn -0.1441 -0.8679 0.4754
vn -0.7962 -0.5074 0.3296
vn 0.1964 -0.9688 0.1515
vn 0.8428 0.3516 0.4074
vn 0.4296 0.6584 0.6180
vn -0.5439 0.7163 0.4372
vn 0.8702 0.4029 0.2836
vn 0.5562 -0.8127 0.1733
vn -0.9469 0.3028 0.1082
vn 0.9527 -0.1524 -0.2628
vn 0.9329 -0.3017 -0.1966
vn -0.9939 -0.1039 0.0356
vn -0.3164 -0.1855 0.9303
vn -0.2336 -0.1838 0.9548
vn 0.5587 -0.2218 0.7991
vn 0.2287 -0.5057 -0.8318
vn -0.0142 -0.4103 -0.9118
vn -0.6285 -0.1358 -0.7659
vn 0.3251 -0.4692 -0.8211
vn -0.9782 -0.0835 0.1902
vn -0.3232 -0.2786 0.9044
vn 0.9646 -0.2573 -0.0570
vn 0.4630 -0.4350 -0.7723
vn 0.7219 -0.2569 0.6426
vn 0.9437 0.1713 0.2830
vn 0.0231 -0.9928 0.1174
vn 0.6931 0.2114 0.6891
vn 0.5253 -0.8293 -0.1906
vn 0.9054 0.0976 -0.4132
vn 0.3174 0.1149 -0.9413
vn -0.2101 -0.2334 0.9494
vn -0.3227 -0.1029 -0.9409
vn -0.7129 -0.6247 0.3186
vn -0.8535 0.4339 0.2886
vn -0.6935 0.2058 -0.6904
vn -0.7729 0.6135 -0.1621
vn -0.4929 -0.6765 0.5471
vn -0.1628 0.2512 0.9541
vn -0.8747 -0.1944 -0.4439
vn 0.1258 -0.2258 0.9660
vn 0.1428 0.7566 0.6380
vn 0.6429 -0.6830 0.3467
vn -0.1186 0.4061 0.9061
vn -0.6262 0.2586 -0.7355
vn 0.7584 -0.6420 0.1122
vn -0.3798 0.8199 -0.4284
vn -0.1797 -0.5117 -0.8401
vn -0.2540 -0.1565 0.9545
vn 0.7466 0.4820 0.4585
vn 0.2782 -0.9540 0.1121
vn 0.6663 0.2353 0.7076
vn 0.2568 0.1975 -0.9461
vn 0.5564 -0.8309 0.0104
vn 0.7073 0.5012 -0.4985
vn -0.9891 -0.1440 -0.0313
vn 0.5441 0.1517 -0.8252
vn 0.9296 0.1457 -0.3385
vn -0.5745 0.0695 0.8155
vn -0.2876 -0.7155 -0.6367
vn -0.8009 0.3466 0.4883
vn 0.8558 0.4593 0.2381
vn -0.1480 0.8052 0.5742
vn -0.8534 0.2933 0.4310
vn -0.1081 -0.9941 0.0109
vn 0.0359 -0.9817 -0.1869
vn -0.1081 -0.8860 -0.4509
vn 0.7614 0.2775 0.5859
vn 0.2976 0.3464 0.8897
vn -0.7545 0.0420 0.6550
vn -0.7915 0.2274 -0.5673
vn -0.6654 0.1496 -0.7314
vn -0.1331 0.1386 -0.9814
vn 0.1260 -0.8923 -0.4334
vn 0.8144 -0.5108 -0.2753
vn -0.2110 -0.9669 -0.1433
vn -0.8528 0.3351 -0.4004
vn -0.5462 0.5424 -0.6383
vn 0.6798 0.5232 -0.5139
vn -0.8538 0.4298 -0.2937
vn -0.6022 -0.7781 -0.1786
vn 0.9647 0.2600 -0.0430
vn -0.9562 -0.1519 0.2503
vn -0.9361 -0.2949 0.1920
vn 0.9929 -0.1169 0.0218
vn 0.2706 -0.2583 -0.9274
vn 0.2087 -0.2332 -0.9498
vn -0.5913 -0.2243 -0.7747
vn -0.2541 -0.4873 0.8354
vn 0.1166 -0.4129 0.9033
vn 0.8173 -0.1132 0.5649
vn -0.3612 -0.4634 0.8092
vn 0.8538 -0.1102 -0.5089
vn 0.2960 -0.3655 -0.8825
vn -0.9676 -0.2458 0.0580
vn -0.4745 -0.4219 0.7726
vn -0.7414 -0.2469 -0.6240
vn -0.9465 0.1804 -0.2675
vn -0.0311 -0.9935 -0.1094
vn -0.7112 0.2149 -0.6693
vn -0.5527 -0.8090 0.2001
vn -0.8765 0.2209 0.4278
vn -0.1975 0.1702 0.9654
vn 0.2100 -0.3147 -0.9257
vn 0.8790 -0.1027 0.4655
vn 0.7101 -0.6521 -0.2655
vn 0.9054 0.2958 -0.3047
vn 0.8816 0.2149 0.4203
vn 0.8898 0.4542 0.0437
vn 0.2034 -0.6981 -0.6865
vn 0.0481 0.0756 -0.9960
vn 0.8760 -0.1856 0.4452
vn -0.1929 -0.2827 -0.9396
vn -0.0461 0.6178 -0.7850
vn -0.6620 -0.6726 -0.3307
vn 0.0065 0.2779 -0.9606
vn 0.6644 0.3349 0.6681
vn -0.7866 -0.6172 -0.0173
vn 0.7006 0.5732 0.4250
vn 0.2051 -0.4980 0.8426
vn 0.1689 -0.1921 -0.9667
vn -0.7729 0.4383 -0.4588
vn -0.2955 -0.9495 -0.1054
vn -0.7086 0.1982 -0.6772
vn -0.1831 0.2897 0.9395
vn -0.5739 -0.8186 0.0237
vn -0.6307 0.6207 0.4658
vn 0.9779 -0.2076 -0.0254
vn -0.5662 0.2925 0.7707
vn -0.9566 0.2082 0.2039
vn 0.6022 -0.1008 -0.7920
vn -0.0437 -0.8105 0.5841
vn 0.8019 0.2368 -0.5485
vn -0.8037 0.4825 -0.3483
vn 0.1903 0.7362 -0.6495
vn 0.8788 0.2171 -0.4249
vn 0.1062 -0.9943 -0.0060
vn -0.0535 -0.9814 0.1845
vn 0.0148 -0.9029 0.4296
vn -0.6713 0.1032 -0.7340
vn -0.2655 0.1405 -0.9538
vn 0.7247 -0.0913 -0.6830
vn 0.8427 0.2430 0.4805
vn 0.7080 0.1949 0.6788
vn 0.1497 0.2605 0.9538
vn -0.1334 -0.8638 0.4858
vn -0.8081 -0.4884 0.3292
vn 0.2110 -0.9665 0.1462
vn 0.8770 0.2929 0.3808
vn 0.6211 0.4561 0.6373
vn -0.6809 0.4920 0.5426
vn 0.8755 0.3671 0.3144
vn 0.5854 -0.7934 0.1668
vn -0.9563 0.2675 0.1182
vn 0.9420 -0.2243 -0.2497
vn 0.9292 -0.3156 -0.1923
vn -0.9943 -0.1012 0.0322
vn -0.2839 -0.1480 0.9474
vn -0.0540 -0.1243 0.9908
vn 0.6354 -0.1371 0.7599
vn 0.3019 -0.5508 -0.7781
vn -0.0126 -0.4771 -0.8787
vn -0.6721 -0.1797 -0.7183
vn 0.3712 -0.5270 -0.7645
vn -0.9799 -0.0734 0.1857
vn -0.3100 -0.2528 0.9165
vn 0.9638 -0.2587 -0.0642
vn 0.4487 -0.4974 -0.7424
vn 0.7553 -0.1720 0.6324
vn 0.9545 0.1600 0.2517
vn 0.0335 -0.9933 0.1110
vn 0.8310 0.2714 0.4856
vn 0.5462 -0.8146 -0.1954
vn 0.8877 0.1567 -0.4330
vn 0.2552 -0.0435 -0.9659
vn -0.1827 -0.2007 0.9625
vn -0.4133 -0.1555 -0.8972
vn -0.7227 -0.6128 0.3198
vn -0.8964 0.3159 0.3110
vn -0.7422 0.1406 -0.6552
vn -0.8381 0.4933 -0.2330
vn -0.5000 -0.6638 0.5562
vn -0.1327 0.2387 0.9620
vn -0.8625 -0.2273 -0.4522
vn 0.1877 -0.1741 0.9667
vn -0.0917 0.5251 0.8461
vn 0.6724 -0.6562 0.3423
vn 0.0092 0.3726 0.9279
vn -0.6726 0.1835 -0.7169
vn 0.7716 -0.6260 0.1133
vn -0.5402 0.6416 -0.5445
vn -0.1392 -0.5769 -0.8048
vn -0.2430 -0.0756 0.9671
vn 0.8132 0.3751 0.4450
vn 0.3011 -0.9480 0.1036
vn 0.7381 0.2431 0.6294
vn 0.1733 0.0887 -0.9809
vn 0.5780 -0.8160 0.0106
vn 0.6571 0.5441 -0.5218
vn -0.9875 -0.1023 -0.1197
vn 0.8862 0.1474 -0.4392
vn 0.9750 0.1908 -0.1142
vn -0.6312 -0.0306 0.7750
vn 0.0920 -0.7842 -0.6137
vn -0.8653 0.2804 0.4156
vn 0.7162 0.5678 0.4058
vn -0.0977 0.8617 0.4980
vn -0.9097 0.2657 0.3191
vn -0.1104 -0.9939 0.0071
vn 0.0588 -0.9821 -0.1791
vn 0.0033 -0.9000 -0.4359
vn 0.5194 0.1598 0.8395
vn 0.1630 0.2275 0.9600
vn -0.7685 -0.0485 0.6380
vn -0.6679 0.2935 -0.6840
vn -0.4700 0.1739 -0.8653
vn 0.0779 0.1672 -0.9828
vn 0.1765 -0.8383 -0.5159
vn 0.8051 -0.5090 -0.3046
vn -0.2060 -0.9675 -0.1469
vn -0.7708 0.3322 -0.5436
vn -0.3744 0.5533 -0.7441
vn 0.7239 0.5974 -0.3450
vn -0.8117 0.4364 -0.3883
vn -0.5703 -0.7909 -0.2220
vn 0.9722 0.2218 0.0755
vn -0.9681 -0.1539 0.1975
vn -0.9441 -0.2864 0.1633
vn 0.9845 -0.1633 0.0636
vn 0.3667 -0.2001 -0.9086
vn 0.3911 -0.1791 -0.9028
vn -0.4621 -0.1544 -0.8733
vn -0.3199 -0.5550 0.7679
vn -0.0555 -0.4876 0.8713
vn 0.5861 -0.2105 0.7824
vn -0.3646 -0.5157 0.7753
vn 0.9858 -0.0744 -0.1503
vn 0.6855 -0.2046 -0.6987
vn -0.9771 -0.2129 0.0037
vn -0.4802 -0.4861 0.7302
vn -0.6764 -0.1883 -0.7120
vn -0.8910 0.1845 -0.4149
vn -0.0383 -0.9942 -0.1005
vn -0.5927 0.2737 -0.7574
vn -0.5449 -0.8182 0.1831
vn -0.9346 0.1564 0.3195
vn -0.2609 0.0417 0.9645
vn 0.5457 -0.2442 -0.8016
vn 0.2725 -0.2043 0.9402
vn 0.7383 -0.5997 -0.3086
vn 0.9578 0.2847 -0.0403
vn 0.6094 0.1774 0.7727
vn 0.7593 0.5541 0.3412
vn 0.5220 -0.6483 -0.5542
vn 0.5060 0.1399 -0.8511
vn 0.8459 -0.2387 0.4769
vn -0.0100 -0.1920 -0.9813
vn 0.1114 0.6377 -0.7622
vn -0.6527 -0.6309 -0.4194
vn 0.2415 0.2939 -0.9248
vn 0.5454 0.2515 0.7995
vn -0.7704 -0.6234 -0.1336
vn 0.3118 0.8153 0.4879
vn 0.1146 -0.5860 0.8021
vn 0.4124 -0.1392 -0.9003
vn -0.6654 0.4402 -0.6029
vn -0.2955 -0.9492 -0.1083
vn -0.4270 0.2884 -0.8570
vn -0.2452 0.1768 0.9532
vn -0.5735 -0.8189 -0.0222
vn -0.6263 0.6760 0.3883
vn 0.2549 0.9670 -0.0000
vn 0.4931 0.8700 -0.0000
vn 0.4931 0.8037 -0.3329
vn 0.2549 0.8934 -0.3701
vn -0.9618 0.2739 -0.0000
vn -0.9618 0.2530 -0.1048
vn 0.8590 0.5120 -0.0000
vn 0.9618 0.2739 -0.0000
vn 0.9618 0.2531 -0.1048
vn 0.8590 0.4730 -0.1960
vn -0.6991 0.7151 -0.0000
vn -0.4931 0.8700 -0.0000
vn -0.4931 0.8037 -0.3329
vn -0.6991 0.6606 -0.2737
vn 0.0000 0.9239 -0.3827
vn 0.6991 0.7151 -0.0000
vn 0.6991 0.6606 -0.2737
vn -0.8590 0.5120 -0.0000
vn -0.8590 0.4730 -0.1960
vn -0.2548 0.9670 -0.0000
vn -0.2549 0.8934 -0.3701
vn 0.8590 0.3620 -0.3621
vn 0.6991 0.5056 -0.5056
vn -0.6991 0.5056 -0.5056
vn -0.8590 0.3620 -0.3621
vn 0.0000 0.7071 -0.7071
vn -0.2549 0.6838 -0.6838
vn 0.4931 0.6152 -0.6152
vn -0.9618 0.1937 -0.1937
vn 0.9618 0.1937 -0.1937
vn -0.4931 0.6152 -0.6152
vn 0.2549 0.6838 -0.6838
vn -0.9618 0.1048 -0.2530
vn 0.9618 0.1048 -0.2531
vn 0.8590 0.1959 -0.4730
vn -0.4931 0.3329 -0.8038
vn -0.6991 0.2736 -0.6606
vn 0.2549 0.3700 -0.8934
vn -0.0000 0.3827 -0.9239
vn 0.6991 0.2736 -0.6606
vn -0.8590 0.1959 -0.4730
vn -0.2549 0.3700 -0.8934
vn 0.4931 0.3329 -0.8038
vn 0.6991 -0.0000 -0.7151
vn 0.4931 0.0000 -0.8700
vn -0.8590 -0.0000 -0.5120
vn -0.9618 -0.0000 -0.2739
vn 0.9617 -0.0000 -0.2739
vn -0.2549 0.0000 -0.9670
vn -0.4931 0.0000 -0.8700
vn 0.2549 0.0000 -0.9670
vn 0.8590 -0.0000 -0.5120
vn -0.6991 -0.0000 -0.7151
vn 0.8590 -0.1959 -0.4730
vn 0.6991 -0.2736 -0.6606
vn -0.6991 -0.2736 -0.6606
vn -0.8590 -0.1959 -0.4730
vn -0.0000 -0.3827 -0.9239
vn -0.2549 -0.3700 -0.8934
vn 0.4931 -0.3329 -0.8038
vn -0.9618 -0.1048 -0.2530
vn 0.9618 -0.1048 -0.2531
vn -0.4931 -0.3329 -0.8038
vn 0.2549 -0.3700 -0.8934
vn 0.4931 -0.6152 -0.6152
vn 0.2549 -0.6838 -0.6838
vn -0.9618 -0.1937 -0.1937
vn 0.9618 -0.1937 -0.1937
vn 0.8590 -0.3620 -0.3621
vn -0.4931 -0.6152 -0.6152
vn -0.6991 -0.5056 -0.5056
vn -0.0000 -0.7071 -0.7071
vn 0.6991 -0.5056 -0.5056
vn -0.8590 -0.3620 -0.3621
vn -0.2549 -0.6838 -0.6838
vn 0.6991 -0.6606 -0.2737
vn 0.4931 -0.8037 -0.3329
vn -0.8590 -0.4730 -0.1960
vn -0.9618 -0.2530 -0.1048
vn 0.9618 -0.2531 -0.1048
vn -0.2549 -0.8934 -0.3701
vn -0.4931 -0.8037 -0.3329
vn 0.2549 -0.8934 -0.3701
vn 0.8590 -0.4730 -0.1960
vn -0.6991 -0.6606 -0.2737
vn -0.0000 -0.9239 -0.3827
vn 0.2549 -0.9670 -0.0000
vn 0.8590 -0.5120 -0.0000
vn 0.6991 -0.7151 -0.0000
vn -0.6991 -0.7151 -0.0000
vn -0.8590 -0.5120 -0.0000
vn -0.2549 -0.9670 -0.0000
vn 0.4931 -0.8700 -0.0000
vn -0.9618 -0.2739 -0.0000
vn 0.9618 -0.2739 -0.0000
vn -0.4931 -0.8700 -0.0000
vn 0.4931 -0.8037 0.3329
vn 0.2549 -0.8934 0.3700
vn -0.9618 -0.2530 0.1048
vn 0.9618 -0.2531 0.1048
vn 0.8590 -0.4730 0.1959
vn -0.4931 -0.8037 0.3329
vn -0.6991 -0.6606 0.2736
vn -0.0000 -0.9239 0.3827
vn 0.6991 -0.6606 0.2736
vn -0.8590 -0.4730 0.1959
vn -0.2549 -0.8934 0.3700
vn -0.0000 -0.7071 0.7071
vn -0.2549 -0.6838 0.6838
vn 0.6991 -0.5056 0.5056
vn 0.4931 -0.6152 0.6152
vn -0.8590 -0.3620 0.3621
vn -0.9618 -0.1936 0.1937
vn 0.9618 -0.1937 0.1937
vn -0.4931 -0.6152 0.6152
vn 0.2549 -0.6838 0.6838
vn 0.8590 -0.3620 0.3621
vn -0.6991 -0.5056 0.5056
vn 0.2549 -0.3700 0.8934
vn -0.0000 -0.3827 0.9239
vn 0.8590 -0.1959 0.4730
vn 0.6991 -0.2736 0.6606
vn -0.6991 -0.2736 0.6606
vn -0.8590 -0.1959 0.4730
vn -0.2549 -0.3700 0.8934
vn 0.4931 -0.3329 0.8038
vn -0.9618 -0.1048 0.2530
vn 0.9618 -0.1048 0.2531
vn -0.4931 -0.3329 0.8038
vn -0.2549 0.0000 0.9670
vn -0.4931 -0.0000 0.8700
vn 0.4931 0.0000 0.8700
vn 0.2549 -0.0000 0.9670
vn -0.9618 -0.0000 0.2739
vn 0.9618 -0.0000 0.2739
vn 0.8590 -0.0000 0.5120
vn -0.6991 -0.0000 0.7151
vn 0.6991 0.0000 0.7151
vn -0.8590 -0.0000 0.5120
vn 0.0000 0.3827 0.9239
vn -0.2549 0.3700 0.8934
vn 0.6991 0.2736 0.6606
vn 0.4931 0.3329 0.8038
vn -0.8590 0.1959 0.4730
vn -0.9618 0.1048 0.2530
vn 0.9618 0.1048 0.2531
vn -0.4931 0.3329 0.8038
vn 0.2549 0.3700 0.8934
vn 0.8590 0.1959 0.4730
vn -0.6991 0.2736 0.6606
vn -0.4931 0.6152 0.6152
vn -0.6991 0.5056 0.5056
vn 0.2549 0.6838 0.6838
vn 0.0000 0.7071 0.7071
vn 0.8590 0.3620 0.3621
vn 0.6991 0.5056 0.5056
vn -0.8590 0.3620 0.3621
vn -0.2549 0.6838 0.6838
vn 0.4931 0.6152 0.6152
vn -0.9618 0.1936 0.1937
vn 0.9618 0.1937 0.1937
vn 0.9618 0.2531 0.1048
vn -0.2549 0.8934 0.3701
vn -0.4931 0.8037 0.3329
vn 0.4931 0.8037 0.3329
vn 0.2549 0.8934 0.3701
vn -0.9618 0.2530 0.1048
vn 0.8590 0.4730 0.1959
vn -0.6991 0.6606 0.2736
vn -0.0000 0.9239 0.3827
vn 0.6991 0.6606 0.2736
vn -0.8590 0.4730 0.1959
vn 0.9317 -0.0777 -0.3549
vn 0.9345 0.0000 -0.3560
vn 0.9996 -0.0000 0.0288
vn 0.9971 -0.0722 0.0251
vn 0.9125 -0.0000 0.4091
vn 0.9138 -0.0561 0.4024
vn 0.6865 -0.0000 0.7272
vn 0.6925 -0.0314 0.7207
vn 0.3560 -0.0000 0.9345
vn 0.3651 -0.0015 0.9310
vn -0.0288 -0.0000 0.9996
vn -0.0196 0.0290 0.9994
vn -0.4091 -0.0000 0.9125
vn -0.4020 0.0553 0.9139
vn -0.7271 -0.0000 0.6865
vn -0.7226 0.0730 0.6874
vn -0.9345 -0.0000 0.3559
vn -0.9316 0.0792 0.3548
vn -0.9996 0.0000 -0.0288
vn -0.9968 0.0730 -0.0325
vn -0.9125 0.0000 -0.4091
vn -0.9082 0.0553 -0.4149
vn -0.6865 0.0000 -0.7271
vn -0.6795 0.0290 -0.7331
vn -0.3560 0.0000 -0.9345
vn -0.3468 -0.0015 -0.9379
vn 0.0288 0.0000 -0.9996
vn 0.0376 -0.0314 -0.9988
vn 0.4091 0.0000 -0.9125
vn 0.4145 -0.0561 -0.9083
vn 0.7271 0.0000 -0.6865
vn 0.7277 -0.0722 -0.6821
vn 0.3732 -0.0060 0.9277
vn 0.6811 -0.1233 0.7218
vn -0.3385 -0.0060 -0.9409
vn 0.0283 -0.1233 -0.9920
vn -0.0247 -0.2346 -0.9718
vn -0.3411 -0.0115 -0.9399
vn -0.9572 0.2846 -0.0524
vn -0.8888 0.3090 0.3385
vn 0.3886 -0.2214 -0.8944
vn 0.8851 -0.2214 0.4092
vn 0.9574 -0.2863 0.0376
vn -0.6798 0.2846 0.6760
vn -0.3644 0.2154 0.9060
vn -0.6564 0.1130 -0.7459
vn 0.0062 0.1130 0.9936
vn -0.8748 0.2154 -0.4340
vn 0.6897 -0.2863 -0.6650
vn 0.8888 -0.3090 -0.3385
vn -0.7822 0.4098 -0.4693
vn -0.6078 0.2150 -0.7644
vn -0.5322 0.2959 -0.7932
vn -0.6381 0.5640 -0.5242
vn -0.2718 0.4097 0.8708
vn 0.0547 0.2150 0.9751
vn 0.2935 -0.4212 -0.8582
vn -0.5575 0.5413 0.6294
vn 0.5667 -0.5447 -0.6182
vn -0.7560 0.5878 0.2880
vn 0.8344 -0.5447 0.0845
vn 0.7560 -0.5878 -0.2880
vn -0.8350 0.5413 -0.0990
vn 0.7900 -0.4212 0.4455
vn 0.6281 -0.2346 0.7419
vn 0.3706 -0.0115 0.9287
vn 0.5493 -0.8090 -0.2092
vn 0.6428 -0.7497 0.1575
vn 0.4014 -0.8813 0.2494
vn 0.2888 -0.9511 -0.1100
vn 0.3666 -0.0158 0.9302
vn 0.5456 -0.3229 0.7734
vn -0.3452 -0.0158 -0.9384
vn 0.1304 0.2959 0.9463
vn -0.1072 -0.3229 -0.9404
vn -0.1277 0.5640 0.8159
vn 0.1453 -0.5797 -0.8018
vn -0.3671 0.7450 0.5569
vn 0.3752 -0.7497 -0.5452
vn -0.5493 0.8090 0.2092
vn -0.6446 0.7451 -0.1715
vn 0.6419 -0.5797 0.5019
vn 0.2256 0.3479 0.9100
vn 0.0539 0.6630 0.7467
vn 0.2014 0.7010 0.6841
vn 0.3028 0.3741 0.8766
vn 0.1338 -0.8813 -0.4533
vn -0.4047 0.8759 -0.2629
vn -0.2888 0.9511 0.1100
vn 0.4552 -0.6815 0.5730
vn -0.4565 0.6630 -0.5933
vn 0.4416 -0.3795 0.8130
vn -0.4369 0.3479 -0.8295
vn 0.3615 -0.0185 0.9322
vn -0.3503 -0.0185 -0.9365
vn -0.2111 -0.3796 -0.9008
vn -0.0413 -0.6815 -0.7306
vn -0.1272 0.8759 0.4655
vn -0.3048 0.7010 -0.6447
vn -0.3571 0.3741 -0.8559
vn -0.3289 0.3827 -0.8634
vn -0.2517 0.7071 -0.6608
vn -0.1972 -0.7107 -0.6753
vn -0.2981 -0.3907 -0.8709
vn 0.0689 0.9199 0.3860
vn -0.0673 -0.9228 -0.3793
vn -0.0740 0.9969 0.0282
vn 0.2021 -0.9228 0.3279
vn 0.0726 -0.9970 -0.0277
vn -0.2053 0.9199 -0.3340
vn 0.3020 -0.7107 0.6354
vn 0.3568 -0.3907 0.8486
vn 0.3574 -0.0098 0.9339
vn -0.3545 -0.0098 -0.9350
vn 0.3289 -0.3827 0.8634
vn 0.3289 0.3827 0.8634
vn -0.3289 -0.3827 -0.8634
vn 0.2517 0.7071 0.6608
vn -0.2517 -0.7071 -0.6608
vn 0.1362 0.9239 0.3576
vn -0.1362 -0.9239 -0.3576
vn 0.1362 -0.9239 0.3576
vn -0.1362 0.9239 -0.3576
vn 0.2517 -0.7071 0.6608
vn -0.9345 -0.0000 0.3560
vn 0.9333 -0.0777 0.3506
vn 0.9361 -0.0000 0.3516
vn 0.7303 -0.0000 0.6831
vn 0.7308 -0.0722 0.6787
vn 0.4133 -0.0000 0.9106
vn 0.4187 -0.0561 0.9064
vn 0.0333 -0.0000 0.9994
vn 0.0422 -0.0314 0.9986
vn -0.3517 -0.0000 0.9361
vn -0.3425 -0.0015 0.9395
vn -0.6831 -0.0000 0.7303
vn -0.6761 0.0290 0.7362
vn -0.9106 -0.0000 0.4133
vn -0.9063 0.0553 0.4191
vn -0.9994 -0.0000 0.0334
vn -0.9966 0.0730 0.0371
vn -0.9361 0.0000 -0.3516
vn -0.9332 0.0792 -0.3505
vn -0.7303 0.0000 -0.6831
vn -0.7257 0.0730 -0.6841
vn -0.4133 0.0000 -0.9106
vn -0.4062 0.0553 -0.9121
vn -0.0334 0.0000 -0.9994
vn -0.0242 0.0290 -0.9993
vn 0.3516 0.0000 -0.9361
vn 0.3607 -0.0015 -0.9327
vn 0.6831 0.0000 -0.7303
vn 0.6892 -0.0314 -0.7239
vn 0.9106 0.0000 -0.4133
vn 0.9119 -0.0561 -0.4065
vn 0.9994 -0.0000 -0.0334
vn 0.9970 -0.0722 -0.0297
vn -0.3342 -0.0060 0.9425
vn 0.0329 -0.1233 0.9918
vn 0.3689 -0.0060 -0.9294
vn 0.6777 -0.1233 -0.7249
vn 0.6247 -0.2346 -0.7448
vn 0.3664 -0.0115 -0.9304
vn -0.6829 0.2846 -0.6728
vn -0.8903 0.3090 -0.3344
vn 0.8833 -0.2214 -0.4133
vn 0.3927 -0.2214 0.8926
vn 0.6928 -0.2863 0.6619
vn -0.9570 0.2846 0.0568
vn -0.8728 0.2154 0.4380
vn 0.0016 0.1130 -0.9936
vn -0.6530 0.1130 0.7489
vn -0.3685 0.2154 -0.9043
vn 0.9572 -0.2863 -0.0421
vn 0.8903 -0.3090 0.3344
vn -0.2758 0.4097 -0.8695
vn 0.0503 0.2150 -0.9753
vn 0.1260 0.2959 -0.9469
vn -0.1314 0.5640 -0.8153
vn -0.7801 0.4097 0.4728
vn -0.6043 0.2150 0.7672
vn 0.7880 -0.4212 -0.4491
vn -0.8345 0.5413 0.1028
vn 0.8340 -0.5447 -0.0883
vn -0.7574 0.5878 -0.2845
vn 0.5696 -0.5447 0.6156
vn 0.7574 -0.5878 0.2845
vn -0.5604 0.5413 -0.6268
vn 0.2974 -0.4212 0.8568
vn -0.0202 -0.2346 0.9719
vn -0.3368 -0.0115 0.9415
vn 0.5502 -0.8090 0.2067
vn 0.3777 -0.7497 0.5435
vn 0.1358 -0.8813 0.4527
vn 0.2893 -0.9511 0.1087
vn -0.3409 -0.0158 0.9400
vn -0.1029 -0.3229 0.9408
vn 0.3623 -0.0158 -0.9319
vn -0.5286 0.2959 0.7956
vn 0.5420 -0.3229 -0.7759
vn -0.6357 0.5640 0.5271
vn 0.6396 -0.5797 -0.5048
vn -0.6438 0.7450 0.1745
vn 0.6421 -0.7497 -0.1604
vn -0.5503 0.8090 -0.2067
vn -0.3697 0.7451 -0.5552
vn 0.1490 -0.5797 0.8011
vn -0.4331 0.3479 0.8315
vn -0.4538 0.6630 0.5954
vn -0.3018 0.7010 0.6461
vn -0.3531 0.3741 0.8575
vn 0.4003 -0.8813 -0.2513
vn -0.1294 0.8759 -0.4649
vn -0.2893 0.9511 -0.1087
vn -0.0380 -0.6815 0.7308
vn 0.0505 0.6630 -0.7469
vn -0.2070 -0.3795 0.9017
vn 0.2215 0.3479 -0.9110
vn -0.3459 -0.0186 0.9381
vn 0.3572 -0.0185 -0.9338
vn 0.4379 -0.3796 -0.8150
vn 0.4526 -0.6815 -0.5751
vn -0.4035 0.8759 0.2648
vn 0.1982 0.7010 -0.6850
vn 0.2988 0.3741 -0.8780
vn 0.3249 0.3827 -0.8649
vn 0.2487 0.7071 -0.6619
vn 0.2991 -0.7107 -0.6367
vn 0.3529 -0.3907 -0.8502
vn -0.2038 0.9199 0.3349
vn 0.2006 -0.9228 -0.3289
vn -0.0742 0.9969 -0.0279
vn -0.0655 -0.9228 0.3796
vn 0.0727 -0.9970 0.0273
vn 0.0671 0.9199 -0.3863
vn -0.1941 -0.7107 0.6762
vn -0.2941 -0.3907 0.8723
vn -0.3502 -0.0098 0.9366
vn 0.3531 -0.0098 -0.9355
vn -0.3249 -0.3827 0.8649
vn -0.3516 -0.0000 0.9361
vn 0.3517 -0.0000 -0.9361
vn -0.3249 0.3827 0.8649
vn 0.3249 -0.3827 -0.8649
vn -0.2486 0.7071 0.6620
vn 0.2487 -0.7071 -0.6619
vn -0.1346 0.9239 0.3582
vn 0.1346 -0.9239 -0.3582
vn -0.1346 -0.9239 0.3582
vn 0.1346 0.9239 -0.3582
vn -0.2487 -0.7071 0.6619
vn -0.9361 0.0000 -0.3517
vn -0.2487 0.7071 0.6619
usemtl Pack3
s off
f 1/1/1 2/2/1 3/3/1 4/4/1
f 5/5/2 6/6/2 7/7/2 8/8/2
f 6/6/3 9/9/3 10/10/3 11/11/3 12/12/3 3/3/3 2/2/3 7/7/3
f 13/13/4 12/12/4 11/11/4 14/14/4
f 15/15/5 10/10/5 9/9/5 16/16/5
f 4/4/6 3/3/6 12/12/6 13/13/6
f 10/10/7 15/15/7 14/14/7 11/11/7
f 6/6/8 5/5/8 16/16/8 9/9/8
f 2/2/9 1/1/9 8/8/9 7/7/9
f 14/14/10 15/15/10 16/16/10 5/5/10 8/8/10 1/1/10 4/4/10 13/13/10
f 17/17/4 18/18/4 19/19/4 20/20/4
f 21/21/3 22/22/3 23/23/3 24/24/3
f 25/25/1 26/26/1 27/27/1 28/28/1
f 29/29/5 30/30/5 31/31/5 32/32/5 33/33/5
f 34/34/10 35/35/10 36/36/10 37/37/10
f 38/38/11 39/39/11 40/40/11 41/41/11
f 42/42/3 43/43/3 44/44/3 45/45/3
f 46/46/5 47/47/5 48/48/5 49/49/5
f 50/50/1 51/51/1 52/52/1 53/53/1
f 54/54/10 55/55/10 56/56/10
f 57/57/1 58/58/1 59/59/1 60/60/1
f 61/61/1 62/62/1 63/63/1 64/64/1
f 65/65/12 58/58/12 66/66/12 67/67/12
f 68/68/3 42/42/3 69/69/3 70/70/3
f 20/20/5 19/19/5 71/71/5 72/72/5
f 73/73/5 74/74/5 75/75/5 76/76/5
f 50/77/12 66/66/12 58/58/12 57/57/12
f 77/78/4 78/79/4 79/80/4 80/81/4
f 73/82/5 81/83/5 82/84/5 83/85/5 84/86/5
f 85/87/11 86/88/11 87/89/11 88/90/11 89/91/11
f 90/92/4 91/93/4 30/30/4 29/29/4
f 92/94/1 93/95/1 94/96/1 89/97/1
f 95/98/1 96/99/1 97/100/1 98/101/1
f 96/99/1 99/102/1 88/90/1 97/100/1
f 92/103/4 99/102/4 100/104/4 101/105/4
f 99/102/10 96/99/10 102/106/10 100/104/10
f 95/107/2 103/108/2 55/109/2 104/110/2
f 105/111/13 106/112/13 107/113/13 108/114/13
f 109/115/2 110/116/2 86/88/2 85/87/2
f 65/117/1 111/118/1 112/119/1 113/120/1
f 114/121/10 54/54/10 115/122/10 116/123/10
f 114/121/10 117/124/10 118/125/10 54/54/10
f 68/68/3 119/126/3 43/43/3 42/42/3
f 120/127/10 121/128/10 35/35/10 34/34/10
f 122/129/2 123/130/2 39/39/2 38/38/2
f 124/131/3 125/132/3 22/22/3 21/21/3
f 53/53/13 52/52/13 126/133/13 127/134/13
f 64/64/14 63/63/14 97/100/14 128/135/14
f 98/136/15 129/137/15 130/138/15 54/139/15 56/140/15 131/141/15
f 132/142/3 133/143/3 22/22/3 125/132/3
f 134/144/10 135/145/10 35/35/10 121/128/10
f 136/146/5 137/147/5 138/148/5 33/149/5
f 46/150/5 81/83/5 139/151/5 140/152/5
f 141/153/1 142/154/1 130/138/1 129/137/1
f 115/155/1 142/154/1 112/119/1 135/156/1
f 143/157/3 144/158/3 145/159/3 146/160/3
f 147/161/10 137/162/10 75/163/10 148/164/10
f 149/165/5 150/166/5 151/167/5 140/168/5
f 136/169/5 152/170/5 139/151/5 76/171/5
f 141/172/4 62/62/4 153/173/4 154/174/4
f 155/175/16 156/176/16 157/177/16 158/178/16
f 149/179/5 152/170/5 32/32/5 72/180/5
f 137/147/5 136/146/5 76/76/5 75/75/5
f 62/62/1 141/172/1 129/181/1 63/63/1
f 152/170/5 136/169/5 33/33/5 32/32/5
f 97/100/14 63/63/14 129/181/14 98/101/14
f 58/58/1 65/65/1 113/182/1 59/59/1
f 117/183/2 109/184/2 85/185/2 118/186/2
f 37/187/13 105/188/13 108/189/13 34/190/13
f 96/99/2 95/98/2 104/191/2 102/106/2
f 93/95/4 92/94/4 101/192/4 159/193/4
f 103/108/1 95/107/1 98/136/1 131/141/1
f 99/102/1 92/103/1 89/91/1 88/90/1
f 160/194/4 90/195/4 29/196/4 161/197/4
f 118/186/17 85/185/17 89/97/17 94/96/17 162/198/17
f 74/74/5 73/73/5 84/199/5 163/200/5
f 36/201/1 67/202/1 105/188/1 37/187/1
f 81/83/5 73/82/5 76/171/5 139/151/5
f 35/203/12 111/118/12 65/117/12 67/202/12 36/201/12
f 161/197/5 29/196/5 33/149/5 138/148/5
f 59/59/2 113/182/2 164/204/2 165/205/2
f 62/62/10 59/59/10 165/205/10 153/173/10
f 55/55/10 54/54/10 118/125/10 159/206/10
f 159/206/10 118/125/10 162/207/10
f 155/175/18 45/45/18 158/178/18
f 166/208/3 156/176/3 157/177/3 167/209/3
f 166/208/19 168/210/19 169/211/19 167/209/19
f 145/159/5 150/212/5 71/213/5 170/214/5
f 62/62/1 61/61/1 60/60/1 59/59/1
f 152/170/5 149/179/5 140/152/5 139/151/5
f 171/215/5 47/216/5 151/217/5 144/158/5
f 172/218/13 53/219/13 127/220/13 173/221/13
f 174/222/2 122/223/2 38/224/2 87/89/2
f 23/23/20 168/210/20 169/211/20
f 31/31/5 20/225/5 72/180/5 32/32/5
f 57/226/10 60/227/10 175/228/10 50/229/10
f 66/66/1 50/77/1 53/219/1 172/218/1
f 81/83/5 46/150/5 49/230/5 82/84/5
f 88/90/1 41/231/1 128/135/1 97/100/1
f 87/89/11 38/224/11 41/231/11 88/90/11
f 176/232/4 17/233/4 20/225/4 31/31/4
f 177/234/3 178/235/3 179/236/3 180/237/3
f 23/23/1 167/209/1 181/238/1
f 182/239/1 157/177/1 45/45/1
f 182/239/1 181/238/1 167/209/1 157/177/1
f 157/177/5 45/45/5 158/178/5
f 23/23/5 167/209/5 169/211/5
f 45/45/1 183/240/1 184/241/1 51/242/1 178/243/1 182/239/1
f 60/227/10 61/244/10 185/245/10 175/228/10
f 61/244/10 64/246/10 128/247/10 185/245/10
f 128/248/21 186/249/21 187/250/21 188/251/21
f 177/252/4 181/238/4 189/253/4 190/254/4
f 175/228/10 185/245/10 191/255/10 192/256/10
f 178/235/3 177/234/3 190/257/3 193/258/3
f 181/238/10 182/239/10 194/259/10 189/253/10
f 182/239/2 178/243/2 193/260/2 194/259/2
f 191/261/1 180/262/1 179/263/1 192/264/1
f 187/250/1 180/262/1 191/261/1 188/251/1
f 179/263/1 195/265/1 196/266/1 192/264/1
f 51/51/22 50/50/22 196/266/22 195/265/22
f 185/245/10 128/247/10 188/267/10 191/255/10
f 50/229/10 175/228/10 192/256/10 196/268/10
f 178/235/3 51/269/3 195/270/3 179/236/3
f 186/271/3 177/234/3 180/237/3 187/272/3
f 197/273/1 78/79/1 66/66/1 172/218/1
f 198/274/1 106/112/1 105/111/1
f 78/79/1 77/78/1 67/67/1 66/66/1
f 77/78/1 198/274/1 105/111/1 67/67/1
f 80/275/1 79/276/1 199/277/1 200/278/1
f 78/79/10 197/273/10 199/279/10 79/80/10
f 198/274/3 77/78/3 80/81/3 200/280/3
f 197/273/2 198/274/2 200/280/2 199/279/2
f 30/30/4 91/93/4 176/232/4 31/31/4
f 107/113/13 106/112/13 172/218/13 173/221/13
f 106/112/1 198/274/1 197/273/1 172/218/1
f 201/281/4 107/113/4 173/221/4 202/282/4
f 202/282/4 203/283/4 17/233/4 176/232/4
f 82/84/2 49/230/2 204/284/2 205/285/2
f 120/286/4 206/287/4 90/195/4 160/194/4
f 163/200/2 84/199/2 207/288/2 208/289/2
f 134/144/10 147/161/10 148/164/10 116/123/10
f 132/142/3 143/157/3 146/160/3 70/70/3
f 137/162/10 147/161/10 209/290/10 138/291/10
f 144/158/3 143/157/3 210/292/3 171/215/3
f 211/293/3 171/215/3 210/292/3 212/294/3
f 49/49/2 48/48/2 213/295/2 204/296/2
f 161/297/10 138/291/10 209/290/10 160/298/10
f 170/214/3 214/299/3 215/300/3 216/301/3
f 74/302/10 163/303/10 208/304/10 217/305/10
f 74/302/10 217/305/10 148/164/10 75/163/10
f 84/86/2 83/85/2 218/306/2 207/307/2
f 206/308/4 201/281/4 91/93/4 90/92/4
f 170/214/3 216/301/3 146/160/3 145/159/3
f 203/309/4 219/310/4 18/18/4 17/17/4
f 127/134/4 126/133/4 219/310/4 203/309/4
f 108/114/4 107/113/4 201/281/4 206/308/4
f 133/143/3 132/142/3 70/70/3 69/69/3
f 135/145/10 134/144/10 116/123/10 115/122/10
f 34/190/4 108/189/4 206/287/4 120/286/4
f 173/221/4 127/220/4 203/283/4 202/282/4
f 176/232/1 91/93/1 220/311/1 221/312/1
f 205/285/2 204/284/2 122/223/2 174/222/2
f 208/289/2 207/288/2 109/184/2 117/183/2
f 147/161/10 134/144/10 121/128/10 209/290/10
f 143/157/3 132/142/3 125/132/3 210/292/3
f 212/294/3 210/292/3 125/132/3 124/131/3
f 204/296/2 213/295/2 123/130/2 122/129/2
f 160/298/10 209/290/10 121/128/10 120/127/10
f 216/301/3 215/300/3 119/126/3 68/68/3
f 217/305/10 208/304/10 117/124/10 114/121/10
f 217/305/10 114/121/10 116/123/10 148/164/10
f 207/307/2 218/306/2 110/116/2 109/115/2
f 216/301/3 68/68/3 70/70/3 146/160/3
f 220/313/4 222/314/4 223/315/4 221/316/4
f 201/281/5 202/282/5 223/317/5 222/318/5
f 202/282/10 176/232/10 221/312/10 223/317/10
f 91/93/3 201/281/3 222/318/3 220/311/3
f 224/319/2 225/320/2 226/321/2 227/322/2
f 86/88/2 110/116/2 174/222/2 87/89/2
f 218/306/2 83/85/2 82/84/2 205/285/2
f 174/222/5 110/116/5 224/323/5 227/324/5
f 218/306/1 205/285/1 226/325/1 225/326/1
f 110/116/3 218/306/3 225/326/3 224/323/3
f 205/285/10 174/222/10 227/324/10 226/325/10
f 181/238/1 177/252/1 186/327/1 228/328/1 229/329/1 23/23/1
f 41/41/1 40/40/1 186/249/1 128/248/1
f 229/329/1 230/330/1 231/331/1 232/332/1 24/24/1 23/23/1
f 232/332/1 231/331/1 233/333/1 234/334/1
f 233/333/4 231/331/4 28/335/4 27/336/4
f 235/337/1 230/330/1 229/329/1 228/328/1
f 230/330/2 235/337/2 26/338/2 25/339/2
f 235/337/3 233/333/3 27/336/3 26/338/3
f 231/331/10 230/330/10 25/339/10 28/335/10
f 130/138/1 142/154/1 115/155/1 54/139/1
f 112/119/1 111/118/1 35/203/1 135/156/1
f 113/120/2 112/119/2 236/340/2 164/341/2
f 142/154/4 141/153/4 154/342/4 237/343/4
f 186/327/1 40/344/1 234/334/1 233/333/1 235/337/1 228/328/1
f 39/345/2 123/346/2 124/131/2 21/21/2
f 40/344/11 39/345/11 21/21/11 24/24/11 232/332/11 234/334/11
f 213/347/2 48/348/2 211/293/2 212/294/2
f 123/346/2 213/347/2 212/294/2 124/131/2
f 48/348/5 47/216/5 171/215/5 211/293/5
f 71/213/5 19/349/5 214/299/5 170/214/5
f 151/167/5 47/47/5 46/46/5 140/168/5
f 71/71/5 150/166/5 149/165/5 72/72/5
f 151/217/5 150/212/5 145/159/5 144/158/5
f 19/349/4 18/350/4 215/300/4 214/299/4
f 18/350/4 219/351/4 119/126/4 215/300/4
f 219/351/4 126/352/4 43/43/4 119/126/4
f 126/352/13 52/353/13 238/354/13 239/355/13 44/44/13 43/43/13
f 240/356/1 241/357/1 184/241/1 183/240/1
f 239/355/1 242/358/1 240/356/1 183/240/1 45/45/1 44/44/1
f 52/353/1 51/242/1 184/241/1 241/357/1 243/359/1 238/354/1
f 243/359/3 241/357/3 244/360/3 245/361/3
f 238/354/1 243/359/1 242/358/1 239/355/1
f 246/362/1 245/363/1 244/364/1 247/365/1
f 240/356/10 242/358/10 246/366/10 247/367/10
f 241/357/23 240/356/23 247/367/23 244/360/23
f 242/358/24 243/359/24 245/361/24 246/366/24
f 248/368/1 249/369/1 250/370/1 251/371/1
f 252/372/3 253/373/3 249/374/3 248/375/3
f 254/376/3 255/377/3 256/378/3 257/379/3
f 258/380/1 259/381/1 255/382/1 254/383/1
f 251/384/3 250/385/3 259/386/3 258/387/3
f 257/388/1 256/389/1 260/390/1 261/391/1
f 252/392/2 248/368/2 262/393/2
f 248/368/2 251/371/2 262/393/2
f 258/380/2 262/393/2 251/371/2
f 258/380/2 254/383/2 262/393/2
f 254/383/2 257/388/2 262/393/2
f 257/388/2 261/391/2 262/393/2
f 249/369/4 253/394/4 263/395/4
f 249/369/4 263/395/4 250/370/4
f 259/381/4 250/370/4 263/395/4
f 255/382/4 259/381/4 263/395/4
f 256/389/4 255/382/4 263/395/4
f 260/390/4 256/389/4 263/395/4
f 264/396/3 265/397/3 266/398/3 267/399/3
f 265/397/3 268/400/3 269/401/3 266/398/3
f 270/402/25 271/403/25 272/404/25 273/405/25
f 274/406/3 264/396/3 267/399/3 275/407/3
f 276/408/25 270/402/25 273/405/25 277/409/25
f 278/410/25 279/411/25 276/408/25 277/409/25
f 267/399/10 266/398/10 280/412/10 281/413/10
f 266/398/10 269/401/10 282/414/10 280/412/10
f 275/407/10 267/399/10 281/413/10 283/415/10
f 283/415/3 281/413/3 284/416/3 285/417/3
f 280/412/3 282/414/3 286/418/3 287/419/3
f 281/413/3 280/412/3 287/419/3 284/416/3
f 279/411/1 285/417/1 284/416/1 276/408/1
f 270/402/1 287/419/1 286/418/1 271/403/1
f 287/419/1 270/402/1 276/408/1 284/416/1
f 288/420/10 289/421/10 290/422/10 291/423/10
f 289/421/5 292/424/5 293/425/5 290/422/5
f 294/426/5 295/427/5 292/424/5 289/421/5
f 292/424/3 296/428/3 297/429/3 293/425/3
f 298/430/10 288/420/10 291/423/10 299/431/10
f 298/430/26 299/431/26 297/429/26 296/428/26
f 300/432/3 301/433/3 302/434/3 303/435/3
f 304/436/10 305/437/10 306/438/10 307/439/10
f 301/433/1 300/432/1 305/437/1 304/436/1
f 300/432/1 308/440/1 309/441/1 305/437/1
f 310/442/1 301/433/1 304/436/1 311/443/1
f 308/440/27 300/432/27 303/435/27 312/444/27
f 301/433/28 310/442/28 313/445/28 302/434/28
f 303/446/29 302/447/29 314/448/29 315/449/29
f 315/450/1 314/451/1 316/452/1 317/453/1
f 318/454/30 319/455/30 317/456/30 316/457/30
f 320/458/31 321/459/31 322/460/31 323/461/31
f 323/462/1 322/463/1 324/464/1 325/465/1
f 326/466/32 327/467/32 325/468/32 324/469/32
f 328/470/33 329/471/33 330/472/33 331/473/33
f 331/474/1 330/475/1 332/476/1 333/477/1
f 334/478/30 335/479/30 333/480/30 332/481/30
f 336/482/33 337/483/33 338/484/33 339/485/33
f 339/486/1 338/487/1 340/488/1 341/489/1
f 342/490/30 343/491/30 341/492/30 340/493/30
f 344/494/31 345/495/31 346/496/31 347/497/31
f 347/498/1 346/499/1 348/500/1 349/501/1
f 350/502/32 351/503/32 349/504/32 348/505/32
f 352/506/33 353/507/33 354/508/33 355/509/33
f 355/510/1 354/511/1 356/512/1 357/513/1
f 358/514/30 359/515/30 357/516/30 356/517/30
f 360/518/33 361/519/33 362/520/33 363/521/33
f 363/522/1 362/523/1 364/524/1 365/525/1
f 366/526/30 367/527/30 365/528/30 364/529/30
f 368/530/31 369/531/31 370/532/31 371/533/31
f 371/534/1 370/535/1 372/536/1 373/537/1
f 374/538/32 375/539/32 373/540/32 372/541/32
f 376/542/33 377/543/33 378/544/33 379/545/33
f 379/546/1 378/547/1 380/548/1 381/549/1
f 382/550/32 383/551/32 381/552/32 380/553/32
f 384/554/33 385/555/33 386/556/33 387/557/33
f 387/558/1 386/559/1 388/560/1 389/561/1
f 390/562/30 391/563/30 389/564/30 388/565/30
f 392/566/31 393/567/31 394/568/31 395/569/31
f 395/570/1 394/571/1 396/572/1 397/573/1
f 398/574/32 399/575/32 397/576/32 396/577/32
f 400/578/33 401/579/33 402/580/33 403/581/33
f 403/582/1 402/583/1 404/584/1 405/585/1
f 406/586/30 407/587/30 405/588/30 404/589/30
f 408/590/33 409/591/33 410/592/33 411/593/33
f 411/594/1 410/595/1 412/596/1 413/597/1
f 414/598/30 415/599/30 413/600/30 412/601/30
f 416/602/31 417/603/31 418/604/31 419/605/31
f 419/606/1 418/607/1 420/608/1 421/609/1
f 422/610/32 423/611/32 421/612/32 420/613/32
f 424/614/33 425/615/33 426/616/33 427/617/33
f 427/618/1 426/619/1 428/620/1 429/621/1
f 430/622/30 431/623/30 429/624/30 428/625/30
f 432/626/33 433/627/33 434/628/33 435/629/33
f 435/630/1 434/631/1 436/632/1 437/633/1
f 438/634/30 439/635/30 437/636/30 436/637/30
f 440/638/31 441/639/31 442/640/31 443/641/31
f 443/642/1 442/643/1 444/644/1 445/645/1
f 446/646/32 447/647/32 445/648/32 444/649/32
f 448/650/33 449/651/33 450/652/33 451/653/33
f 451/654/1 450/655/1 452/656/1 453/657/1
f 454/658/30 455/659/30 453/660/30 452/661/30
f 456/662/31 457/663/31 458/664/31 459/665/31
f 459/666/1 458/667/1 460/668/1 461/669/1
f 462/670/30 463/671/30 461/672/30 460/673/30
f 464/674/31 465/675/31 466/676/31 467/677/31
f 467/678/1 466/679/1 468/680/1 469/681/1
f 470/682/32 471/683/32 469/684/32 468/685/32
f 472/686/33 473/687/33 474/688/33 475/689/33
f 475/690/1 474/691/1 476/692/1 477/693/1
f 478/694/30 479/695/30 477/696/30 476/697/30
f 480/698/31 481/699/31 482/700/31 483/701/31
f 483/702/1 482/703/1 484/704/1 485/705/1
f 486/706/30 487/707/30 485/708/30 484/709/30
f 488/710/31 489/711/31 490/712/31 491/713/31
f 491/714/1 490/715/1 492/716/1 493/717/1
f 494/718/32 495/719/32 493/720/32 492/721/32
f 496/722/33 497/723/33 498/724/33 499/725/33
f 499/726/1 498/727/1 500/728/1 501/729/1
f 502/730/30 503/731/30 501/732/30 500/733/30
f 504/734/31 505/735/31 506/736/31 507/737/31
f 507/738/1 506/739/1 508/740/1 509/741/1
f 510/742/30 511/743/30 509/744/30 508/745/30
f 512/746/31 513/747/31 514/748/31 515/749/31
f 515/750/1 514/751/1 516/752/1 517/753/1
f 518/754/30 519/755/30 517/756/30 516/757/30
f 520/758/33 521/759/33 522/760/33 523/761/33
f 523/762/1 522/763/1 524/764/1 525/765/1
f 526/766/30 527/767/30 525/765/30 524/764/30
f 528/768/31 529/769/31 530/770/31 531/771/31
f 531/771/1 530/770/1 532/772/1 533/773/1
f 534/774/30 535/775/30 533/773/30 532/772/30
f 536/776/34 537/777/34 538/778/34 539/779/34
f 540/780/35 541/781/35 542/782/35 543/783/35
f 544/784/36 545/785/36 546/786/36
f 547/787/37 548/788/37 549/789/37 550/790/37
f 551/791/38 552/792/38 553/793/38 554/794/38 555/795/38
f 556/796/39 557/797/39 558/798/39
f 546/786/40 545/785/40 559/799/40 560/800/40
f 557/797/41 560/800/41 559/799/41 561/801/41 562/802/41 563/803/41
f 564/804/42 539/779/42 565/805/42 566/806/42
f 566/806/43 565/805/43 541/781/43 540/780/43
f 567/807/44 568/808/44 541/781/44 565/805/44
f 538/778/45 567/807/45 565/805/45 539/779/45
f 568/808/46 569/809/46 542/782/46 541/781/46
f 570/810/43 566/806/43 540/780/43 571/811/43
f 572/812/43 564/804/43 566/806/43 570/810/43
f 573/813/41 546/786/41 560/800/41 574/814/41
f 575/815/41 563/803/41 562/802/41 576/816/41
f 577/817/47 544/784/47 546/786/47 573/813/47
f 571/811/43 540/780/43 543/783/43 578/818/43
f 579/819/48 536/776/48 564/804/48 572/812/48
f 580/820/49 581/821/49 536/776/49 579/819/49
f 578/818/50 543/783/50 544/784/50 577/817/50
f 544/784/51 542/782/51 569/809/51 545/785/51
f 539/779/52 564/804/52 536/776/52
f 582/822/10 583/823/10 584/824/10 585/825/10
f 586/826/10 587/827/10 588/828/10 589/829/10
f 543/783/53 542/782/53 544/784/53
f 581/821/52 537/777/52 536/776/52
f 559/799/54 545/785/54 569/809/54 568/808/54
f 537/777/55 561/801/55 567/807/55 538/778/55
f 561/801/56 559/799/56 568/808/56 567/807/56
f 563/803/57 590/830/57 558/798/57 557/797/57
f 587/827/58 578/818/58 577/817/58 588/828/58
f 591/831/59 580/820/59 579/819/59 585/825/59
f 585/825/60 579/819/60 572/812/60 582/822/60
f 586/826/43 571/811/43 578/818/43 587/827/43
f 588/828/61 577/817/61 573/813/61 592/832/61
f 592/832/41 573/813/41 574/814/41 593/833/41
f 563/803/62 575/815/62 590/830/62
f 582/822/43 572/812/43 570/810/43 583/823/43
f 583/823/43 570/810/43 571/811/43 586/826/43
f 594/834/63 556/796/63 558/798/63 589/829/63
f 547/787/10 595/835/10 591/831/10 585/825/10
f 595/835/10 596/836/10 597/837/10 591/831/10
f 598/838/10 599/839/10 594/834/10 589/829/10
f 551/791/10 600/840/10 588/828/10 592/832/10
f 548/788/10 547/787/10 585/825/10 584/824/10
f 600/840/10 598/838/10 589/829/10 588/828/10
f 601/841/10 602/842/10 555/795/10 554/794/10
f 550/790/10 549/789/10 603/843/10 604/844/10 605/845/10
f 599/839/64 598/838/64 601/841/64 554/794/64 553/793/64
f 595/835/65 547/787/65 550/790/65 605/845/65
f 598/838/66 600/840/66 602/842/66 601/841/66
f 600/840/67 551/791/67 555/795/67 602/842/67
f 574/814/41 560/800/41 557/797/41 556/796/41
f 593/833/10 552/792/10 551/791/10 592/832/10
f 562/802/68 561/801/68 537/777/68 581/821/68
f 576/816/41 562/802/41 581/821/41 580/820/41
f 597/837/41 576/816/41 580/820/41 591/831/41
f 604/844/69 596/836/69 595/835/69 605/845/69
f 606/846/70 607/847/70 562/802/70
f 562/802/71 607/847/71 608/848/71 560/800/71
f 560/800/72 608/848/72 609/849/72
f 608/848/3 607/847/3 606/846/3 609/849/3
f 574/814/73 560/800/73 609/849/73 610/850/73
f 611/851/74 606/846/74 562/802/74 576/816/74
f 612/852/75 613/853/75 614/854/75
f 613/853/76 615/855/76 616/856/76 614/854/76
f 615/855/77 617/857/77 616/856/77
f 616/856/78 617/857/78 612/852/78 614/854/78
f 618/858/79 619/859/79 617/857/79 615/855/79
f 620/860/80 618/858/80 615/855/80 613/853/80
f 621/861/81 620/860/81 613/853/81 612/852/81
f 611/851/82 576/816/82 622/862/82 596/836/82 597/837/82
f 574/814/83 610/850/83 593/833/83 552/792/83 623/863/83
f 610/850/84 609/849/84 617/857/84 619/859/84
f 609/849/1 606/846/1 612/852/1 617/857/1
f 606/846/85 611/851/85 621/861/85 612/852/85
f 623/863/86 552/792/86 624/864/86 625/865/86
f 619/859/87 618/858/87 625/865/87 624/864/87 626/866/87
f 618/858/88 574/814/88 623/863/88 625/865/88
f 610/850/89 619/859/89 626/866/89 593/833/89
f 597/837/90 596/836/90 627/867/90 628/868/90
f 620/860/91 621/861/91 628/868/91 627/867/91 629/869/91
f 576/816/92 620/860/92 629/869/92 622/862/92
f 621/861/93 611/851/93 597/837/93 628/868/93
f 624/864/94 552/792/94 593/833/94 626/866/94
f 627/867/95 596/836/95 622/862/95 629/869/95
f 630/870/4 631/871/4 632/872/4 633/873/4
f 633/873/5 632/872/5 634/874/5 635/875/5
f 635/875/2 634/874/2 636/876/2 637/877/2
f 637/877/1 636/876/1 631/871/1 630/870/1
f 633/873/10 635/875/10 637/877/10 630/870/10
f 634/874/3 632/872/3 631/871/3 636/876/3
f 638/878/4 639/879/4 640/880/4 641/881/4
f 641/881/5 640/880/5 642/882/5 643/883/5
f 643/883/2 642/882/2 644/884/2 645/885/2
f 645/885/1 644/884/1 639/879/1 638/878/1
f 641/881/10 643/883/10 645/885/10 638/878/10
f 642/882/3 640/880/3 639/879/3 644/884/3
f 646/886/4 647/887/4 648/888/4 649/889/4
f 649/889/5 648/888/5 650/890/5 651/891/5
f 651/891/2 650/890/2 652/892/2 653/893/2
f 653/893/1 652/892/1 647/887/1 646/886/1
f 649/889/10 651/891/10 653/893/10 646/886/10
f 650/890/3 648/888/3 647/887/3 652/892/3
f 654/894/4 655/895/4 656/896/4 657/897/4
f 657/897/5 656/896/5 658/898/5 659/899/5
f 659/899/2 658/898/2 660/900/2 661/901/2
f 661/901/1 660/900/1 655/895/1 654/894/1
f 657/897/10 659/899/10 661/901/10 654/894/10
f 658/898/3 656/896/3 655/895/3 660/900/3
f 662/902/4 663/903/4 664/904/4 665/905/4
f 665/905/5 664/904/5 666/906/5 667/907/5
f 667/907/2 666/906/2 668/908/2 669/909/2
f 669/909/1 668/908/1 663/903/1 662/902/1
f 665/905/10 667/907/10 669/909/10 662/902/10
f 666/906/3 664/904/3 663/903/3 668/908/3
f 670/910/4 671/911/4 672/912/4 673/913/4
f 673/913/5 672/912/5 674/914/5 675/915/5
f 675/915/2 674/914/2 676/916/2 677/917/2
f 677/917/1 676/916/1 671/911/1 670/910/1
f 673/913/10 675/915/10 677/917/10 670/910/10
f 674/914/3 672/912/3 671/911/3 676/916/3
f 678/918/4 679/919/4 680/920/4 681/921/4
f 681/921/5 680/920/5 682/922/5 683/923/5
f 683/923/2 682/922/2 684/924/2 685/925/2
f 685/925/1 684/924/1 679/919/1 678/918/1
f 681/921/10 683/923/10 685/925/10 678/918/10
f 682/922/3 680/920/3 679/919/3 684/924/3
f 686/926/4 687/927/4 688/928/4 689/929/4
f 689/929/5 688/928/5 690/930/5 691/931/5
f 691/931/2 690/930/2 692/932/2 693/933/2
f 693/933/1 692/932/1 687/927/1 686/926/1
f 689/929/10 691/931/10 693/933/10 686/926/10
f 690/930/3 688/928/3 687/927/3 692/932/3
f 694/934/4 695/935/4 696/936/4 697/937/4
f 697/937/5 696/936/5 698/938/5 699/939/5
f 699/939/2 698/938/2 700/940/2 701/941/2
f 701/941/1 700/940/1 695/935/1 694/934/1
f 697/937/10 699/939/10 701/941/10 694/934/10
f 698/938/3 696/936/3 695/935/3 700/940/3
f 702/942/4 703/943/4 704/944/4 705/945/4
f 705/945/5 704/944/5 706/946/5 707/947/5
f 707/947/2 706/946/2 708/948/2 709/949/2
f 709/949/1 708/948/1 703/943/1 702/942/1
f 705/945/10 707/947/10 709/949/10 702/942/10
f 706/946/3 704/944/3 703/943/3 708/948/3
f 710/950/4 711/951/4 712/952/4 713/953/4
f 713/953/5 712/952/5 714/954/5 715/955/5
f 715/955/2 714/954/2 716/956/2 717/957/2
f 717/957/1 716/956/1 711/951/1 710/950/1
f 713/953/10 715/955/10 717/957/10 710/950/10
f 714/954/3 712/952/3 711/951/3 716/956/3
f 718/958/4 719/959/4 720/960/4 721/961/4
f 721/961/5 720/960/5 722/962/5 723/963/5
f 723/963/2 722/962/2 724/964/2 725/965/2
f 725/965/1 724/964/1 719/959/1 718/958/1
f 721/961/10 723/963/10 725/965/10 718/958/10
f 722/962/3 720/960/3 719/959/3 724/964/3
f 726/966/4 727/967/4 728/968/4 729/969/4
f 729/969/5 728/968/5 730/970/5 731/971/5
f 731/971/2 730/970/2 732/972/2 733/973/2
f 733/973/1 732/972/1 727/967/1 726/966/1
f 729/969/10 731/971/10 733/973/10 726/966/10
f 730/970/3 728/968/3 727/967/3 732/972/3
f 734/974/4 735/975/4 736/976/4 737/977/4
f 737/977/5 736/976/5 738/978/5 739/979/5
f 739/979/2 738/978/2 740/980/2 741/981/2
f 741/981/1 740/980/1 735/975/1 734/974/1
f 737/977/10 739/979/10 741/981/10 734/974/10
f 738/978/3 736/976/3 735/975/3 740/980/3
f 742/982/4 743/983/4 744/984/4 745/985/4
f 745/985/3 744/984/3 746/986/3 747/987/3
f 748/988/5 749/989/5 750/990/5 747/987/5
f 750/990/10 751/991/10 743/983/10 742/982/10
f 752/992/5 753/993/5 754/994/5 755/995/5
f 746/986/1 744/984/1 743/983/1 751/991/1
f 754/994/10 750/990/10 742/982/10 755/995/10
f 753/993/2 747/987/2 750/990/2 754/994/2
f 752/992/3 745/985/3 747/987/3 753/993/3
f 755/995/4 742/982/4 745/985/4 752/992/4
f 756/996/3 748/988/3 747/987/3 746/986/3
f 748/988/3 756/996/3 757/997/3 758/998/3
f 758/998/2 757/997/2 759/999/2 760/1000/2
f 760/1000/10 759/999/10 761/1001/10 749/989/10
f 762/1002/5 763/1003/5 764/1004/5 765/1005/5
f 757/997/1 756/996/1 761/1001/1 759/999/1
f 764/1004/10 760/1000/10 749/989/10 765/1005/10
f 763/1003/2 758/998/2 760/1000/2 764/1004/2
f 762/1002/3 748/988/3 758/998/3 763/1003/3
f 765/1005/4 749/989/4 748/988/4 762/1002/4
f 749/989/10 761/1001/10 751/991/10 750/990/10
f 761/1001/1 756/996/1 746/986/1 751/991/1
f 766/1006/4 767/1007/4 768/1008/4 769/1009/4
f 769/1009/3 768/1008/3 770/1010/3 771/1011/3
f 772/1012/5 773/1013/5 774/1014/5 771/1011/5
f 774/1014/10 775/1015/10 767/1007/10 766/1006/10
f 776/1016/5 777/1017/5 778/1018/5 779/1019/5
f 770/1010/1 768/1008/1 767/1007/1 775/1015/1
f 778/1018/10 774/1014/10 766/1006/10 779/1019/10
f 777/1017/2 771/1011/2 774/1014/2 778/1018/2
f 776/1016/3 769/1009/3 771/1011/3 777/1017/3
f 779/1019/4 766/1006/4 769/1009/4 776/1016/4
f 780/1020/3 772/1012/3 771/1011/3 770/1010/3
f 772/1012/3 780/1020/3 781/1021/3 782/1022/3
f 782/1022/2 781/1021/2 783/1023/2 784/1024/2
f 784/1024/10 783/1023/10 785/1025/10 773/1013/10
f 786/1026/5 787/1027/5 788/1028/5 789/1029/5
f 781/1021/1 780/1020/1 785/1025/1 783/1023/1
f 788/1028/10 784/1024/10 773/1013/10 789/1029/10
f 787/1027/2 782/1022/2 784/1024/2 788/1028/2
f 786/1026/3 772/1012/3 782/1022/3 787/1027/3
f 789/1029/4 773/1013/4 772/1012/4 786/1026/4
f 773/1013/10 785/1025/10 775/1015/10 774/1014/10
f 785/1025/1 780/1020/1 770/1010/1 775/1015/1
f 790/1030/4 791/1031/4 792/1032/4 793/1033/4
f 793/1033/5 792/1032/5 794/1034/5 795/1035/5
f 795/1035/2 794/1034/2 796/1036/2 797/1037/2
f 797/1037/1 796/1036/1 791/1031/1 790/1030/1
f 793/1033/10 795/1035/10 797/1037/10 790/1030/10
f 794/1034/3 792/1032/3 791/1031/3 796/1036/3
f 798/1038/4 799/1039/4 800/1040/4 801/1041/4
f 801/1041/5 800/1040/5 802/1042/5 803/1043/5
f 803/1043/2 802/1042/2 804/1044/2 805/1045/2
f 805/1045/1 804/1044/1 799/1039/1 798/1038/1
f 801/1041/10 803/1043/10 805/1045/10 798/1038/10
f 802/1042/3 800/1040/3 799/1039/3 804/1044/3
f 806/1046/4 807/1047/4 808/1048/4 809/1049/4
f 809/1049/5 808/1048/5 810/1050/5 811/1051/5
f 811/1051/2 810/1050/2 812/1052/2 813/1053/2
f 813/1053/1 812/1052/1 807/1047/1 806/1046/1
f 809/1049/10 811/1051/10 813/1053/10 806/1046/10
f 810/1050/3 808/1048/3 807/1047/3 812/1052/3
f 814/1054/5 815/1055/5 816/1056/5 817/1057/5
f 818/1058/4 819/1059/4 820/1060/4 821/1061/4
f 822/1062/5 823/1063/5 824/1064/5 825/1065/5
f 826/1066/10 827/1067/10 817/1057/10 816/1056/10
f 828/1068/4 826/1066/4 816/1056/4 829/1069/4
f 830/1070/1 831/1071/1 827/1067/1 826/1066/1
f 832/1072/1 830/1070/1 826/1066/1 828/1068/1
f 833/1073/1 834/1074/1 835/1075/1 836/1076/1
f 836/1076/4 835/1075/4 825/1065/4 824/1064/4
f 837/1077/5 822/1062/5 825/1065/5 829/1069/5
f 823/1063/1 822/1062/1 838/1078/1 839/1079/1
f 840/1080/1 841/1081/1 815/1055/1 814/1054/1
f 821/1082/1 820/1083/1 842/1084/1 843/1085/1
f 844/1086/1 822/1062/1 837/1077/1
f 844/1086/1 845/1087/1 838/1078/1 822/1062/1
f 819/1059/10 846/1088/10 842/1089/10 820/1060/10
f 847/1090/3 818/1058/3 821/1061/3 843/1091/3
f 841/1081/1 844/1086/1 837/1077/1 815/1055/1
f 848/1092/1 849/1093/1 850/1094/1 851/1095/1
f 815/1055/5 837/1077/5 829/1069/5 816/1056/5
f 834/1074/1 832/1072/1 828/1068/1 835/1075/1
f 835/1075/4 828/1068/4 829/1069/4 825/1065/4
f 852/1096/1 853/1097/1 854/1098/1 855/1099/1
f 845/1087/10 844/1086/10 855/1099/10 854/1098/10
f 841/1081/3 840/1080/3 851/1095/3 850/1094/3
f 849/1093/1 852/1096/1 855/1099/1 850/1094/1
f 819/1059/4 818/1058/4 852/1096/4 849/1093/4
f 846/1088/10 819/1059/10 849/1093/10 848/1092/10
f 844/1086/2 841/1081/2 850/1094/2 855/1099/2
f 818/1058/3 847/1090/3 853/1097/3 852/1096/3
f 856/1100/5 857/1101/5 858/1102/5 859/1103/5
f 860/1104/2 861/1105/2 862/1106/2 863/1107/2
f 864/1108/5 865/1109/5 866/1110/5 867/1111/5
f 868/1112/10 858/1102/10 857/1101/10 869/1113/10
f 870/1114/2 871/1115/2 858/1102/2 868/1112/2
f 872/1116/1 868/1112/1 869/1113/1 873/1117/1
f 874/1118/1 870/1114/1 868/1112/1 872/1116/1
f 875/1119/1 876/1120/1 877/1121/1 878/1122/1
f 876/1120/2 866/1110/2 865/1109/2 877/1121/2
f 879/1123/5 871/1115/5 865/1109/5 864/1108/5
f 867/1111/1 880/1124/1 881/1125/1 864/1108/1
f 882/1126/1 856/1100/1 859/1103/1 883/1127/1
f 861/1128/1 884/1129/1 885/1130/1 862/1131/1
f 886/1132/1 879/1123/1 864/1108/1
f 886/1132/1 864/1108/1 881/1125/1 887/1133/1
f 863/1107/10 862/1106/10 885/1134/10 888/1135/10
f 889/1136/3 884/1137/3 861/1105/3 860/1104/3
f 883/1127/1 859/1103/1 879/1123/1 886/1132/1
f 890/1138/1 891/1139/1 892/1140/1 893/1141/1
f 859/1103/5 858/1102/5 871/1115/5 879/1123/5
f 878/1122/1 877/1121/1 870/1114/1 874/1118/1
f 877/1121/2 865/1109/2 871/1115/2 870/1114/2
f 894/1142/1 895/1143/1 896/1144/1 897/1145/1
f 887/1133/10 896/1144/10 895/1143/10 886/1132/10
f 883/1127/3 892/1140/3 891/1139/3 882/1126/3
f 893/1141/1 892/1140/1 895/1143/1 894/1142/1
f 863/1107/2 893/1141/2 894/1142/2 860/1104/2
f 888/1135/10 890/1138/10 893/1141/10 863/1107/10
f 886/1132/4 895/1143/4 892/1140/4 883/1127/4
f 860/1104/3 894/1142/3 897/1145/3 889/1136/3
f 898/1146/96 899/1147/96 900/1148/96 901/1149/96
f 902/1150/1 903/1151/1 904/1152/1 905/1153/1
f 906/1154/97 907/1155/97 908/1156/97 909/1157/97
f 905/1153/1 904/1152/1 910/1158/1 911/1159/1
f 912/1160/1 913/1161/1 914/1162/1 915/1163/1
f 916/1164/1 917/1165/1 903/1151/1 902/1150/1
f 911/1159/10 910/1158/10 918/1166/10 919/1167/10
f 913/1161/1 920/1168/1 921/1169/1 914/1162/1
f 914/1162/4 921/1169/4 900/1148/4 909/1157/4
f 922/1170/98 898/1146/98 901/1149/98 923/1171/98
f 920/1168/1 916/1164/1 902/1150/1 921/1169/1
f 923/1171/99 901/1149/99 924/1172/99 925/1173/99
f 921/1169/10 902/1150/10 901/1149/10 900/1148/10
f 924/1172/3 905/1153/3 914/1162/3 909/1157/3
f 925/1173/100 924/1172/100 919/1167/100 918/1166/100
f 901/1149/2 902/1150/2 905/1153/2 924/1172/2
f 919/1167/101 924/1172/101 909/1157/101 908/1156/101
f 911/1159/10 919/1167/10 908/1156/10 915/1163/10
f 905/1153/1 911/1159/1 915/1163/1 914/1162/1
f 899/1147/102 906/1154/102 909/1157/102 900/1148/102
f 900/1174/1 901/1175/1 924/1176/1 909/1177/1
f 926/1178/96 927/1179/96 928/1180/96 929/1181/96
f 930/1182/1 931/1183/1 932/1184/1 933/1185/1
f 934/1186/103 935/1187/103 936/1188/103 937/1189/103
f 931/1183/1 938/1190/1 939/1191/1 932/1184/1
f 940/1192/1 941/1193/1 942/1194/1 943/1195/1
f 944/1196/1 930/1182/1 933/1185/1 945/1197/1
f 938/1190/10 946/1198/10 947/1199/10 939/1191/10
f 943/1195/1 942/1194/1 948/1200/1 949/1201/1
f 942/1194/2 935/1187/2 928/1180/2 948/1200/2
f 950/1202/104 951/1203/104 927/1179/104 926/1178/104
f 949/1201/1 948/1200/1 930/1182/1 944/1196/1
f 951/1203/105 952/1204/105 953/1205/105 927/1179/105
f 948/1200/10 928/1180/10 927/1179/10 930/1182/10
f 953/1205/3 935/1187/3 942/1194/3 931/1183/3
f 952/1204/106 947/1199/106 946/1198/106 953/1205/106
f 927/1179/4 953/1205/4 931/1183/4 930/1182/4
f 946/1198/101 936/1188/101 935/1187/101 953/1205/101
f 938/1190/10 941/1193/10 936/1188/10 946/1198/10
f 931/1183/1 942/1194/1 941/1193/1 938/1190/1
f 929/1181/107 928/1180/107 935/1187/107 934/1186/107
f 928/1206/1 935/1207/1 953/1208/1 927/1209/1
f 954/1210/4 955/1211/4 956/1212/4 957/1213/4
f 958/1214/1 959/1215/1 955/1211/1 954/1210/1
f 960/1216/1 961/1217/1 962/1218/1 963/1219/1
f 964/1220/5 965/1221/5 966/1222/5 967/1223/5
f 968/1224/2 969/1225/2 967/1223/2 970/1226/2
f 971/1227/1 968/1224/1 970/1226/1 972/1228/1
f 973/1229/5 974/1230/5 957/1213/5 975/1231/5
f 976/1232/5 975/1231/5 957/1213/5 956/1212/5
f 971/1227/10 977/1233/10 978/1234/10 979/1235/10
f 964/1220/5 967/1223/5 969/1225/5 977/1233/5
f 969/1225/3 968/1224/3 980/1236/3 981/1237/3
f 982/1238/4 983/1239/4 962/1218/4 984/1240/4
f 985/1241/3 986/1242/3 983/1239/3 982/1238/3
f 987/1243/5 988/1244/5 984/1240/5 989/1245/5
f 990/1246/5 976/1232/5 956/1212/5 991/1247/5
f 992/1248/10 970/1226/10 967/1223/10 966/1222/10
f 962/1218/10 961/1217/10 989/1245/10 984/1240/10
f 955/1211/10 993/1249/10 991/1247/10 956/1212/10
f 972/1228/1 970/1226/1 992/1248/1 994/1250/1
f 968/1224/1 971/1227/1 979/1235/1 980/1236/1
f 974/1230/3 995/1251/3 954/1210/3 957/1213/3
f 996/1252/10 997/1253/10 998/1254/10 999/1255/10
f 1000/1256/10 973/1229/10 975/1231/10 958/1214/10
f 977/1233/5 969/1225/5 981/1237/5 978/1234/5
f 997/1253/5 985/1241/5 982/1238/5 998/1254/5
f 986/1242/1 996/1252/1 999/1255/1 983/1239/1
f 995/1251/1 1000/1256/1 958/1214/1 954/1210/1
f 974/1230/5 982/1238/5 984/1240/5 991/1247/5
f 985/1241/5 981/1237/5 966/1222/5 989/1245/5
f 987/1243/5 989/1245/5 966/1222/5 965/1221/5
f 990/1246/5 991/1247/5 984/1240/5 988/1244/5
f 961/1217/1 960/1216/1 994/1250/1 992/1248/1
f 993/1249/1 1001/1257/1 963/1219/1 962/1218/1
f 985/1241/5 997/1253/5 978/1234/5 981/1237/5
f 974/1230/5 973/1229/5 998/1254/5 982/1238/5
f 997/1253/10 996/1252/10 979/1235/10 978/1234/10
f 973/1229/10 1000/1256/10 999/1255/10 998/1254/10
f 986/1242/2 985/1241/2 989/1245/2 961/1217/2
f 995/1251/2 974/1230/2 991/1247/2 993/1249/2
f 996/1252/1 986/1242/1 980/1236/1 979/1235/1
f 1000/1256/1 995/1251/1 983/1239/1 999/1255/1
f 1001/1257/1 993/1249/1 955/1211/1 959/1215/1
f 983/1239/1 995/1251/1 993/1249/1 962/1218/1
f 981/1237/4 980/1236/4 992/1248/4 966/1222/4
f 980/1236/1 986/1242/1 961/1217/1 992/1248/1
f 1002/1258/5 1003/1259/5 1004/1260/5 1005/1261/5
f 1006/1262/4 1007/1263/4 1003/1259/4 1002/1258/4
f 1008/1264/4 1009/1265/4 1010/1266/4 1011/1267/4
f 1012/1268/2 1013/1269/2 1014/1270/2 1015/1271/2
f 1016/1272/1 1017/1273/1 1015/1271/1 1018/1274/1
f 1019/1275/4 1016/1272/4 1018/1274/4 1020/1276/4
f 1021/1277/2 1022/1278/2 1005/1261/2 1023/1279/2
f 1024/1280/2 1023/1279/2 1005/1261/2 1004/1260/2
f 1019/1275/10 1025/1281/10 1026/1282/10 1027/1283/10
f 1012/1268/2 1015/1271/2 1017/1273/2 1025/1281/2
f 1017/1273/3 1016/1272/3 1028/1284/3 1029/1285/3
f 1030/1286/5 1031/1287/5 1010/1266/5 1032/1288/5
f 1033/1289/3 1034/1290/3 1031/1287/3 1030/1286/3
f 1035/1291/2 1036/1292/2 1032/1288/2 1037/1293/2
f 1038/1294/2 1024/1280/2 1004/1260/2 1039/1295/2
f 1040/1296/10 1018/1274/10 1015/1271/10 1014/1270/10
f 1010/1266/10 1009/1265/10 1037/1293/10 1032/1288/10
f 1003/1259/10 1041/1297/10 1039/1295/10 1004/1260/10
f 1020/1276/4 1018/1274/4 1040/1296/4 1042/1298/4
f 1016/1272/4 1019/1275/4 1027/1283/4 1028/1284/4
f 1022/1278/3 1043/1299/3 1002/1258/3 1005/1261/3
f 1044/1300/10 1045/1301/10 1046/1302/10 1047/1303/10
f 1048/1304/10 1021/1277/10 1023/1279/10 1006/1262/10
f 1025/1281/2 1017/1273/2 1029/1285/2 1026/1282/2
f 1045/1301/2 1033/1289/2 1030/1286/2 1046/1302/2
f 1034/1290/4 1044/1300/4 1047/1303/4 1031/1287/4
f 1043/1299/4 1048/1304/4 1006/1262/4 1002/1258/4
f 1022/1278/2 1030/1286/2 1032/1288/2 1039/1295/2
f 1033/1289/2 1029/1285/2 1014/1270/2 1037/1293/2
f 1035/1291/2 1037/1293/2 1014/1270/2 1013/1269/2
f 1038/1294/2 1039/1295/2 1032/1288/2 1036/1292/2
f 1009/1265/4 1008/1264/4 1042/1298/4 1040/1296/4
f 1041/1297/4 1049/1305/4 1011/1267/4 1010/1266/4
f 1033/1289/2 1045/1301/2 1026/1282/2 1029/1285/2
f 1022/1278/2 1021/1277/2 1046/1302/2 1030/1286/2
f 1045/1301/10 1044/1300/10 1027/1283/10 1026/1282/10
f 1021/1277/10 1048/1304/10 1047/1303/10 1046/1302/10
f 1034/1290/1 1033/1289/1 1037/1293/1 1009/1265/1
f 1043/1299/1 1022/1278/1 1039/1295/1 1041/1297/1
f 1044/1300/4 1034/1290/4 1028/1284/4 1027/1283/4
f 1048/1304/4 1043/1299/4 1031/1287/4 1047/1303/4
f 1049/1305/4 1041/1297/4 1003/1259/4 1007/1263/4
f 1031/1287/4 1043/1299/4 1041/1297/4 1010/1266/4
f 1029/1285/5 1028/1284/5 1040/1296/5 1014/1270/5
f 1028/1284/4 1034/1290/4 1009/1265/4 1040/1296/4
f 1050/1306/5 1051/1307/5 1052/1308/5 1053/1309/5
f 1054/1310/4 1055/1311/4 1051/1307/4 1050/1306/4
f 1056/1312/4 1057/1313/4 1058/1314/4 1059/1315/4
f 1060/1316/2 1061/1317/2 1062/1318/2 1063/1319/2
f 1064/1320/1 1065/1321/1 1063/1319/1 1066/1322/1
f 1067/1323/4 1064/1320/4 1066/1322/4 1068/1324/4
f 1069/1325/2 1070/1326/2 1053/1309/2 1071/1327/2
f 1072/1328/2 1071/1327/2 1053/1309/2 1052/1308/2
f 1067/1323/10 1073/1329/10 1074/1330/10 1075/1331/10
f 1060/1316/2 1063/1319/2 1065/1321/2 1073/1329/2
f 1065/1321/3 1064/1320/3 1076/1332/3 1077/1333/3
f 1078/1334/5 1079/1335/5 1058/1314/5 1080/1336/5
f 1081/1337/3 1082/1338/3 1079/1335/3 1078/1334/3
f 1083/1339/2 1084/1340/2 1080/1336/2 1085/1341/2
f 1086/1342/2 1072/1328/2 1052/1308/2 1087/1343/2
f 1088/1344/10 1066/1322/10 1063/1319/10 1062/1318/10
f 1058/1314/10 1057/1313/10 1085/1341/10 1080/1336/10
f 1051/1307/10 1089/1345/10 1087/1343/10 1052/1308/10
f 1068/1324/4 1066/1322/4 1088/1344/4 1090/1346/4
f 1064/1320/4 1067/1323/4 1075/1331/4 1076/1332/4
f 1070/1326/3 1091/1347/3 1050/1306/3 1053/1309/3
f 1092/1348/10 1093/1349/10 1094/1350/10 1095/1351/10
f 1096/1352/10 1069/1325/10 1071/1327/10 1054/1310/10
f 1073/1329/2 1065/1321/2 1077/1333/2 1074/1330/2
f 1093/1349/2 1081/1337/2 1078/1334/2 1094/1350/2
f 1082/1338/4 1092/1348/4 1095/1351/4 1079/1335/4
f 1091/1347/4 1096/1352/4 1054/1310/4 1050/1306/4
f 1070/1326/2 1078/1334/2 1080/1336/2 1087/1343/2
f 1081/1337/2 1077/1333/2 1062/1318/2 1085/1341/2
f 1083/1339/2 1085/1341/2 1062/1318/2 1061/1317/2
f 1086/1342/2 1087/1343/2 1080/1336/2 1084/1340/2
f 1057/1313/4 1056/1312/4 1090/1346/4 1088/1344/4
f 1089/1345/4 1097/1353/4 1059/1315/4 1058/1314/4
f 1081/1337/2 1093/1349/2 1074/1330/2 1077/1333/2
f 1070/1326/2 1069/1325/2 1094/1350/2 1078/1334/2
f 1093/1349/10 1092/1348/10 1075/1331/10 1074/1330/10
f 1069/1325/10 1096/1352/10 1095/1351/10 1094/1350/10
f 1082/1338/1 1081/1337/1 1085/1341/1 1057/1313/1
f 1091/1347/1 1070/1326/1 1087/1343/1 1089/1345/1
f 1092/1348/4 1082/1338/4 1076/1332/4 1075/1331/4
f 1096/1352/4 1091/1347/4 1079/1335/4 1095/1351/4
f 1097/1353/4 1089/1345/4 1051/1307/4 1055/1311/4
f 1079/1335/4 1091/1347/4 1089/1345/4 1058/1314/4
f 1077/1333/5 1076/1332/5 1088/1344/5 1062/1318/5
f 1076/1332/4 1082/1338/4 1057/1313/4 1088/1344/4
f 1098/1354/4 1099/1355/4 1100/1356/4 1101/1357/4
f 1102/1358/1 1103/1359/1 1099/1355/1 1098/1354/1
f 1104/1360/1 1105/1361/1 1106/1362/1 1107/1363/1
f 1108/1364/5 1109/1365/5 1110/1366/5 1111/1367/5
f 1112/1368/2 1113/1369/2 1111/1367/2 1114/1370/2
f 1115/1371/1 1112/1368/1 1114/1370/1 1116/1372/1
f 1117/1373/5 1118/1374/5 1101/1357/5 1119/1375/5
f 1120/1376/5 1119/1375/5 1101/1357/5 1100/1356/5
f 1115/1371/10 1121/1377/10 1122/1378/10 1123/1379/10
f 1108/1364/5 1111/1367/5 1113/1369/5 1121/1377/5
f 1113/1369/3 1112/1368/3 1124/1380/3 1125/1381/3
f 1126/1382/4 1127/1383/4 1106/1362/4 1128/1384/4
f 1129/1385/3 1130/1386/3 1127/1383/3 1126/1382/3
f 1131/1387/5 1132/1388/5 1128/1384/5 1133/1389/5
f 1134/1390/5 1120/1376/5 1100/1356/5 1135/1391/5
f 1136/1392/10 1114/1370/10 1111/1367/10 1110/1366/10
f 1106/1362/10 1105/1361/10 1133/1389/10 1128/1384/10
f 1099/1355/10 1137/1393/10 1135/1391/10 1100/1356/10
f 1116/1372/1 1114/1370/1 1136/1392/1 1138/1394/1
f 1112/1368/1 1115/1371/1 1123/1379/1 1124/1380/1
f 1118/1374/3 1139/1395/3 1098/1354/3 1101/1357/3
f 1140/1396/10 1141/1397/10 1142/1398/10 1143/1399/10
f 1144/1400/10 1117/1373/10 1119/1375/10 1102/1358/10
f 1121/1377/5 1113/1369/5 1125/1381/5 1122/1378/5
f 1141/1397/5 1129/1385/5 1126/1382/5 1142/1398/5
f 1130/1386/1 1140/1396/1 1143/1399/1 1127/1383/1
f 1139/1395/1 1144/1400/1 1102/1358/1 1098/1354/1
f 1118/1374/5 1126/1382/5 1128/1384/5 1135/1391/5
f 1129/1385/5 1125/1381/5 1110/1366/5 1133/1389/5
f 1131/1387/5 1133/1389/5 1110/1366/5 1109/1365/5
f 1134/1390/5 1135/1391/5 1128/1384/5 1132/1388/5
f 1105/1361/1 1104/1360/1 1138/1394/1 1136/1392/1
f 1137/1393/1 1145/1401/1 1107/1363/1 1106/1362/1
f 1129/1385/5 1141/1397/5 1122/1378/5 1125/1381/5
f 1118/1374/5 1117/1373/5 1142/1398/5 1126/1382/5
f 1141/1397/10 1140/1396/10 1123/1379/10 1122/1378/10
f 1117/1373/10 1144/1400/10 1143/1399/10 1142/1398/10
f 1130/1386/2 1129/1385/2 1133/1389/2 1105/1361/2
f 1139/1395/2 1118/1374/2 1135/1391/2 1137/1393/2
f 1140/1396/1 1130/1386/1 1124/1380/1 1123/1379/1
f 1144/1400/1 1139/1395/1 1127/1383/1 1143/1399/1
f 1145/1401/1 1137/1393/1 1099/1355/1 1103/1359/1
f 1127/1383/1 1139/1395/1 1137/1393/1 1106/1362/1
f 1125/1381/4 1124/1380/4 1136/1392/4 1110/1366/4
f 1124/1380/1 1130/1386/1 1105/1361/1 1136/1392/1
f 1146/1402/4 1147/1403/4 1148/1404/4 1149/1405/4
f 1149/1405/5 1148/1404/5 1150/1406/5 1151/1407/5
f 1151/1407/2 1150/1406/2 1152/1408/2 1153/1409/2
f 1153/1409/1 1152/1408/1 1147/1403/1 1146/1402/1
f 1150/1410/10 1148/1411/10 1154/1412/10 1155/1413/10
f 1156/1414/2 1155/1413/2 1157/1415/2 1158/1416/2
f 1152/1417/10 1150/1410/10 1155/1413/10 1156/1414/10
f 1148/1411/10 1147/1418/10 1159/1419/10 1154/1412/10
f 1147/1418/10 1152/1417/10 1156/1414/10 1159/1419/10
f 1160/1420/3 1158/1416/3 1161/1421/3 1162/1422/3
f 1154/1412/4 1159/1419/4 1160/1420/4 1163/1423/4
f 1159/1419/1 1156/1414/1 1158/1416/1 1160/1420/1
f 1155/1413/5 1154/1412/5 1163/1423/5 1157/1415/5
f 1164/1424/4 1165/1425/4 1166/1426/4 1167/1427/4
f 1157/1415/3 1163/1423/3 1168/1428/3 1169/1429/3
f 1158/1416/3 1157/1415/3 1169/1429/3 1161/1421/3
f 1163/1423/3 1160/1420/3 1162/1422/3 1168/1428/3
f 1166/1426/3 1170/1430/3 1171/1431/3 1167/1427/3
f 1172/1432/2 1173/1433/2 1171/1431/2 1170/1430/2
f 1173/1433/5 1164/1424/5 1167/1427/5 1171/1431/5
f 1165/1425/1 1172/1432/1 1170/1430/1 1166/1426/1
f 1169/1429/1 1168/1428/1 1172/1434/1 1165/1435/1
f 1162/1422/5 1161/1421/5 1164/1436/5 1173/1437/5
f 1168/1428/2 1162/1422/2 1173/1437/2 1172/1434/2
f 1161/1421/4 1169/1429/4 1165/1435/4 1164/1436/4
f 1174/1438/5 1175/1439/5 1176/1440/5 1177/1441/5
f 1178/1442/10 1179/1443/10 1175/1439/10 1174/1438/10
f 1175/1439/108 1179/1443/108 1180/1444/108 1176/1440/108
f 1181/1445/109 1182/1446/109 1183/1447/109 1184/1448/109
f 1176/1449/110 1185/1450/110 1186/1451/110 1177/1452/110
f 1185/1450/111 1182/1446/111 1181/1445/111 1186/1451/111
f 1186/1451/2 1181/1445/2 1184/1448/2 1187/1453/2
f 1188/1454/112 1183/1447/112 1182/1446/112 1185/1450/112
f 1177/1452/113 1186/1451/113 1187/1453/113 1189/1455/113
f 1180/1456/114 1188/1454/114 1185/1450/114 1176/1449/114
f 1190/1457/115 1191/1458/115 1192/1459/115 1193/1460/115
f 1193/1460/116 1192/1459/116 1194/1461/116 1195/1462/116
f 1196/1463/117 1197/1464/117 1198/1465/117 1199/1466/117
f 1200/1467/2 1201/1468/2 1202/1469/2 1203/1470/2
f 1204/1471/2 1205/1472/2 1206/1473/2 1207/1474/2
f 1208/1475/118 1209/1476/118 1196/1463/118 1199/1466/118
f 1198/1465/119 1197/1464/119 1209/1476/119 1208/1475/119
f 1197/1464/2 1210/1477/2 1204/1471/2 1207/1474/2 1211/1478/2 1209/1476/2
f 1206/1473/1 1212/1479/1 1213/1480/1 1201/1481/1
f 1200/1482/3 1207/1474/3 1206/1473/3 1201/1481/3
f 1203/1483/120 1211/1478/120 1207/1474/120 1200/1482/120
f 1205/1472/2 1214/1484/2 1212/1479/2 1206/1473/2
f 1199/1485/2 1198/1486/2 1208/1487/2
f 1202/1469/2 1201/1468/2 1213/1488/2
f 1210/1477/1 1215/1489/1 1216/1490/1 1204/1471/1
f 1214/1484/2 1210/1477/2 1197/1464/2 1196/1463/2 1217/1491/2 1212/1479/2
f 1215/1489/4 1198/1465/4 1208/1475/4 1203/1483/4 1200/1482/4 1216/1490/4
f 1203/1483/4 1208/1475/4 1199/1466/4 1202/1492/4
f 1211/1478/121 1203/1483/121 1202/1492/121 1217/1491/121
f 1212/1479/122 1217/1491/122 1202/1492/122 1213/1480/122
f 1209/1476/2 1211/1478/2 1217/1491/2 1196/1463/2
f 1218/1493/123 1219/1494/123 1192/1459/123 1193/1460/123
f 1178/1442/2 1174/1438/2 1177/1441/2 1189/1495/2 1218/1493/2 1193/1460/2 1195/1462/2
f 1220/1496/1 1221/1497/1 1222/1498/1 1223/1499/1
f 1178/1442/10 1220/1496/10 1223/1499/10 1179/1443/10
f 1223/1499/124 1222/1498/124 1180/1444/124 1179/1443/124
f 1224/1500/125 1184/1448/125 1183/1447/125 1225/1501/125
f 1222/1502/126 1221/1503/126 1226/1504/126 1227/1505/126
f 1227/1505/127 1226/1504/127 1224/1500/127 1225/1501/127
f 1226/1504/2 1187/1453/2 1184/1448/2 1224/1500/2
f 1188/1454/128 1227/1505/128 1225/1501/128 1183/1447/128
f 1221/1503/129 1189/1455/129 1187/1453/129 1226/1504/129
f 1180/1456/130 1222/1502/130 1227/1505/130 1188/1454/130
f 1228/1506/131 1229/1507/131 1230/1508/131 1231/1509/131
f 1229/1507/132 1195/1462/132 1194/1461/132 1230/1508/132
f 1232/1510/133 1233/1511/133 1234/1512/133 1235/1513/133
f 1236/1514/2 1237/1515/2 1238/1516/2 1239/1517/2
f 1204/1471/2 1240/1518/2 1241/1519/2 1242/1520/2
f 1243/1521/134 1233/1511/134 1232/1510/134 1244/1522/134
f 1234/1512/135 1243/1521/135 1244/1522/135 1235/1513/135
f 1235/1513/2 1244/1522/2 1245/1523/2 1240/1518/2 1204/1471/2 1210/1477/2
f 1241/1519/5 1239/1524/5 1246/1525/5 1247/1526/5
f 1236/1527/3 1239/1524/3 1241/1519/3 1240/1518/3
f 1237/1528/136 1236/1527/136 1240/1518/136 1245/1523/136
f 1242/1520/2 1241/1519/2 1247/1526/2 1248/1529/2
f 1233/1530/2 1243/1531/2 1234/1532/2
f 1238/1516/2 1246/1533/2 1239/1517/2
f 1248/1529/2 1247/1526/2 1249/1534/2 1232/1510/2 1235/1513/2 1210/1477/2
f 1215/1489/4 1216/1490/4 1236/1527/4 1237/1528/4 1243/1521/4 1234/1512/4
f 1237/1528/4 1238/1535/4 1233/1511/4 1243/1521/4
f 1245/1523/137 1249/1534/137 1238/1535/137 1237/1528/137
f 1247/1526/138 1246/1525/138 1238/1535/138 1249/1534/138
f 1244/1522/2 1232/1510/2 1249/1534/2 1245/1523/2
f 1218/1493/139 1229/1507/139 1230/1508/139 1219/1494/139
f 1178/1442/2 1195/1462/2 1229/1507/2 1218/1493/2 1189/1495/2 1221/1497/2 1220/1496/2
f 1250/1536/5 1251/1537/5 1252/1538/5 1253/1539/5
f 1254/1540/10 1250/1536/10 1253/1539/10 1255/1541/10
f 1253/1539/140 1252/1538/140 1256/1542/140 1255/1541/140
f 1257/1543/109 1258/1544/109 1259/1545/109 1260/1546/109
f 1252/1547/110 1251/1548/110 1261/1549/110 1262/1550/110
f 1262/1550/141 1261/1549/141 1257/1543/141 1260/1546/141
f 1261/1549/4 1263/1551/4 1258/1544/4 1257/1543/4
f 1264/1552/142 1262/1550/142 1260/1546/142 1259/1545/142
f 1251/1548/143 1265/1553/143 1263/1551/143 1261/1549/143
f 1256/1554/144 1252/1547/144 1262/1550/144 1264/1552/144
f 1266/1555/115 1267/1556/115 1268/1557/115 1269/1558/115
f 1267/1556/145 1270/1559/145 1271/1560/145 1268/1557/145
f 1272/1561/146 1273/1562/146 1274/1563/146 1275/1564/146
f 1276/1565/4 1277/1566/4 1278/1567/4 1279/1568/4
f 1280/1569/4 1281/1570/4 1282/1571/4 1283/1572/4
f 1284/1573/147 1273/1562/147 1272/1561/147 1285/1574/147
f 1274/1563/148 1284/1573/148 1285/1574/148 1275/1564/148
f 1275/1564/4 1285/1574/4 1286/1575/4 1281/1570/4 1280/1569/4 1287/1576/4
f 1282/1571/1 1279/1577/1 1288/1578/1 1289/1579/1
f 1276/1580/3 1279/1577/3 1282/1571/3 1281/1570/3
f 1277/1581/149 1276/1580/149 1281/1570/149 1286/1575/149
f 1283/1572/4 1282/1571/4 1289/1579/4 1290/1582/4
f 1273/1583/4 1284/1584/4 1274/1585/4
f 1278/1567/4 1288/1586/4 1279/1568/4
f 1287/1576/1 1280/1569/1 1291/1587/1 1292/1588/1
f 1290/1582/4 1289/1579/4 1293/1589/4 1272/1561/4 1275/1564/4 1287/1576/4
f 1292/1588/2 1291/1587/2 1276/1580/2 1277/1581/2 1284/1573/2 1274/1563/2
f 1277/1581/2 1278/1590/2 1273/1562/2 1284/1573/2
f 1286/1575/150 1293/1589/150 1278/1590/150 1277/1581/150
f 1289/1579/151 1288/1578/151 1278/1590/151 1293/1589/151
f 1285/1574/4 1272/1561/4 1293/1589/4 1286/1575/4
f 1294/1591/123 1267/1556/123 1268/1557/123 1295/1592/123
f 1254/1540/4 1270/1559/4 1267/1556/4 1294/1591/4 1265/1593/4 1251/1537/4 1250/1536/4
f 1296/1594/1 1297/1595/1 1298/1596/1 1299/1597/1
f 1254/1540/10 1255/1541/10 1297/1595/10 1296/1594/10
f 1297/1595/152 1255/1541/152 1256/1542/152 1298/1596/152
f 1300/1598/125 1301/1599/125 1259/1545/125 1258/1544/125
f 1298/1600/126 1302/1601/126 1303/1602/126 1299/1603/126
f 1302/1601/127 1301/1599/127 1300/1598/127 1303/1602/127
f 1303/1602/4 1300/1598/4 1258/1544/4 1263/1551/4
f 1264/1552/153 1259/1545/153 1301/1599/153 1302/1601/153
f 1299/1603/154 1303/1602/154 1263/1551/154 1265/1553/154
f 1256/1554/155 1264/1552/155 1302/1601/155 1298/1600/155
f 1304/1604/131 1305/1605/131 1306/1606/131 1307/1607/131
f 1307/1607/156 1306/1606/156 1271/1560/156 1270/1559/156
f 1308/1608/157 1309/1609/157 1310/1610/157 1311/1611/157
f 1312/1612/4 1313/1613/4 1314/1614/4 1315/1615/4
f 1280/1569/4 1316/1616/4 1317/1617/4 1318/1618/4
f 1319/1619/158 1320/1620/158 1308/1608/158 1311/1611/158
f 1310/1610/159 1309/1609/159 1320/1620/159 1319/1619/159
f 1309/1609/4 1287/1576/4 1280/1569/4 1318/1618/4 1321/1621/4 1320/1620/4
f 1317/1617/5 1322/1622/5 1323/1623/5 1313/1624/5
f 1312/1625/3 1318/1618/3 1317/1617/3 1313/1624/3
f 1315/1626/160 1321/1621/160 1318/1618/160 1312/1625/160
f 1316/1616/4 1324/1627/4 1322/1622/4 1317/1617/4
f 1311/1628/4 1310/1629/4 1319/1630/4
f 1314/1614/4 1313/1613/4 1323/1631/4
f 1324/1627/4 1287/1576/4 1309/1609/4 1308/1608/4 1325/1632/4 1322/1622/4
f 1292/1588/2 1310/1610/2 1319/1619/2 1315/1626/2 1312/1625/2 1291/1587/2
f 1315/1626/2 1319/1619/2 1311/1611/2 1314/1633/2
f 1321/1621/161 1315/1626/161 1314/1633/161 1325/1632/161
f 1322/1622/162 1325/1632/162 1314/1633/162 1323/1623/162
f 1320/1620/4 1321/1621/4 1325/1632/4 1308/1608/4
f 1294/1591/139 1295/1592/139 1306/1606/139 1307/1607/139
f 1254/1540/4 1296/1594/4 1299/1597/4 1265/1593/4 1294/1591/4 1307/1607/4 1270/1559/4
f 1326/1634/1 1327/1635/1 1328/1636/1 1329/1637/1
f 1330/1638/2 1331/1639/2 1332/1640/2 1333/1641/2
f 1331/1639/3 1334/1642/3 1335/1643/3 1336/1644/3 1337/1645/3 1328/1636/3 1327/1635/3 1332/1640/3
f 1338/1646/4 1337/1645/4 1336/1644/4 1339/1647/4
f 1340/1648/5 1335/1643/5 1334/1642/5 1341/1649/5
f 1329/1637/163 1328/1636/163 1337/1645/163 1338/1646/163
f 1342/1650/164 1343/1651/164 1344/1652/164 1345/1653/164
f 1346/1654/165 1347/1655/165 1348/1656/165 1349/1657/165
f 1350/1658/166 1351/1659/166 1352/1660/166 1353/1661/166
f 1344/1652/10 1343/1651/10 1348/1656/10 1347/1655/10 1352/1660/10 1351/1659/10 1354/1662/10 1355/1663/10
f 1327/1635/166 1326/1634/166 1333/1641/166 1332/1640/166
f 1331/1639/165 1330/1638/165 1341/1649/165 1334/1642/165
f 1335/1643/164 1340/1648/164 1339/1647/164 1336/1644/164
f 1356/1664/167 1329/1637/167 1338/1646/167 1357/1665/167
f 1358/1666/168 1340/1648/168 1341/1649/168 1359/1667/168
f 1357/1665/169 1338/1646/169 1339/1647/169 1360/1668/169
f 1361/1669/170 1330/1638/170 1333/1641/170 1362/1670/170
f 1363/1671/171 1326/1634/171 1329/1637/171 1356/1664/171
f 1351/1659/1 1350/1658/1 1364/1672/1 1354/1662/1
f 1347/1655/2 1346/1654/2 1353/1661/2 1352/1660/2
f 1355/1663/4 1365/1673/4 1345/1653/4 1344/1652/4
f 1343/1651/5 1342/1650/5 1349/1657/5 1348/1656/5
f 1354/1662/163 1364/1672/163 1365/1673/163 1355/1663/163
f 1363/1671/172 1350/1658/172 1353/1661/172 1362/1670/172
f 1361/1669/173 1346/1654/173 1349/1657/173 1359/1667/173
f 1358/1666/174 1342/1650/174 1345/1653/174 1360/1668/174
f 1340/1648/175 1358/1666/175 1360/1668/175 1339/1647/175
f 1330/1638/176 1361/1669/176 1359/1667/176 1341/1649/176
f 1326/1634/177 1363/1671/177 1362/1670/177 1333/1641/177
f 1350/1658/178 1363/1671/178 1356/1664/178 1364/1672/178
f 1346/1654/179 1361/1669/179 1362/1670/179 1353/1661/179
f 1365/1673/180 1357/1665/180 1360/1668/180 1345/1653/180
f 1342/1650/181 1358/1666/181 1359/1667/181 1349/1657/181
f 1364/1672/182 1356/1664/182 1357/1665/182 1365/1673/182
f 1366/1674/1 1367/1675/1 1368/1676/1 1369/1677/1
f 1370/1678/4 1371/1679/4 1372/1680/4 1373/1681/4
f 1373/1681/3 1372/1680/3 1369/1677/3 1368/1676/3 1374/1682/3 1375/1683/3 1376/1684/3 1377/1685/3
f 1378/1686/2 1379/1687/2 1375/1683/2 1374/1682/2
f 1380/1688/5 1381/1689/5 1377/1685/5 1376/1684/5
f 1367/1675/166 1378/1686/166 1374/1682/166 1368/1676/166
f 1382/1690/165 1383/1691/165 1384/1692/165 1385/1693/165
f 1386/1694/164 1387/1695/164 1388/1696/164 1389/1697/164
f 1390/1698/163 1391/1699/163 1392/1700/163 1393/1701/163
f 1384/1692/10 1394/1702/10 1395/1703/10 1393/1701/10 1392/1700/10 1389/1697/10 1388/1696/10 1385/1693/10
f 1369/1677/163 1372/1680/163 1371/1679/163 1366/1674/163
f 1373/1681/164 1377/1685/164 1381/1689/164 1370/1678/164
f 1376/1684/165 1375/1683/165 1379/1687/165 1380/1688/165
f 1396/1704/177 1397/1705/177 1378/1686/177 1367/1675/177
f 1398/1706/168 1399/1707/168 1381/1689/168 1380/1688/168
f 1397/1705/170 1400/1708/170 1379/1687/170 1378/1686/170
f 1401/1709/169 1402/1710/169 1371/1679/169 1370/1678/169
f 1403/1711/171 1396/1704/171 1367/1675/171 1366/1674/171
f 1393/1701/1 1395/1703/1 1404/1712/1 1390/1698/1
f 1389/1697/4 1392/1700/4 1391/1699/4 1386/1694/4
f 1394/1702/2 1384/1692/2 1383/1691/2 1405/1713/2
f 1385/1693/5 1388/1696/5 1387/1695/5 1382/1690/5
f 1395/1703/166 1394/1702/166 1405/1713/166 1404/1712/166
f 1403/1711/182 1402/1710/182 1391/1699/182 1390/1698/182
f 1401/1709/174 1399/1707/174 1387/1695/174 1386/1694/174
f 1398/1706/173 1400/1708/173 1383/1691/173 1382/1690/173
f 1380/1688/176 1379/1687/176 1400/1708/176 1398/1706/176
f 1370/1678/175 1381/1689/175 1399/1707/175 1401/1709/175
f 1366/1674/167 1371/1679/167 1402/1710/167 1403/1711/167
f 1390/1698/178 1404/1712/178 1396/1704/178 1403/1711/178
f 1386/1694/180 1391/1699/180 1402/1710/180 1401/1709/180
f 1405/1713/179 1383/1691/179 1400/1708/179 1397/1705/179
f 1382/1690/181 1387/1695/181 1399/1707/181 1398/1706/181
f 1404/1712/172 1405/1713/172 1397/1705/172 1396/1704/172
f 1406/1714/183 1407/1715/183 1408/1716/183 1409/1717/183
f 1410/1718/184 1411/1719/184 1412/1720/184 1413/1721/184
f 1414/1722/185 1415/1723/185 1416/1724/185 1417/1725/185
f 1418/1726/186 1419/1727/186 1420/1728/186 1421/1729/186
f 1422/1730/187 1423/1731/187 1424/1732/187 1425/1733/187
f 1426/1734/188 1407/1715/188 1420/1728/188 1419/1727/188
f 1427/1735/189 1428/1736/189 1429/1737/189 1430/1738/189
f 1431/1739/190 1432/1740/190 1433/1741/190 1434/1742/190
f 1435/1743/191 1436/1744/191 1437/1745/191 1438/1746/191
f 1439/1747/192 1440/1748/192 1441/1749/192 1442/1750/192
f 1443/1751/193 1444/1752/193 1445/1753/193 1446/1754/193
f 1447/1755/194 1448/1756/194 1449/1757/194 1450/1758/194
f 1451/1759/195 1430/1738/195 1429/1737/195 1452/1760/195
f 1453/1761/196 1434/1742/196 1433/1741/196 1454/1762/196
f 1455/1763/197 1438/1746/197 1437/1745/197 1456/1764/197
f 1457/1765/198 1458/1766/198 1459/1767/198 1460/1768/198
f 1461/1769/199 1462/1770/199 1463/1771/199 1464/1772/199
f 1465/1773/200 1466/1774/200 1467/1775/200 1468/1776/200
f 1469/1777/201 1470/1778/201 1448/1756/201 1447/1755/201
f 1471/1779/202 1472/1780/202 1444/1752/202 1443/1751/202
f 1473/1781/203 1474/1782/203 1440/1748/203 1439/1747/203
f 1462/1770/204 1459/1767/204 1436/1744/204 1435/1743/204
f 1466/1774/205 1463/1771/205 1432/1740/205 1431/1739/205
f 1411/1719/206 1467/1775/206 1428/1736/206 1427/1735/206
f 1458/1766/207 1408/1716/207 1407/1715/207 1426/1734/207
f 1475/1783/208 1476/1784/208 1423/1731/208 1422/1730/208
f 1413/1721/209 1412/1720/209 1415/1723/209 1414/1722/209
f 1421/1729/210 1420/1728/210 1407/1715/210 1406/1714/210
f 1477/1785/211 1421/1729/211 1406/1714/211 1478/1786/211
f 1476/1784/212 1413/1721/212 1414/1722/212 1423/1731/212
f 1469/1777/213 1465/1773/213 1468/1776/213 1470/1778/213
f 1471/1779/214 1461/1769/214 1464/1772/214 1472/1780/214
f 1473/1781/215 1457/1765/215 1460/1768/215 1474/1782/215
f 1446/1754/216 1455/1763/216 1456/1764/216 1441/1749/216
f 1450/1758/217 1453/1761/217 1454/1762/217 1445/1753/217
f 1425/1733/218 1451/1759/218 1452/1760/218 1449/1757/218
f 1442/1750/219 1418/1726/219 1421/1729/219 1477/1785/219
f 1423/1731/220 1414/1722/220 1417/1725/220 1424/1732/220
f 1475/1783/221 1410/1718/221 1413/1721/221 1476/1784/221
f 1478/1786/222 1406/1714/222 1409/1717/222 1479/1787/222
f 1441/1749/223 1456/1764/223 1418/1726/223 1442/1750/223
f 1479/1787/224 1409/1717/224 1457/1765/224 1473/1781/224
f 1459/1767/225 1458/1766/225 1426/1734/225 1436/1744/225
f 1479/1787/226 1473/1781/226 1439/1747/226 1478/1786/226
f 1409/1717/227 1408/1716/227 1458/1766/227 1457/1765/227
f 1478/1786/228 1439/1747/228 1442/1750/228 1477/1785/228
f 1436/1744/229 1426/1734/229 1419/1727/229 1437/1745/229
f 1456/1764/230 1437/1745/230 1419/1727/230 1418/1726/230
f 1470/1778/231 1468/1776/231 1410/1718/231 1475/1783/231
f 1424/1732/232 1417/1725/232 1451/1759/232 1425/1733/232
f 1470/1778/233 1475/1783/233 1422/1730/233 1448/1756/233
f 1412/1720/234 1411/1719/234 1427/1735/234 1415/1723/234
f 1417/1725/235 1416/1724/235 1430/1738/235 1451/1759/235
f 1415/1723/236 1427/1735/236 1430/1738/236 1416/1724/236
f 1448/1756/237 1422/1730/237 1425/1733/237 1449/1757/237
f 1468/1776/238 1467/1775/238 1411/1719/238 1410/1718/238
f 1449/1757/239 1452/1760/239 1453/1761/239 1450/1758/239
f 1472/1780/240 1464/1772/240 1465/1773/240 1469/1777/240
f 1467/1775/241 1466/1774/241 1431/1739/241 1428/1736/241
f 1472/1780/242 1469/1777/242 1447/1755/242 1444/1752/242
f 1464/1772/243 1463/1771/243 1466/1774/243 1465/1773/243
f 1452/1760/244 1429/1737/244 1434/1742/244 1453/1761/244
f 1444/1752/245 1447/1755/245 1450/1758/245 1445/1753/245
f 1428/1736/246 1431/1739/246 1434/1742/246 1429/1737/246
f 1445/1753/247 1454/1762/247 1455/1763/247 1446/1754/247
f 1474/1782/248 1460/1768/248 1461/1769/248 1471/1779/248
f 1463/1771/249 1462/1770/249 1435/1743/249 1432/1740/249
f 1474/1782/250 1471/1779/250 1443/1751/250 1440/1748/250
f 1460/1768/251 1459/1767/251 1462/1770/251 1461/1769/251
f 1454/1762/252 1433/1741/252 1438/1746/252 1455/1763/252
f 1440/1748/253 1443/1751/253 1446/1754/253 1441/1749/253
f 1432/1740/254 1435/1743/254 1438/1746/254 1433/1741/254
f 1480/1788/255 1481/1789/255 1482/1790/255 1483/1791/255
f 1484/1792/256 1485/1793/256 1486/1794/256 1487/1795/256
f 1488/1796/257 1489/1797/257 1490/1798/257 1491/1799/257
f 1492/1800/258 1493/1801/258 1494/1802/258 1495/1803/258
f 1496/1804/259 1497/1805/259 1498/1806/259 1499/1807/259
f 1500/1808/260 1495/1803/260 1494/1802/260 1483/1791/260
f 1501/1809/261 1502/1810/261 1503/1811/261 1504/1812/261
f 1505/1813/262 1506/1814/262 1507/1815/262 1508/1816/262
f 1509/1817/263 1510/1818/263 1511/1819/263 1512/1820/263
f 1513/1821/264 1514/1822/264 1515/1823/264 1516/1824/264
f 1517/1825/265 1518/1826/265 1519/1827/265 1520/1828/265
f 1521/1829/266 1522/1830/266 1523/1831/266 1524/1832/266
f 1525/1833/267 1526/1834/267 1503/1811/267 1502/1810/267
f 1527/1835/268 1528/1836/268 1507/1815/268 1506/1814/268
f 1529/1837/269 1530/1838/269 1511/1819/269 1510/1818/269
f 1531/1839/270 1532/1840/270 1533/1841/270 1534/1842/270
f 1535/1843/271 1536/1844/271 1537/1845/271 1538/1846/271
f 1539/1847/272 1540/1848/272 1541/1849/272 1542/1850/272
f 1543/1851/273 1521/1829/273 1524/1832/273 1544/1852/273
f 1545/1853/274 1517/1825/274 1520/1828/274 1546/1854/274
f 1547/1855/275 1513/1821/275 1516/1824/275 1548/1856/275
f 1538/1846/276 1509/1817/276 1512/1820/276 1533/1841/276
f 1542/1850/277 1505/1813/277 1508/1816/277 1537/1845/277
f 1487/1795/278 1501/1809/278 1504/1812/278 1541/1849/278
f 1534/1842/279 1500/1808/279 1483/1791/279 1482/1790/279
f 1549/1857/280 1496/1804/280 1499/1807/280 1550/1858/280
f 1485/1793/281 1488/1796/281 1491/1799/281 1486/1794/281
f 1493/1801/282 1480/1788/282 1483/1791/282 1494/1802/282
f 1551/1859/283 1552/1860/283 1480/1788/283 1493/1801/283
f 1550/1858/284 1499/1807/284 1488/1796/284 1485/1793/284
f 1543/1851/285 1544/1852/285 1540/1848/285 1539/1847/285
f 1545/1853/286 1546/1854/286 1536/1844/286 1535/1843/286
f 1547/1855/287 1548/1856/287 1532/1840/287 1531/1839/287
f 1518/1826/288 1515/1823/288 1530/1838/288 1529/1837/288
f 1522/1830/289 1519/1827/289 1528/1836/289 1527/1835/289
f 1497/1805/290 1523/1831/290 1526/1834/290 1525/1833/290
f 1514/1822/291 1551/1859/291 1493/1801/291 1492/1800/291
f 1499/1807/292 1498/1806/292 1489/1797/292 1488/1796/292
f 1549/1857/293 1550/1858/293 1485/1793/293 1484/1792/293
f 1552/1860/294 1553/1861/294 1481/1789/294 1480/1788/294
f 1515/1823/295 1514/1822/295 1492/1800/295 1530/1838/295
f 1553/1861/296 1547/1855/296 1531/1839/296 1481/1789/296
f 1533/1841/297 1512/1820/297 1500/1808/297 1534/1842/297
f 1553/1861/298 1552/1860/298 1513/1821/298 1547/1855/298
f 1481/1789/299 1531/1839/299 1534/1842/299 1482/1790/299
f 1552/1860/300 1551/1859/300 1514/1822/300 1513/1821/300
f 1512/1820/301 1511/1819/301 1495/1803/301 1500/1808/301
f 1530/1838/302 1492/1800/302 1495/1803/302 1511/1819/302
f 1544/1852/303 1549/1857/303 1484/1792/303 1540/1848/303
f 1498/1806/304 1497/1805/304 1525/1833/304 1489/1797/304
f 1544/1852/305 1524/1832/305 1496/1804/305 1549/1857/305
f 1486/1794/306 1491/1799/306 1501/1809/306 1487/1795/306
f 1489/1797/307 1525/1833/307 1502/1810/307 1490/1798/307
f 1491/1799/308 1490/1798/308 1502/1810/308 1501/1809/308
f 1524/1832/309 1523/1831/309 1497/1805/309 1496/1804/309
f 1540/1848/310 1484/1792/310 1487/1795/310 1541/1849/310
f 1523/1831/311 1522/1830/311 1527/1835/311 1526/1834/311
f 1546/1854/312 1543/1851/312 1539/1847/312 1536/1844/312
f 1541/1849/313 1504/1812/313 1505/1813/313 1542/1850/313
f 1546/1854/314 1520/1828/314 1521/1829/314 1543/1851/314
f 1536/1844/315 1539/1847/315 1542/1850/315 1537/1845/315
f 1526/1834/316 1527/1835/316 1506/1814/316 1503/1811/316
f 1520/1828/317 1519/1827/317 1522/1830/317 1521/1829/317
f 1504/1812/318 1503/1811/318 1506/1814/318 1505/1813/318
f 1519/1827/319 1518/1826/319 1529/1837/319 1528/1836/319
f 1548/1856/320 1545/1853/320 1535/1843/320 1532/1840/320
f 1537/1845/321 1508/1816/321 1509/1817/321 1538/1846/321
f 1548/1856/322 1516/1824/322 1517/1825/322 1545/1853/322
f 1532/1840/323 1535/1843/323 1538/1846/323 1533/1841/323
f 1528/1836/324 1529/1837/324 1510/1818/324 1507/1815/324
f 1516/1824/325 1515/1823/325 1518/1826/325 1517/1825/325
f 1508/1816/326 1507/1815/326 1510/1818/326 1509/1817/326
f 1554/1862/4 1555/1863/4 1556/1864/4 1557/1865/4
f 1558/1866/1 1559/1867/1 1555/1863/1 1554/1862/1
f 1560/1868/1 1561/1869/1 1562/1870/1 1563/1871/1
f 1564/1872/5 1565/1873/5 1566/1874/5 1567/1875/5
f 1568/1876/2 1569/1877/2 1567/1875/2 1570/1878/2
f 1571/1879/1 1568/1876/1 1570/1878/1 1572/1880/1
f 1573/1881/5 1574/1882/5 1557/1865/5 1575/1883/5
f 1576/1884/5 1575/1883/5 1557/1865/5 1556/1864/5
f 1571/1879/10 1577/1885/10 1578/1886/10 1579/1887/10
f 1564/1872/5 1567/1875/5 1569/1877/5 1577/1885/5
f 1569/1877/3 1568/1876/3 1580/1888/3 1581/1889/3
f 1582/1890/4 1583/1891/4 1562/1870/4 1584/1892/4
f 1585/1893/3 1586/1894/3 1583/1891/3 1582/1890/3
f 1587/1895/5 1588/1896/5 1584/1892/5 1589/1897/5
f 1590/1898/5 1576/1884/5 1556/1864/5 1591/1899/5
f 1592/1900/10 1570/1878/10 1567/1875/10 1566/1874/10
f 1562/1870/10 1561/1869/10 1589/1897/10 1584/1892/10
f 1555/1863/10 1593/1901/10 1591/1899/10 1556/1864/10
f 1572/1880/1 1570/1878/1 1592/1900/1 1594/1902/1
f 1568/1876/1 1571/1879/1 1579/1887/1 1580/1888/1
f 1574/1882/3 1595/1903/3 1554/1862/3 1557/1865/3
f 1596/1904/10 1597/1905/10 1598/1906/10 1599/1907/10
f 1600/1908/10 1573/1881/10 1575/1883/10 1558/1866/10
f 1577/1885/5 1569/1877/5 1581/1889/5 1578/1886/5
f 1597/1905/5 1585/1893/5 1582/1890/5 1598/1906/5
f 1586/1894/1 1596/1904/1 1599/1907/1 1583/1891/1
f 1595/1903/1 1600/1908/1 1558/1866/1 1554/1862/1
f 1574/1882/5 1582/1890/5 1584/1892/5 1591/1899/5
f 1585/1893/5 1581/1889/5 1566/1874/5 1589/1897/5
f 1587/1895/5 1589/1897/5 1566/1874/5 1565/1873/5
f 1590/1898/5 1591/1899/5 1584/1892/5 1588/1896/5
f 1561/1869/1 1560/1868/1 1594/1902/1 1592/1900/1
f 1593/1901/1 1601/1909/1 1563/1871/1 1562/1870/1
f 1585/1893/5 1597/1905/5 1578/1886/5 1581/1889/5
f 1574/1882/5 1573/1881/5 1598/1906/5 1582/1890/5
f 1597/1905/10 1596/1904/10 1579/1887/10 1578/1886/10
f 1573/1881/10 1600/1908/10 1599/1907/10 1598/1906/10
f 1586/1894/2 1585/1893/2 1589/1897/2 1561/1869/2
f 1595/1903/2 1574/1882/2 1591/1899/2 1593/1901/2
f 1596/1904/1 1586/1894/1 1580/1888/1 1579/1887/1
f 1600/1908/1 1595/1903/1 1583/1891/1 1599/1907/1
f 1601/1909/1 1593/1901/1 1555/1863/1 1559/1867/1
f 1583/1891/1 1595/1903/1 1593/1901/1 1562/1870/1
f 1581/1889/4 1580/1888/4 1592/1900/4 1566/1874/4
f 1580/1888/1 1586/1894/1 1561/1869/1 1592/1900/1
f 1602/1910/4 1603/1911/4 1604/1912/4 1605/1913/4
f 1606/1914/1 1607/1915/1 1608/1916/1 1609/1917/1
f 1607/1915/3 1610/1918/3 1611/1919/3 1612/1920/3 1613/1921/3 1604/1912/3 1603/1911/3 1608/1916/3
f 1614/1922/5 1613/1921/5 1612/1920/5 1615/1923/5
f 1616/1924/2 1611/1919/2 1610/1918/2 1617/1925/2
f 1605/1913/327 1604/1912/327 1613/1921/327 1614/1922/327
f 1618/1926/328 1619/1927/328 1620/1928/328 1621/1929/328
f 1622/1930/329 1623/1931/329 1624/1932/329 1625/1933/329
f 1626/1934/330 1627/1935/330 1628/1936/330 1629/1937/330
f 1620/1928/10 1619/1927/10 1624/1932/10 1623/1931/10 1628/1936/10 1627/1935/10 1630/1938/10 1631/1939/10
f 1603/1911/330 1602/1910/330 1609/1917/330 1608/1916/330
f 1607/1915/329 1606/1914/329 1617/1925/329 1610/1918/329
f 1611/1919/328 1616/1924/328 1615/1923/328 1612/1920/328
f 1632/1940/331 1605/1913/331 1614/1922/331 1633/1941/331
f 1634/1942/332 1616/1924/332 1617/1925/332 1635/1943/332
f 1633/1941/333 1614/1922/333 1615/1923/333 1636/1944/333
f 1637/1945/334 1606/1914/334 1609/1917/334 1638/1946/334
f 1639/1947/335 1602/1910/335 1605/1913/335 1632/1940/335
f 1627/1935/4 1626/1934/4 1640/1948/4 1630/1938/4
f 1623/1931/1 1622/1930/1 1629/1937/1 1628/1936/1
f 1631/1939/5 1641/1949/5 1621/1929/5 1620/1928/5
f 1619/1927/2 1618/1926/2 1625/1933/2 1624/1932/2
f 1630/1938/327 1640/1948/327 1641/1949/327 1631/1939/327
f 1639/1947/336 1626/1934/336 1629/1937/336 1638/1946/336
f 1637/1945/337 1622/1930/337 1625/1933/337 1635/1943/337
f 1634/1942/338 1618/1926/338 1621/1929/338 1636/1944/338
f 1616/1924/339 1634/1942/339 1636/1944/339 1615/1923/339
f 1606/1914/340 1637/1945/340 1635/1943/340 1617/1925/340
f 1602/1910/341 1639/1947/341 1638/1946/341 1609/1917/341
f 1626/1934/342 1639/1947/342 1632/1940/342 1640/1948/342
f 1622/1930/343 1637/1945/343 1638/1946/343 1629/1937/343
f 1641/1949/344 1633/1941/344 1636/1944/344 1621/1929/344
f 1618/1926/345 1634/1942/345 1635/1943/345 1625/1933/345
f 1640/1948/346 1632/1940/346 1633/1941/346 1641/1949/346
f 1642/1950/347 1643/1951/347 1644/1952/347 1645/1953/347
f 1646/1954/348 1647/1955/348 1648/1956/348 1649/1957/348
f 1650/1958/349 1651/1959/349 1652/1960/349 1653/1961/349
f 1654/1962/350 1655/1963/350 1656/1964/350 1657/1965/350
f 1658/1966/351 1659/1967/351 1660/1968/351 1661/1969/351
f 1662/1970/352 1643/1951/352 1656/1964/352 1655/1963/352
f 1663/1971/353 1664/1972/353 1665/1973/353 1666/1974/353
f 1667/1975/354 1668/1976/354 1669/1977/354 1670/1978/354
f 1671/1979/355 1672/1980/355 1673/1981/355 1674/1982/355
f 1675/1983/356 1676/1984/356 1677/1985/356 1678/1986/356
f 1679/1987/357 1680/1988/357 1681/1989/357 1682/1990/357
f 1683/1991/358 1684/1992/358 1685/1993/358 1686/1994/358
f 1687/1995/359 1666/1974/359 1665/1973/359 1688/1996/359
f 1689/1997/360 1670/1978/360 1669/1977/360 1690/1998/360
f 1691/1999/361 1674/1982/361 1673/1981/361 1692/2000/361
f 1693/2001/362 1694/2002/362 1695/2003/362 1696/2004/362
f 1697/2005/363 1698/2006/363 1699/2007/363 1700/2008/363
f 1701/2009/364 1702/2010/364 1703/2011/364 1704/2012/364
f 1705/2013/365 1706/2014/365 1684/1992/365 1683/1991/365
f 1707/2015/366 1708/2016/366 1680/1988/366 1679/1987/366
f 1709/2017/367 1710/2018/367 1676/1984/367 1675/1983/367
f 1698/2006/368 1695/2003/368 1672/1980/368 1671/1979/368
f 1702/2010/369 1699/2007/369 1668/1976/369 1667/1975/369
f 1647/1955/370 1703/2011/370 1664/1972/370 1663/1971/370
f 1694/2002/371 1644/1952/371 1643/1951/371 1662/1970/371
f 1711/2019/372 1712/2020/372 1659/1967/372 1658/1966/372
f 1649/1957/373 1648/1956/373 1651/1959/373 1650/1958/373
f 1657/1965/374 1656/1964/374 1643/1951/374 1642/1950/374
f 1713/2021/375 1657/1965/375 1642/1950/375 1714/2022/375
f 1712/2020/376 1649/1957/376 1650/1958/376 1659/1967/376
f 1705/2013/377 1701/2009/377 1704/2012/377 1706/2014/377
f 1707/2015/378 1697/2005/378 1700/2008/378 1708/2016/378
f 1709/2017/379 1693/2001/379 1696/2004/379 1710/2018/379
f 1682/1990/380 1691/1999/380 1692/2000/380 1677/1985/380
f 1686/1994/381 1689/1997/381 1690/1998/381 1681/1989/381
f 1661/1969/382 1687/1995/382 1688/1996/382 1685/1993/382
f 1678/1986/383 1654/1962/383 1657/1965/383 1713/2021/383
f 1659/1967/384 1650/1958/384 1653/1961/384 1660/1968/384
f 1711/2019/385 1646/1954/385 1649/1957/385 1712/2020/385
f 1714/2022/386 1642/1950/386 1645/1953/386 1715/2023/386
f 1677/1985/387 1692/2000/387 1654/1962/387 1678/1986/387
f 1715/2023/388 1645/1953/388 1693/2001/388 1709/2017/388
f 1695/2003/389 1694/2002/389 1662/1970/389 1672/1980/389
f 1715/2023/390 1709/2017/390 1675/1983/390 1714/2022/390
f 1645/1953/391 1644/1952/391 1694/2002/391 1693/2001/391
f 1714/2022/392 1675/1983/392 1678/1986/392 1713/2021/392
f 1672/1980/393 1662/1970/393 1655/1963/393 1673/1981/393
f 1692/2000/394 1673/1981/394 1655/1963/394 1654/1962/394
f 1706/2014/395 1704/2012/395 1646/1954/395 1711/2019/395
f 1660/1968/396 1653/1961/396 1687/1995/396 1661/1969/396
f 1706/2014/397 1711/2019/397 1658/1966/397 1684/1992/397
f 1648/1956/398 1647/1955/398 1663/1971/398 1651/1959/398
f 1653/1961/399 1652/1960/399 1666/1974/399 1687/1995/399
f 1651/1959/400 1663/1971/400 1666/1974/400 1652/1960/400
f 1684/1992/401 1658/1966/401 1661/1969/401 1685/1993/401
f 1704/2012/402 1703/2011/402 1647/1955/402 1646/1954/402
f 1685/1993/403 1688/1996/403 1689/1997/403 1686/1994/403
f 1708/2016/404 1700/2008/404 1701/2009/404 1705/2013/404
f 1703/2011/405 1702/2010/405 1667/1975/405 1664/1972/405
f 1708/2016/406 1705/2013/406 1683/1991/406 1680/1988/406
f 1700/2008/407 1699/2007/407 1702/2010/407 1701/2009/407
f 1688/1996/408 1665/1973/408 1670/1978/408 1689/1997/408
f 1680/1988/409 1683/1991/409 1686/1994/409 1681/1989/409
f 1664/1972/410 1667/1975/410 1670/1978/410 1665/1973/410
f 1681/1989/411 1690/1998/411 1691/1999/411 1682/1990/411
f 1710/2018/412 1696/2004/412 1697/2005/412 1707/2015/412
f 1699/2007/413 1698/2006/413 1671/1979/413 1668/1976/413
f 1710/2018/414 1707/2015/414 1679/1987/414 1676/1984/414
f 1696/2004/415 1695/2003/415 1698/2006/415 1697/2005/415
f 1690/1998/416 1669/1977/416 1674/1982/416 1691/1999/416
f 1676/1984/417 1679/1987/417 1682/1990/417 1677/1985/417
f 1668/1976/418 1671/1979/418 1674/1982/418 1669/1977/418
f 1716/2024/419 1717/2025/419 1718/2026/419 1719/2027/419
f 1720/2028/420 1721/2029/420 1722/2030/420 1723/2031/420
f 1724/2032/421 1725/2033/421 1726/2034/421 1727/2035/421
f 1728/2036/422 1729/2037/422 1730/2038/422 1731/2039/422
f 1732/2040/423 1733/2041/423 1734/2042/423 1735/2043/423
f 1736/2044/424 1717/2025/424 1730/2038/424 1729/2037/424
f 1737/2045/425 1738/2046/425 1739/2047/425 1740/2048/425
f 1741/2049/426 1742/2050/426 1743/2051/426 1744/2052/426
f 1745/2053/427 1746/2054/427 1747/2055/427 1748/2056/427
f 1749/2057/428 1750/2058/428 1751/2059/428 1752/2060/428
f 1753/2061/429 1754/2062/429 1755/2063/429 1756/2064/429
f 1757/2065/430 1758/2066/430 1759/2067/430 1760/2068/430
f 1761/2069/431 1740/2048/431 1739/2047/431 1762/2070/431
f 1763/2071/432 1744/2052/432 1743/2051/432 1764/2072/432
f 1765/2073/433 1748/2056/433 1747/2055/433 1766/2074/433
f 1767/2075/434 1768/2076/434 1769/2077/434 1770/2078/434
f 1771/2079/435 1772/2080/435 1773/2081/435 1774/2082/435
f 1775/2083/436 1776/2084/436 1777/2085/436 1778/2086/436
f 1779/2087/437 1780/2088/437 1758/2066/437 1757/2065/437
f 1781/2089/438 1782/2090/438 1754/2062/438 1753/2061/438
f 1783/2091/439 1784/2092/439 1750/2058/439 1749/2057/439
f 1772/2080/440 1769/2077/440 1746/2054/440 1745/2053/440
f 1776/2084/441 1773/2081/441 1742/2050/441 1741/2049/441
f 1721/2029/442 1777/2085/442 1738/2046/442 1737/2045/442
f 1768/2076/443 1718/2026/443 1717/2025/443 1736/2044/443
f 1785/2093/444 1786/2094/444 1733/2041/444 1732/2040/444
f 1723/2031/445 1722/2030/445 1725/2033/445 1724/2032/445
f 1731/2039/446 1730/2038/446 1717/2025/446 1716/2024/446
f 1787/2095/447 1731/2039/447 1716/2024/447 1788/2096/447
f 1786/2094/448 1723/2031/448 1724/2032/448 1733/2041/448
f 1779/2087/449 1775/2083/449 1778/2086/449 1780/2088/449
f 1781/2089/450 1771/2079/450 1774/2082/450 1782/2090/450
f 1783/2091/451 1767/2075/451 1770/2078/451 1784/2092/451
f 1756/2064/452 1765/2073/452 1766/2074/452 1751/2059/452
f 1760/2068/453 1763/2071/453 1764/2072/453 1755/2063/453
f 1735/2043/454 1761/2069/454 1762/2070/454 1759/2067/454
f 1752/2060/455 1728/2036/455 1731/2039/455 1787/2095/455
f 1733/2041/456 1724/2032/456 1727/2035/456 1734/2042/456
f 1785/2093/457 1720/2028/457 1723/2031/457 1786/2094/457
f 1788/2096/458 1716/2024/458 1719/2027/458 1789/2097/458
f 1751/2059/459 1766/2074/459 1728/2036/459 1752/2060/459
f 1789/2097/460 1719/2027/460 1767/2075/460 1783/2091/460
f 1769/2077/461 1768/2076/461 1736/2044/461 1746/2054/461
f 1789/2097/462 1783/2091/462 1749/2057/462 1788/2096/462
f 1719/2027/463 1718/2026/463 1768/2076/463 1767/2075/463
f 1788/2096/464 1749/2057/464 1752/2060/464 1787/2095/464
f 1746/2054/465 1736/2044/465 1729/2037/465 1747/2055/465
f 1766/2074/466 1747/2055/466 1729/2037/466 1728/2036/466
f 1780/2088/467 1778/2086/467 1720/2028/467 1785/2093/467
f 1734/2042/468 1727/2035/468 1761/2069/468 1735/2043/468
f 1780/2088/469 1785/2093/469 1732/2040/469 1758/2066/469
f 1722/2030/470 1721/2029/470 1737/2045/470 1725/2033/470
f 1727/2035/471 1726/2034/471 1740/2048/471 1761/2069/471
f 1725/2033/472 1737/2045/472 1740/2048/472 1726/2034/472
f 1758/2066/473 1732/2040/473 1735/2043/473 1759/2067/473
f 1778/2086/474 1777/2085/474 1721/2029/474 1720/2028/474
f 1759/2067/475 1762/2070/475 1763/2071/475 1760/2068/475
f 1782/2090/476 1774/2082/476 1775/2083/476 1779/2087/476
f 1777/2085/477 1776/2084/477 1741/2049/477 1738/2046/477
f 1782/2090/478 1779/2087/478 1757/2065/478 1754/2062/478
f 1774/2082/479 1773/2081/479 1776/2084/479 1775/2083/479
f 1762/2070/480 1739/2047/480 1744/2052/480 1763/2071/480
f 1754/2062/481 1757/2065/481 1760/2068/481 1755/2063/481
f 1738/2046/482 1741/2049/482 1744/2052/482 1739/2047/482
f 1755/2063/483 1764/2072/483 1765/2073/483 1756/2064/483
f 1784/2092/484 1770/2078/484 1771/2079/484 1781/2089/484
f 1773/2081/485 1772/2080/485 1745/2053/485 1742/2050/485
f 1784/2092/486 1781/2089/486 1753/2061/486 1750/2058/486
f 1770/2078/487 1769/2077/487 1772/2080/487 1771/2079/487
f 1764/2072/488 1743/2051/488 1748/2056/488 1765/2073/488
f 1750/2058/489 1753/2061/489 1756/2064/489 1751/2059/489
f 1742/2050/490 1745/2053/490 1748/2056/490 1743/2051/490
f 1790/2098/491 1791/2099/491 1792/2100/491 1793/2101/491
f 1794/2102/492 1795/2103/492 1796/2104/492 1797/2105/492
f 1798/2106/493 1799/2107/493 1800/2108/493 1801/2109/493
f 1802/2110/494 1803/2111/494 1804/2112/494 1805/2113/494
f 1806/2114/495 1807/2115/495 1808/2116/495 1809/2117/495
f 1810/2118/496 1791/2099/496 1804/2112/496 1803/2111/496
f 1811/2119/497 1812/2120/497 1813/2121/497 1814/2122/497
f 1815/2123/498 1816/2124/498 1817/2125/498 1818/2126/498
f 1819/2127/499 1820/2128/499 1821/2129/499 1822/2130/499
f 1823/2131/500 1824/2132/500 1825/2133/500 1826/2134/500
f 1827/2135/501 1828/2136/501 1829/2137/501 1830/2138/501
f 1831/2139/502 1832/2140/502 1833/2141/502 1834/2142/502
f 1835/2143/503 1814/2122/503 1813/2121/503 1836/2144/503
f 1837/2145/504 1818/2126/504 1817/2125/504 1838/2146/504
f 1839/2147/505 1822/2130/505 1821/2129/505 1840/2148/505
f 1841/2149/506 1842/2150/506 1843/2151/506 1844/2152/506
f 1845/2153/507 1846/2154/507 1847/2155/507 1848/2156/507
f 1849/2157/508 1850/2158/508 1851/2159/508 1852/2160/508
f 1853/2161/509 1854/2162/509 1832/2140/509 1831/2139/509
f 1855/2163/510 1856/2164/510 1828/2136/510 1827/2135/510
f 1857/2165/511 1858/2166/511 1824/2132/511 1823/2131/511
f 1846/2154/512 1843/2151/512 1820/2128/512 1819/2127/512
f 1850/2158/513 1847/2155/513 1816/2124/513 1815/2123/513
f 1795/2103/514 1851/2159/514 1812/2120/514 1811/2119/514
f 1842/2150/515 1792/2100/515 1791/2099/515 1810/2118/515
f 1859/2167/516 1860/2168/516 1807/2115/516 1806/2114/516
f 1797/2105/517 1796/2104/517 1799/2107/517 1798/2106/517
f 1805/2113/518 1804/2112/518 1791/2099/518 1790/2098/518
f 1861/2169/519 1805/2113/519 1790/2098/519 1862/2170/519
f 1860/2168/520 1797/2105/520 1798/2106/520 1807/2115/520
f 1853/2161/521 1849/2157/521 1852/2160/521 1854/2162/521
f 1855/2163/522 1845/2153/522 1848/2156/522 1856/2164/522
f 1857/2165/523 1841/2149/523 1844/2152/523 1858/2166/523
f 1830/2138/524 1839/2147/524 1840/2148/524 1825/2133/524
f 1834/2142/525 1837/2145/525 1838/2146/525 1829/2137/525
f 1809/2117/526 1835/2143/526 1836/2144/526 1833/2141/526
f 1826/2134/527 1802/2110/527 1805/2113/527 1861/2169/527
f 1807/2115/528 1798/2106/528 1801/2109/528 1808/2116/528
f 1859/2167/529 1794/2102/529 1797/2105/529 1860/2168/529
f 1862/2170/530 1790/2098/530 1793/2101/530 1863/2171/530
f 1825/2133/531 1840/2148/531 1802/2110/531 1826/2134/531
f 1863/2171/532 1793/2101/532 1841/2149/532 1857/2165/532
f 1843/2151/533 1842/2150/533 1810/2118/533 1820/2128/533
f 1863/2171/534 1857/2165/534 1823/2131/534 1862/2170/534
f 1793/2101/535 1792/2100/535 1842/2150/535 1841/2149/535
f 1862/2170/536 1823/2131/536 1826/2134/536 1861/2169/536
f 1820/2128/537 1810/2118/537 1803/2111/537 1821/2129/537
f 1840/2148/538 1821/2129/538 1803/2111/538 1802/2110/538
f 1854/2162/539 1852/2160/539 1794/2102/539 1859/2167/539
f 1808/2116/540 1801/2109/540 1835/2143/540 1809/2117/540
f 1854/2162/541 1859/2167/541 1806/2114/541 1832/2140/541
f 1796/2104/542 1795/2103/542 1811/2119/542 1799/2107/542
f 1801/2109/543 1800/2108/543 1814/2122/543 1835/2143/543
f 1799/2107/544 1811/2119/544 1814/2122/544 1800/2108/544
f 1832/2140/545 1806/2114/545 1809/2117/545 1833/2141/545
f 1852/2160/546 1851/2159/546 1795/2103/546 1794/2102/546
f 1833/2141/547 1836/2144/547 1837/2145/547 1834/2142/547
f 1856/2164/548 1848/2156/548 1849/2157/548 1853/2161/548
f 1851/2159/549 1850/2158/549 1815/2123/549 1812/2120/549
f 1856/2164/550 1853/2161/550 1831/2139/550 1828/2136/550
f 1848/2156/551 1847/2155/551 1850/2158/551 1849/2157/551
f 1836/2144/552 1813/2121/552 1818/2126/552 1837/2145/552
f 1828/2136/553 1831/2139/553 1834/2142/553 1829/2137/553
f 1812/2120/554 1815/2123/554 1818/2126/554 1813/2121/554
f 1829/2137/555 1838/2146/555 1839/2147/555 1830/2138/555
f 1858/2166/556 1844/2152/556 1845/2153/556 1855/2163/556
f 1847/2155/557 1846/2154/557 1819/2127/557 1816/2124/557
f 1858/2166/558 1855/2163/558 1827/2135/558 1824/2132/558
f 1844/2152/559 1843/2151/559 1846/2154/559 1845/2153/559
f 1838/2146/560 1817/2125/560 1822/2130/560 1839/2147/560
f 1824/2132/561 1827/2135/561 1830/2138/561 1825/2133/561
f 1816/2124/562 1819/2127/562 1822/2130/562 1817/2125/562
f 1864/2172/563 1865/2173/563 1866/2174/563 1867/2175/563
f 1868/2176/564 1869/2177/564 1870/2178/564 1871/2179/564
f 1872/2180/565 1873/2181/565 1874/2182/565 1875/2183/565
f 1876/2184/566 1877/2185/566 1878/2186/566 1879/2187/566
f 1880/2188/567 1881/2189/567 1882/2190/567 1883/2191/567
f 1884/2192/568 1865/2173/568 1878/2186/568 1877/2185/568
f 1885/2193/569 1886/2194/569 1887/2195/569 1888/2196/569
f 1889/2197/570 1890/2198/570 1891/2199/570 1892/2200/570
f 1893/2201/571 1894/2202/571 1895/2203/571 1896/2204/571
f 1897/2205/572 1898/2206/572 1899/2207/572 1900/2208/572
f 1901/2209/573 1902/2210/573 1903/2211/573 1904/2212/573
f 1905/2213/574 1906/2214/574 1907/2215/574 1908/2216/574
f 1909/2217/575 1888/2196/575 1887/2195/575 1910/2218/575
f 1911/2219/576 1892/2200/576 1891/2199/576 1912/2220/576
f 1913/2221/577 1896/2204/577 1895/2203/577 1914/2222/577
f 1915/2223/578 1916/2224/578 1917/2225/578 1918/2226/578
f 1919/2227/579 1920/2228/579 1921/2229/579 1922/2230/579
f 1923/2231/580 1924/2232/580 1925/2233/580 1926/2234/580
f 1927/2235/581 1928/2236/581 1906/2214/581 1905/2213/581
f 1929/2237/582 1930/2238/582 1902/2210/582 1901/2209/582
f 1931/2239/583 1932/2240/583 1898/2206/583 1897/2205/583
f 1920/2228/584 1917/2225/584 1894/2202/584 1893/2201/584
f 1924/2232/585 1921/2229/585 1890/2198/585 1889/2197/585
f 1869/2177/586 1925/2233/586 1886/2194/586 1885/2193/586
f 1916/2224/587 1866/2174/587 1865/2173/587 1884/2192/587
f 1933/2241/588 1934/2242/588 1881/2189/588 1880/2188/588
f 1871/2179/589 1870/2178/589 1873/2181/589 1872/2180/589
f 1879/2187/590 1878/2186/590 1865/2173/590 1864/2172/590
f 1935/2243/591 1879/2187/591 1864/2172/591 1936/2244/591
f 1934/2242/592 1871/2179/592 1872/2180/592 1881/2189/592
f 1927/2235/593 1923/2231/593 1926/2234/593 1928/2236/593
f 1929/2237/594 1919/2227/594 1922/2230/594 1930/2238/594
f 1931/2239/595 1915/2223/595 1918/2226/595 1932/2240/595
f 1904/2212/596 1913/2221/596 1914/2222/596 1899/2207/596
f 1908/2216/597 1911/2219/597 1912/2220/597 1903/2211/597
f 1883/2191/598 1909/2217/598 1910/2218/598 1907/2215/598
f 1900/2208/599 1876/2184/599 1879/2187/599 1935/2243/599
f 1881/2189/600 1872/2180/600 1875/2183/600 1882/2190/600
f 1933/2241/601 1868/2176/601 1871/2179/601 1934/2242/601
f 1936/2244/602 1864/2172/602 1867/2175/602 1937/2245/602
f 1899/2207/603 1914/2222/603 1876/2184/603 1900/2208/603
f 1937/2245/604 1867/2175/604 1915/2223/604 1931/2239/604
f 1917/2225/605 1916/2224/605 1884/2192/605 1894/2202/605
f 1937/2245/606 1931/2239/606 1897/2205/606 1936/2244/606
f 1867/2175/607 1866/2174/607 1916/2224/607 1915/2223/607
f 1936/2244/608 1897/2205/608 1900/2208/608 1935/2243/608
f 1894/2202/609 1884/2192/609 1877/2185/609 1895/2203/609
f 1914/2222/610 1895/2203/610 1877/2185/610 1876/2184/610
f 1928/2236/611 1926/2234/611 1868/2176/611 1933/2241/611
f 1882/2190/612 1875/2183/612 1909/2217/612 1883/2191/612
f 1928/2236/613 1933/2241/613 1880/2188/613 1906/2214/613
f 1870/2178/614 1869/2177/614 1885/2193/614 1873/2181/614
f 1875/2183/615 1874/2182/615 1888/2196/615 1909/2217/615
f 1873/2181/616 1885/2193/616 1888/2196/616 1874/2182/616
f 1906/2214/617 1880/2188/617 1883/2191/617 1907/2215/617
f 1926/2234/618 1925/2233/618 1869/2177/618 1868/2176/618
f 1907/2215/619 1910/2218/619 1911/2219/619 1908/2216/619
f 1930/2238/620 1922/2230/620 1923/2231/620 1927/2235/620
f 1925/2233/621 1924/2232/621 1889/2197/621 1886/2194/621
f 1930/2238/622 1927/2235/622 1905/2213/622 1902/2210/622
f 1922/2230/623 1921/2229/623 1924/2232/623 1923/2231/623
f 1910/2218/624 1887/2195/624 1892/2200/624 1911/2219/624
f 1902/2210/625 1905/2213/625 1908/2216/625 1903/2211/625
f 1886/2194/626 1889/2197/626 1892/2200/626 1887/2195/626
f 1903/2211/627 1912/2220/627 1913/2221/627 1904/2212/627
f 1932/2240/628 1918/2226/628 1919/2227/628 1929/2237/628
f 1921/2229/629 1920/2228/629 1893/2201/629 1890/2198/629
f 1932/2240/630 1929/2237/630 1901/2209/630 1898/2206/630
f 1918/2226/631 1917/2225/631 1920/2228/631 1919/2227/631
f 1912/2220/632 1891/2199/632 1896/2204/632 1913/2221/632
f 1898/2206/633 1901/2209/633 1904/2212/633 1899/2207/633
f 1890/2198/634 1893/2201/634 1896/2204/634 1891/2199/634
f 583/823/10 586/826/10 2501/2246/10 2500/2247/10
s 1
f 1938/2248/635 1939/2249/636 1940/2250/637 1941/2251/638
f 1942/2252/5 1943/2253/639 1944/2254/640
f 1945/2255/641 1946/2256/642 1947/2257/643 1948/2258/644
f 1949/2259/645 1950/2260/646 1951/2261/647 1952/2262/648
f 1953/2263/3 1938/2248/635 1941/2251/638 1954/2264/649
f 1955/2265/650 1945/2255/641 1948/2258/644 1956/2266/651
f 1957/2267/652 1949/2259/645 1952/2262/648 1958/2268/653
f 1959/2269/654 1953/2263/3 1954/2264/649 1960/2270/655
f 1939/2249/636 1955/2265/650 1956/2266/651 1940/2250/637
f 1943/2253/639 1957/2267/652 1958/2268/653 1944/2254/640
f 1946/2256/642 1961/2271/1 1947/2257/643
f 1950/2260/646 1959/2269/654 1960/2270/655 1951/2261/647
f 1956/2266/651 1948/2258/644 1962/2272/656 1963/2273/657
f 1958/2268/653 1952/2262/648 1964/2274/658 1965/2275/659
f 1960/2270/655 1954/2264/649 1966/2276/660 1967/2277/661
f 1940/2250/637 1956/2266/651 1963/2273/657 1968/2278/662
f 1944/2254/640 1958/2268/653 1965/2275/659 1969/2279/663
f 1947/2257/643 1961/2271/1 1970/2280/664
f 1951/2261/647 1960/2270/655 1967/2277/661 1971/2281/665
f 1941/2251/638 1940/2250/637 1968/2278/662 1972/2282/666
f 1942/2252/5 1944/2254/640 1969/2279/663
f 1948/2258/644 1947/2257/643 1970/2280/664 1962/2272/656
f 1952/2262/648 1951/2261/647 1971/2281/665 1964/2274/658
f 1954/2264/649 1941/2251/638 1972/2282/666 1966/2276/660
f 1942/2252/5 1969/2279/663 1973/2283/667
f 1962/2272/656 1970/2280/664 1974/2284/668 1975/2285/669
f 1964/2274/658 1971/2281/665 1976/2286/670 1977/2287/671
f 1966/2276/660 1972/2282/666 1978/2288/672 1979/2289/673
f 1963/2273/657 1962/2272/656 1975/2285/669 1980/2290/674
f 1965/2275/659 1964/2274/658 1977/2287/671 1981/2291/675
f 1967/2277/661 1966/2276/660 1979/2289/673 1982/2292/676
f 1968/2278/662 1963/2273/657 1980/2290/674 1983/2293/677
f 1969/2279/663 1965/2275/659 1981/2291/675 1973/2283/667
f 1970/2280/664 1961/2271/1 1974/2284/668
f 1971/2281/665 1967/2277/661 1982/2292/676 1976/2286/670
f 1972/2282/666 1968/2278/662 1983/2293/677 1978/2288/672
f 1983/2293/677 1980/2290/674 1984/2294/678 1985/2295/679
f 1973/2283/667 1981/2291/675 1986/2296/680 1987/2297/681
f 1974/2284/668 1961/2271/1 1988/2298/682
f 1976/2286/670 1982/2292/676 1989/2299/683 1990/2300/684
f 1978/2288/672 1983/2293/677 1985/2295/679 1991/2301/685
f 1942/2252/5 1973/2283/667 1987/2297/681
f 1975/2285/669 1974/2284/668 1988/2298/682 1992/2302/686
f 1977/2287/671 1976/2286/670 1990/2300/684 1993/2303/687
f 1979/2289/673 1978/2288/672 1991/2301/685 1994/2304/2
f 1980/2290/674 1975/2285/669 1992/2302/686 1984/2294/678
f 1981/2291/675 1977/2287/671 1993/2303/687 1986/2296/680
f 1982/2292/676 1979/2289/673 1994/2304/2 1989/2299/683
f 1984/2294/678 1992/2302/686 1995/2305/688 1996/2306/689
f 1986/2296/680 1993/2303/687 1997/2307/690 1998/2308/691
f 1989/2299/683 1994/2304/2 1999/2309/692 2000/2310/693
f 1985/2295/679 1984/2294/678 1996/2306/689 2001/2311/694
f 1987/2297/681 1986/2296/680 1998/2308/691 2002/2312/695
f 1988/2298/682 1961/2271/1 2003/2313/696
f 1990/2300/684 1989/2299/683 2000/2310/693 2004/2314/697
f 1991/2301/685 1985/2295/679 2001/2311/694 2005/2315/698
f 1942/2252/5 1987/2297/681 2002/2312/695
f 1992/2302/686 1988/2298/682 2003/2313/696 1995/2305/688
f 1993/2303/687 1990/2300/684 2004/2314/697 1997/2307/690
f 1994/2304/2 1991/2301/685 2005/2315/698 1999/2309/692
f 2005/2315/698 2001/2311/694 2006/2316/699 2007/2317/700
f 1942/2252/5 2002/2312/695 2008/2318/701
f 1995/2305/688 2003/2313/696 2009/2319/702 2010/2320/703
f 1997/2307/690 2004/2314/697 2011/2321/704 2012/2322/705
f 1999/2309/692 2005/2315/698 2007/2317/700 2013/2323/706
f 1996/2306/689 1995/2305/688 2010/2320/703 2014/2324/707
f 1998/2308/691 1997/2307/690 2012/2322/705 2015/2325/708
f 2000/2310/693 1999/2309/692 2013/2323/706 2016/2326/709
f 2001/2311/694 1996/2306/689 2014/2324/707 2006/2316/699
f 2002/2312/695 1998/2308/691 2015/2325/708 2008/2318/701
f 2003/2313/696 1961/2271/1 2009/2319/702
f 2004/2314/697 2000/2310/693 2016/2326/709 2011/2321/704
f 2006/2316/699 2014/2324/707 2017/2327/710 2018/2328/711
f 2008/2318/701 2015/2325/708 2019/2329/712 2020/2330/713
f 2009/2319/702 1961/2271/1 2021/2331/714
f 2011/2321/704 2016/2326/709 2022/2332/715 2023/2333/716
f 2007/2317/700 2006/2316/699 2018/2328/711 2024/2334/717
f 1942/2252/5 2008/2318/701 2020/2330/713
f 2010/2320/703 2009/2319/702 2021/2331/714 2025/2335/718
f 2012/2322/705 2011/2321/704 2023/2333/716 2026/2336/719
f 2013/2323/706 2007/2317/700 2024/2334/717 2027/2337/720
f 2014/2324/707 2010/2320/703 2025/2335/718 2017/2327/710
f 2015/2325/708 2012/2322/705 2026/2336/719 2019/2329/712
f 2016/2326/709 2013/2323/706 2027/2337/720 2022/2332/715
f 2027/2337/720 2024/2334/717 2028/2338/721 2029/2339/10
f 2017/2327/710 2025/2335/718 2030/2340/722 2031/2341/723
f 2019/2329/712 2026/2336/719 2032/2342/724 2033/2343/725
f 2022/2332/715 2027/2337/720 2029/2339/10 2034/2344/726
f 2018/2328/711 2017/2327/710 2031/2341/723 2035/2345/727
f 2020/2330/713 2019/2329/712 2033/2343/725 2036/2346/728
f 2021/2331/714 1961/2271/1 2037/2347/729
f 2023/2333/716 2022/2332/715 2034/2344/726 2038/2348/730
f 2024/2334/717 2018/2328/711 2035/2345/727 2028/2338/721
f 1942/2252/5 2020/2330/713 2036/2346/728
f 2025/2335/718 2021/2331/714 2037/2347/729 2030/2340/722
f 2026/2336/719 2023/2333/716 2038/2348/730 2032/2342/724
f 2028/2338/721 2035/2345/727 2039/2349/731 2040/2350/732
f 1942/2252/5 2036/2346/728 2041/2351/733
f 2030/2340/722 2037/2347/729 2042/2352/734 2043/2353/735
f 2032/2342/724 2038/2348/730 2044/2354/736 2045/2355/737
f 2029/2339/10 2028/2338/721 2040/2350/732 2046/2356/738
f 2031/2341/723 2030/2340/722 2043/2353/735 2047/2357/739
f 2033/2343/725 2032/2342/724 2045/2355/737 2048/2358/740
f 2034/2344/726 2029/2339/10 2046/2356/738 2049/2359/741
f 2035/2345/727 2031/2341/723 2047/2357/739 2039/2349/731
f 2036/2346/728 2033/2343/725 2048/2358/740 2041/2351/733
f 2037/2347/729 1961/2271/1 2042/2352/734
f 2038/2348/730 2034/2344/726 2049/2359/741 2044/2354/736
f 2049/2359/741 2046/2356/738 2050/2360/742 2051/2361/743
f 2039/2349/731 2047/2357/739 2052/2362/744 2053/2363/745
f 2041/2351/733 2048/2358/740 2054/2364/746 2055/2365/747
f 2042/2352/734 1961/2271/1 2056/2366/748
f 2044/2354/736 2049/2359/741 2051/2361/743 2057/2367/749
f 2040/2350/732 2039/2349/731 2053/2363/745 2058/2368/750
f 1942/2252/5 2041/2351/733 2055/2365/747
f 2043/2353/735 2042/2352/734 2056/2366/748 2059/2369/751
f 2045/2355/737 2044/2354/736 2057/2367/749 2060/2370/752
f 2046/2356/738 2040/2350/732 2058/2368/750 2050/2360/742
f 2047/2357/739 2043/2353/735 2059/2369/751 2052/2362/744
f 2048/2358/740 2045/2355/737 2060/2370/752 2054/2364/746
f 2050/2360/742 2058/2368/750 2061/2371/753 2062/2372/754
f 2052/2362/744 2059/2369/751 2063/2373/755 2064/2374/756
f 2054/2364/746 2060/2370/752 2065/2375/757 2066/2376/758
f 2051/2361/743 2050/2360/742 2062/2372/754 2067/2377/759
f 2053/2363/745 2052/2362/744 2064/2374/756 2068/2378/760
f 2055/2365/747 2054/2364/746 2066/2376/758 2069/2379/761
f 2056/2366/748 1961/2271/1 2070/2380/762
f 2057/2367/749 2051/2361/743 2067/2377/759 2071/2381/763
f 2058/2368/750 2053/2363/745 2068/2378/760 2061/2371/753
f 1942/2252/5 2055/2365/747 2069/2379/761
f 2059/2369/751 2056/2366/748 2070/2380/762 2063/2373/755
f 2060/2370/752 2057/2367/749 2071/2381/763 2065/2375/757
f 2071/2381/763 2067/2377/759 2072/2382/764 2073/2383/765
f 2061/2371/753 2068/2378/760 2074/2384/766 2075/2385/767
f 1942/2252/5 2069/2379/761 2076/2386/768
f 2063/2373/755 2070/2380/762 2077/2387/769 2078/2388/770
f 2065/2375/757 2071/2381/763 2073/2383/765 2079/2389/771
f 2062/2372/754 2061/2371/753 2075/2385/767 2080/2390/4
f 2064/2374/756 2063/2373/755 2078/2388/770 2081/2391/772
f 2066/2376/758 2065/2375/757 2079/2389/771 2082/2392/773
f 2067/2377/759 2062/2372/754 2080/2390/4 2072/2382/764
f 2068/2378/760 2064/2374/756 2081/2391/772 2074/2384/766
f 2069/2379/761 2066/2376/758 2082/2392/773 2076/2386/768
f 2070/2380/762 1961/2271/1 2077/2387/769
f 2072/2382/764 2080/2390/4 2083/2393/774 2084/2394/775
f 2074/2384/766 2081/2391/772 2085/2395/776 2086/2396/777
f 2076/2386/768 2082/2392/773 2087/2397/778 2088/2398/779
f 2077/2387/769 1961/2271/1 2089/2399/780
f 2073/2383/765 2072/2382/764 2084/2394/775 2090/2400/781
f 2075/2385/767 2074/2384/766 2086/2396/777 2091/2401/782
f 1942/2252/5 2076/2386/768 2088/2398/779
f 2078/2388/770 2077/2387/769 2089/2399/780 2092/2402/783
f 2079/2389/771 2073/2383/765 2090/2400/781 2093/2403/784
f 2080/2390/4 2075/2385/767 2091/2401/782 2083/2393/774
f 2081/2391/772 2078/2388/770 2092/2402/783 2085/2395/776
f 2082/2392/773 2079/2389/771 2093/2403/784 2087/2397/778
f 2093/2403/784 2090/2400/781 2094/2404/785 2095/2405/786
f 2083/2393/774 2091/2401/782 2096/2406/787 2097/2407/788
f 2085/2395/776 2092/2402/783 2098/2408/789 2099/2409/790
f 2087/2397/778 2093/2403/784 2095/2405/786 2100/2410/791
f 2084/2394/775 2083/2393/774 2097/2407/788 2101/2411/792
f 2086/2396/777 2085/2395/776 2099/2409/790 2102/2412/793
f 2088/2398/779 2087/2397/778 2100/2410/791 2103/2413/794
f 2089/2399/780 1961/2271/1 2104/2414/795
f 2090/2400/781 2084/2394/775 2101/2411/792 2094/2404/785
f 2091/2401/782 2086/2396/777 2102/2412/793 2096/2406/787
f 1942/2252/5 2088/2398/779 2103/2413/794
f 2092/2402/783 2089/2399/780 2104/2414/795 2098/2408/789
f 2104/2414/795 1961/2271/1 2105/2415/796
f 2094/2404/785 2101/2411/792 2106/2416/797 2107/2417/798
f 2096/2406/787 2102/2412/793 2108/2418/799 2109/2419/800
f 1942/2252/5 2103/2413/794 2110/2420/801
f 2098/2408/789 2104/2414/795 2105/2415/796 2111/2421/802
f 2095/2405/786 2094/2404/785 2107/2417/798 2112/2422/803
f 2097/2407/788 2096/2406/787 2109/2419/800 2113/2423/804
f 2099/2409/790 2098/2408/789 2111/2421/802 2114/2424/805
f 2100/2410/791 2095/2405/786 2112/2422/803 2115/2425/806
f 2101/2411/792 2097/2407/788 2113/2423/804 2106/2416/797
f 2102/2412/793 2099/2409/790 2114/2424/805 2108/2418/799
f 2103/2413/794 2100/2410/791 2115/2425/806 2110/2420/801
f 2115/2425/806 2112/2422/803 1949/2259/645 1957/2267/652
f 2106/2416/797 2113/2423/804 1953/2263/3 1959/2269/654
f 2108/2418/799 2114/2424/805 1955/2265/650 1939/2249/636
f 2110/2420/801 2115/2425/806 1957/2267/652 1943/2253/639
f 2105/2415/796 1961/2271/1 1946/2256/642
f 2107/2417/798 2106/2416/797 1959/2269/654 1950/2260/646
f 2109/2419/800 2108/2418/799 1939/2249/636 1938/2248/635
f 1942/2252/5 2110/2420/801 1943/2253/639
f 2111/2421/802 2105/2415/796 1946/2256/642 1945/2255/641
f 2112/2422/803 2107/2417/798 1950/2260/646 1949/2259/645
f 2113/2423/804 2109/2419/800 1938/2248/635 1953/2263/3
f 2114/2424/805 2111/2421/802 1945/2255/641 1955/2265/650
f 2116/2426/807 2117/2427/808 2118/2428/809 2119/2429/810
f 2119/2429/810 2118/2428/809 2120/2430/811 2121/2431/812
f 2121/2431/812 2120/2430/811 2122/2432/813 2123/2433/814
f 2123/2433/814 2122/2432/813 2124/2434/815 2125/2435/816
f 2125/2435/816 2124/2434/815 2126/2436/817 2127/2437/818
f 2127/2437/818 2126/2436/817 2128/2438/819 2129/2439/820
f 2129/2439/820 2128/2438/819 2130/2440/821 2131/2441/822
f 2131/2441/822 2130/2440/821 2132/2442/823 2133/2443/824
f 2133/2443/824 2132/2442/823 2134/2444/825 2135/2445/826
f 2135/2445/826 2134/2444/825 2136/2446/827 2137/2447/828
f 2137/2447/828 2136/2446/827 2138/2448/829 2139/2449/830
f 2139/2449/830 2138/2448/829 2140/2450/831 2141/2451/832
f 2141/2451/832 2140/2450/831 2142/2452/833 2143/2453/834
f 2143/2453/834 2142/2452/833 2144/2454/835 2145/2455/836
f 2145/2455/836 2144/2454/835 2146/2456/837 2147/2457/838
f 2147/2457/838 2146/2456/837 2117/2427/808 2116/2426/807
f 2123/2433/814 2125/2435/816 2148/2458/839 2149/2459/840
f 2150/2460/841 2151/2461/842 2152/2462/843 2153/2463/844
f 2133/2443/824 2135/2445/826 2154/2464/845 2155/2465/846
f 2143/2453/834 2145/2455/836 2156/2466/847 2151/2461/842
f 2119/2429/810 2121/2431/812 2157/2467/848 2158/2468/849
f 2129/2439/820 2131/2441/822 2159/2469/850 2160/2470/851
f 2139/2449/830 2141/2451/832 2150/2460/841 2161/2471/852
f 2125/2435/816 2127/2437/818 2162/2472/853 2148/2458/839
f 2135/2445/826 2137/2447/828 2163/2473/854 2154/2464/845
f 2145/2455/836 2147/2457/838 2164/2474/855 2156/2466/847
f 2121/2431/812 2123/2433/814 2149/2459/840 2157/2467/848
f 2131/2441/822 2133/2443/824 2155/2465/846 2159/2469/850
f 2116/2426/807 2119/2429/810 2158/2468/849 2165/2475/856
f 2141/2451/832 2143/2453/834 2151/2461/842 2150/2460/841
f 2127/2437/818 2129/2439/820 2160/2470/851 2162/2472/853
f 2137/2447/828 2139/2449/830 2161/2471/852 2163/2473/854
f 2147/2457/838 2116/2426/807 2165/2475/856 2164/2474/855
f 2166/2476/857 2167/2477/858 2168/2478/859 2169/2479/860
f 2162/2472/853 2160/2470/851 2170/2480/861 2171/2481/862
f 2151/2461/842 2156/2466/847 2172/2482/863 2152/2462/843
f 2160/2470/851 2159/2469/850 2173/2483/864 2170/2480/861
f 2156/2466/847 2164/2474/855 2174/2484/865 2172/2482/863
f 2159/2469/850 2155/2465/846 2175/2485/866 2173/2483/864
f 2165/2475/856 2158/2468/849 2176/2486/867 2177/2487/868
f 2164/2474/855 2165/2475/856 2177/2487/868 2174/2484/865
f 2155/2465/846 2154/2464/845 2178/2488/869 2175/2485/866
f 2158/2468/849 2157/2467/848 2179/2489/870 2176/2486/867
f 2154/2464/845 2163/2473/854 2166/2476/857 2178/2488/869
f 2157/2467/848 2149/2459/840 2180/2490/871 2179/2489/870
f 2163/2473/854 2161/2471/852 2167/2477/858 2166/2476/857
f 2149/2459/840 2148/2458/839 2181/2491/872 2180/2490/871
f 2161/2471/852 2150/2460/841 2153/2463/844 2167/2477/858
f 2148/2458/839 2162/2472/853 2171/2481/862 2181/2491/872
f 2182/2492/873 2183/2493/874 2184/2494/875 2185/2495/876
f 2180/2490/871 2181/2491/872 2186/2496/877 2187/2497/878
f 2167/2477/858 2153/2463/844 2188/2498/879 2168/2478/859
f 2181/2491/872 2171/2481/862 2189/2499/880 2186/2496/877
f 2153/2463/844 2152/2462/843 2190/2500/881 2188/2498/879
f 2171/2481/862 2170/2480/861 2191/2501/882 2189/2499/880
f 2152/2462/843 2172/2482/863 2192/2502/883 2190/2500/881
f 2170/2480/861 2173/2483/864 2193/2503/884 2191/2501/882
f 2172/2482/863 2174/2484/865 2194/2504/885 2192/2502/883
f 2173/2483/864 2175/2485/866 2195/2505/886 2193/2503/884
f 2177/2487/868 2176/2486/867 2183/2493/874 2182/2492/873
f 2174/2484/865 2177/2487/868 2182/2492/873 2194/2504/885
f 2175/2485/866 2178/2488/869 2196/2506/887 2195/2505/886
f 2176/2486/867 2179/2489/870 2197/2507/888 2183/2493/874
f 2178/2488/869 2166/2476/857 2169/2479/860 2196/2506/887
f 2179/2489/870 2180/2490/871 2187/2497/878 2197/2507/888
f 2198/2508/889 2199/2509/890 2200/2510/891 2201/2511/892
f 2194/2504/885 2182/2492/873 2185/2495/876 2202/2512/893
f 2195/2505/886 2196/2506/887 2203/2513/894 2204/2514/895
f 2183/2493/874 2197/2507/888 2205/2515/896 2184/2494/875
f 2196/2506/887 2169/2479/860 2206/2516/897 2203/2513/894
f 2197/2507/888 2187/2497/878 2207/2517/898 2205/2515/896
f 2169/2479/860 2168/2478/859 2208/2518/899 2206/2516/897
f 2187/2497/878 2186/2496/877 2209/2519/900 2207/2517/898
f 2168/2478/859 2188/2498/879 2210/2520/901 2208/2518/899
f 2186/2496/877 2189/2499/880 2198/2508/889 2209/2519/900
f 2188/2498/879 2190/2500/881 2211/2521/902 2210/2520/901
f 2189/2499/880 2191/2501/882 2199/2509/890 2198/2508/889
f 2190/2500/881 2192/2502/883 2212/2522/903 2211/2521/902
f 2191/2501/882 2193/2503/884 2213/2523/904 2199/2509/890
f 2192/2502/883 2194/2504/885 2202/2512/893 2212/2522/903
f 2193/2503/884 2195/2505/886 2204/2514/895 2213/2523/904
f 2214/2524/905 2215/2525/906 2216/2526/907 2217/2527/908
f 2211/2521/902 2212/2522/903 2218/2528/909 2219/2529/910
f 2199/2509/890 2213/2523/904 2220/2530/911 2200/2510/891
f 2212/2522/903 2202/2512/893 2221/2531/912 2218/2528/909
f 2213/2523/904 2204/2514/895 2222/2532/913 2220/2530/911
f 2185/2495/876 2184/2494/875 2223/2533/914 2224/2534/915
f 2202/2512/893 2185/2495/876 2224/2534/915 2221/2531/912
f 2204/2514/895 2203/2513/894 2225/2535/916 2222/2532/913
f 2184/2494/875 2205/2515/896 2226/2536/917 2223/2533/914
f 2203/2513/894 2206/2516/897 2214/2524/905 2225/2535/916
f 2205/2515/896 2207/2517/898 2227/2537/918 2226/2536/917
f 2206/2516/897 2208/2518/899 2215/2525/906 2214/2524/905
f 2207/2517/898 2209/2519/900 2228/2538/919 2227/2537/918
f 2208/2518/899 2210/2520/901 2229/2539/920 2215/2525/906
f 2209/2519/900 2198/2508/889 2201/2511/892 2228/2538/919
f 2210/2520/901 2211/2521/902 2219/2529/910 2229/2539/920
f 2230/2540/921 2231/2541/815 2232/2542/815 2233/2543/921
f 2227/2537/918 2228/2538/919 2234/2544/815 2235/2545/921
f 2215/2525/906 2229/2539/920 2236/2546/831 2216/2526/907
f 2228/2538/919 2201/2511/892 2237/2547/922 2234/2544/815
f 2229/2539/920 2219/2529/910 2238/2548/923 2236/2546/831
f 2201/2511/892 2200/2510/891 2239/2549/924 2237/2547/922
f 2219/2529/910 2218/2528/909 2240/2550/925 2238/2548/923
f 2200/2510/891 2220/2530/911 2241/2551/926 2239/2549/924
f 2218/2528/909 2221/2531/912 2242/2552/927 2240/2550/925
f 2220/2530/911 2222/2532/913 2243/2553/3 2241/2551/926
f 2224/2534/915 2223/2533/914 2244/2554/928 2245/2555/10
f 2221/2531/912 2224/2534/915 2245/2555/10 2242/2552/927
f 2222/2532/913 2225/2535/916 2246/2556/929 2243/2553/3
f 2223/2533/914 2226/2536/917 2247/2557/930 2244/2554/928
f 2225/2535/916 2214/2524/905 2217/2527/908 2246/2556/929
f 2226/2536/917 2227/2537/918 2235/2545/921 2247/2557/930
f 2248/2558/823 2249/2559/823 2250/2560/823 2251/2561/823
f 2252/2562/823 2248/2558/823 2251/2561/823 2253/2563/823
f 2254/2564/823 2252/2562/823 2253/2563/823 2255/2565/823
f 2256/2566/823 2254/2564/823 2255/2565/823 2257/2567/823
f 2258/2568/931 2256/2566/823 2257/2567/823 2259/2569/931
f 2260/2570/931 2258/2568/931 2259/2569/931 2261/2571/931
f 2262/2572/823 2260/2570/931 2261/2571/931 2263/2573/823
f 2264/2574/823 2262/2572/823 2263/2573/823 2265/2575/823
f 2266/2576/823 2264/2574/823 2265/2575/823 2267/2577/823
f 2268/2578/931 2266/2576/823 2267/2577/823 2269/2579/931
f 2270/2580/823 2268/2578/931 2269/2579/931 2271/2581/823
f 2272/2582/823 2270/2580/823 2271/2581/823 2273/2583/823
f 2274/2584/931 2272/2582/823 2273/2583/823 2275/2585/931
f 2276/2586/931 2274/2584/931 2275/2585/931 2277/2587/931
f 2278/2588/823 2276/2586/931 2277/2587/931 2279/2589/823
f 2249/2559/823 2278/2588/823 2279/2589/823 2250/2560/823
f 2280/2590/831 2281/2591/923 2282/2592/923 2283/2593/831
f 2231/2541/815 2284/2594/922 2285/2595/922 2232/2542/815
f 2281/2591/923 2286/2596/925 2287/2597/925 2282/2592/923
f 2284/2594/922 2288/2598/924 2289/2599/924 2285/2595/922
f 2286/2596/925 2290/2600/927 2291/2601/927 2287/2597/925
f 2288/2598/924 2292/2602/926 2293/2603/926 2289/2599/924
f 2290/2600/927 2294/2604/10 2295/2605/10 2291/2601/927
f 2296/2606/3 2297/2607/929 2298/2608/929 2299/2609/3
f 2292/2602/926 2296/2606/3 2299/2609/3 2293/2603/926
f 2294/2604/10 2300/2610/928 2301/2611/928 2295/2605/10
f 2297/2607/929 2302/2612/908 2303/2613/908 2298/2608/929
f 2300/2610/928 2304/2614/930 2305/2615/930 2301/2611/928
f 2302/2612/908 2306/2616/907 2307/2617/907 2303/2613/908
f 2304/2614/930 2230/2540/921 2233/2543/921 2305/2615/930
f 2306/2616/907 2280/2590/831 2283/2593/831 2307/2617/907
f 2308/2618/932 2309/2619/933 2310/2620/934 2311/2621/935
f 2311/2621/935 2310/2620/934 2312/2622/936 2313/2623/937
f 2313/2623/937 2312/2622/936 2314/2624/938 2315/2625/939
f 2315/2625/939 2314/2624/938 2316/2626/940 2317/2627/941
f 2317/2627/941 2316/2626/940 2318/2628/942 2319/2629/943
f 2319/2629/943 2318/2628/942 2320/2630/944 2321/2631/945
f 2321/2631/945 2320/2630/944 2322/2632/946 2323/2633/947
f 2323/2633/947 2322/2632/946 2324/2634/948 2325/2635/949
f 2325/2635/949 2324/2634/948 2326/2636/950 2327/2637/951
f 2327/2637/951 2326/2636/950 2328/2638/952 2329/2639/953
f 2329/2639/953 2328/2638/952 2330/2640/954 2331/2641/955
f 2331/2641/955 2330/2640/954 2332/2642/956 2333/2643/957
f 2333/2643/957 2332/2642/956 2334/2644/958 2335/2645/959
f 2335/2645/959 2334/2644/958 2336/2646/960 2337/2647/961
f 2337/2647/961 2336/2646/960 2338/2648/962 2339/2649/963
f 2339/2649/963 2338/2648/962 2309/2619/933 2308/2618/932
f 2315/2625/939 2317/2627/941 2340/2650/964 2341/2651/965
f 2342/2652/966 2343/2653/967 2344/2654/968 2345/2655/969
f 2325/2635/949 2327/2637/951 2346/2656/970 2347/2657/971
f 2335/2645/959 2337/2647/961 2348/2658/972 2343/2653/967
f 2311/2621/935 2313/2623/937 2349/2659/973 2350/2660/974
f 2321/2631/945 2323/2633/947 2351/2661/975 2352/2662/976
f 2331/2641/955 2333/2643/957 2342/2652/966 2353/2663/977
f 2317/2627/941 2319/2629/943 2354/2664/978 2340/2650/964
f 2327/2637/951 2329/2639/953 2355/2665/979 2346/2656/970
f 2337/2647/961 2339/2649/963 2356/2666/980 2348/2658/972
f 2313/2623/937 2315/2625/939 2341/2651/965 2349/2659/973
f 2323/2633/947 2325/2635/949 2347/2657/971 2351/2661/975
f 2308/2618/932 2311/2621/935 2350/2660/974 2357/2667/981
f 2333/2643/957 2335/2645/959 2343/2653/967 2342/2652/966
f 2319/2629/943 2321/2631/945 2352/2662/976 2354/2664/978
f 2329/2639/953 2331/2641/955 2353/2663/977 2355/2665/979
f 2339/2649/963 2308/2618/932 2357/2667/981 2356/2666/980
f 2358/2668/982 2359/2669/983 2360/2670/984 2361/2671/985
f 2354/2664/978 2352/2662/976 2362/2672/986 2363/2673/987
f 2343/2653/967 2348/2658/972 2364/2674/988 2344/2654/968
f 2352/2662/976 2351/2661/975 2365/2675/989 2362/2672/986
f 2348/2658/972 2356/2666/980 2366/2676/990 2364/2674/988
f 2351/2661/975 2347/2657/971 2367/2677/991 2365/2675/989
f 2357/2667/981 2350/2660/974 2368/2678/992 2369/2679/993
f 2356/2666/980 2357/2667/981 2369/2679/993 2366/2676/990
f 2347/2657/971 2346/2656/970 2370/2680/994 2367/2677/991
f 2350/2660/974 2349/2659/973 2371/2681/995 2368/2678/992
f 2346/2656/970 2355/2665/979 2358/2668/982 2370/2680/994
f 2349/2659/973 2341/2651/965 2372/2682/996 2371/2681/995
f 2355/2665/979 2353/2663/977 2359/2669/983 2358/2668/982
f 2341/2651/965 2340/2650/964 2373/2683/997 2372/2682/996
f 2353/2663/977 2342/2652/966 2345/2655/969 2359/2669/983
f 2340/2650/964 2354/2664/978 2363/2673/987 2373/2683/997
f 2374/2684/998 2375/2685/999 2376/2686/1000 2377/2687/1001
f 2372/2682/996 2373/2683/997 2378/2688/1002 2379/2689/1003
f 2359/2669/983 2345/2655/969 2380/2690/1004 2360/2670/984
f 2373/2683/997 2363/2673/987 2381/2691/1005 2378/2688/1002
f 2345/2655/969 2344/2654/968 2382/2692/1006 2380/2690/1004
f 2363/2673/987 2362/2672/986 2383/2693/1007 2381/2691/1005
f 2344/2654/968 2364/2674/988 2384/2694/1008 2382/2692/1006
f 2362/2672/986 2365/2675/989 2385/2695/1009 2383/2693/1007
f 2364/2674/988 2366/2676/990 2386/2696/1010 2384/2694/1008
f 2365/2675/989 2367/2677/991 2387/2697/1011 2385/2695/1009
f 2369/2679/993 2368/2678/992 2375/2685/999 2374/2684/998
f 2366/2676/990 2369/2679/993 2374/2684/998 2386/2696/1010
f 2367/2677/991 2370/2680/994 2388/2698/1012 2387/2697/1011
f 2368/2678/992 2371/2681/995 2389/2699/1013 2375/2685/999
f 2370/2680/994 2358/2668/982 2361/2671/985 2388/2698/1012
f 2371/2681/995 2372/2682/996 2379/2689/1003 2389/2699/1013
f 2390/2700/1014 2391/2701/1015 2392/2702/1016 2393/2703/1017
f 2386/2696/1010 2374/2684/998 2377/2687/1001 2394/2704/1018
f 2387/2697/1011 2388/2698/1012 2395/2705/1019 2396/2706/1020
f 2375/2685/999 2389/2699/1013 2397/2707/1021 2376/2686/1000
f 2388/2698/1012 2361/2671/985 2398/2708/1022 2395/2705/1019
f 2389/2699/1013 2379/2689/1003 2399/2709/1023 2397/2707/1021
f 2361/2671/985 2360/2670/984 2400/2710/1024 2398/2708/1022
f 2379/2689/1003 2378/2688/1002 2401/2711/1025 2399/2709/1023
f 2360/2670/984 2380/2690/1004 2402/2712/1026 2400/2710/1024
f 2378/2688/1002 2381/2691/1005 2390/2700/1014 2401/2711/1025
f 2380/2690/1004 2382/2692/1006 2403/2713/1027 2402/2712/1026
f 2381/2691/1005 2383/2693/1007 2391/2701/1015 2390/2700/1014
f 2382/2692/1006 2384/2694/1008 2404/2714/1028 2403/2713/1027
f 2383/2693/1007 2385/2695/1009 2405/2715/1029 2391/2701/1015
f 2384/2694/1008 2386/2696/1010 2394/2704/1018 2404/2714/1028
f 2385/2695/1009 2387/2697/1011 2396/2706/1020 2405/2715/1029
f 2406/2716/1030 2407/2717/1031 2408/2718/1032 2409/2719/1033
f 2403/2713/1027 2404/2714/1028 2410/2720/1034 2411/2721/1035
f 2391/2701/1015 2405/2715/1029 2412/2722/1036 2392/2702/1016
f 2404/2714/1028 2394/2704/1018 2413/2723/1037 2410/2720/1034
f 2405/2715/1029 2396/2706/1020 2414/2724/1038 2412/2722/1036
f 2377/2687/1001 2376/2686/1000 2415/2725/1039 2416/2726/1040
f 2394/2704/1018 2377/2687/1001 2416/2726/1040 2413/2723/1037
f 2396/2706/1020 2395/2705/1019 2417/2727/1041 2414/2724/1038
f 2376/2686/1000 2397/2707/1021 2418/2728/1042 2415/2725/1039
f 2395/2705/1019 2398/2708/1022 2406/2716/1030 2417/2727/1041
f 2397/2707/1021 2399/2709/1023 2419/2729/1043 2418/2728/1042
f 2398/2708/1022 2400/2710/1024 2407/2717/1031 2406/2716/1030
f 2399/2709/1023 2401/2711/1025 2420/2730/1044 2419/2729/1043
f 2400/2710/1024 2402/2712/1026 2421/2731/1045 2407/2717/1031
f 2401/2711/1025 2390/2700/1014 2393/2703/1017 2420/2730/1044
f 2402/2712/1026 2403/2713/1027 2411/2721/1035 2421/2731/1045
f 2422/2732/1046 2423/2733/940 2424/2734/940 2425/2735/1046
f 2419/2729/1043 2420/2730/1044 2426/2736/1047 2427/2737/1046
f 2407/2717/1031 2421/2731/1045 2428/2738/1048 2408/2718/1032
f 2420/2730/1044 2393/2703/1017 2429/2739/1049 2426/2736/1047
f 2421/2731/1045 2411/2721/1035 2430/2740/1050 2428/2738/1048
f 2393/2703/1017 2392/2702/1016 2431/2741/1051 2429/2739/1049
f 2411/2721/1035 2410/2720/1034 2432/2742/1052 2430/2740/1050
f 2392/2702/1016 2412/2722/1036 2433/2743/1053 2431/2741/1051
f 2410/2720/1034 2413/2723/1037 2434/2744/1054 2432/2742/1052
f 2412/2722/1036 2414/2724/1038 2435/2745/3 2433/2743/1053
f 2416/2726/1040 2415/2725/1039 2436/2746/1055 2437/2747/10
f 2413/2723/1037 2416/2726/1040 2437/2747/10 2434/2744/1054
f 2414/2724/1038 2417/2727/1041 2438/2748/1056 2435/2745/3
f 2415/2725/1039 2418/2728/1042 2439/2749/1057 2436/2746/1055
f 2417/2727/1041 2406/2716/1030 2409/2719/1033 2438/2748/1056
f 2418/2728/1042 2419/2729/1043 2427/2737/1046 2439/2749/1057
f 2440/2750/948 2441/2751/1058 2442/2752/1058 2443/2753/948
f 2444/2754/948 2440/2750/948 2443/2753/948 2445/2755/948
f 2446/2756/948 2444/2754/948 2445/2755/948 2447/2757/948
f 2448/2758/948 2446/2756/948 2447/2757/948 2449/2759/948
f 2450/2760/948 2448/2758/948 2449/2759/948 2451/2761/948
f 2452/2762/1058 2450/2760/948 2451/2761/948 2453/2763/1058
f 2454/2764/1058 2452/2762/1058 2453/2763/1058 2455/2765/1058
f 2456/2766/1058 2454/2764/1058 2455/2765/1058 2457/2767/1058
f 2458/2768/948 2456/2766/1058 2457/2767/1058 2459/2769/948
f 2460/2770/1058 2458/2768/948 2459/2769/948 2461/2771/1058
f 2462/2772/1058 2460/2770/1058 2461/2771/1058 2463/2773/1058
f 2464/2774/948 2462/2772/1058 2463/2773/1058 2465/2775/948
f 2466/2776/948 2464/2774/948 2465/2775/948 2467/2777/948
f 2468/2778/948 2466/2776/948 2467/2777/948 2469/2779/948
f 2470/2780/1058 2468/2778/948 2469/2779/948 2471/2781/1058
f 2441/2751/1058 2470/2780/1058 2471/2781/1058 2442/2752/1058
f 2472/2782/1048 2473/2783/1050 2474/2784/1050 2475/2785/1048
f 2423/2733/940 2476/2786/1049 2477/2787/1049 2424/2734/940
f 2473/2783/1050 2478/2788/1052 2479/2789/1052 2474/2784/1050
f 2476/2786/1049 2480/2790/1059 2481/2791/1059 2477/2787/1049
f 2478/2788/1052 2482/2792/1054 2483/2793/1054 2479/2789/1052
f 2480/2790/1059 2484/2794/1053 2485/2795/1053 2481/2791/1059
f 2482/2792/1054 2486/2796/10 2487/2797/10 2483/2793/1054
f 2488/2798/3 2489/2799/1056 2490/2800/1056 2491/2801/3
f 2484/2794/1053 2488/2798/3 2491/2801/3 2485/2795/1053
f 2486/2796/10 2492/2802/1055 2493/2803/1055 2487/2797/10
f 2489/2799/1056 2494/2804/1033 2495/2805/1033 2490/2800/1056
f 2492/2802/1055 2496/2806/1057 2497/2807/1057 2493/2803/1055
f 2494/2804/1033 2498/2808/1032 2499/2809/1032 2495/2805/1033
f 2496/2806/1057 2422/2732/1046 2425/2735/1046 2497/2807/1057
f 2498/2808/1032 2472/2782/1048 2475/2785/1048 2499/2809/1032
o Collider_Building19_Cube.001
v 1.299067 0.000000 -2.360143
v 1.299067 0.055227 -2.360143
v 1.299067 0.055226 2.340805
v 1.299067 0.000000 2.340805
v -1.495792 0.000000 -2.495093
v -1.495792 0.055227 -2.495093
v 1.164117 0.055227 -2.495093
v 1.164117 0.000000 -2.495093
v -1.630741 0.055227 -2.360143
v -1.630741 0.055226 2.340805
v -1.495791 0.055226 2.475755
v 1.164118 0.055226 2.475755
v 1.164118 0.000000 2.475755
v -1.495791 0.000000 2.475755
v -1.630741 0.000000 2.340805
v -1.630741 0.000000 -2.360143
v -1.407452 2.226406 -2.327775
v 0.832977 2.226406 -2.327775
v -1.407452 2.226406 0.000000
v 0.832977 2.226406 0.000000
v -1.601219 2.215617 0.000000
v -1.601219 2.215617 -2.466047
v 1.028342 2.215617 -2.466047
v -1.010012 2.701879 0.000000
v -1.010012 2.701879 -2.043627
v 0.440789 2.701879 -2.043627
v 0.440789 2.701879 0.000000
v -0.408344 3.203157 -0.000000
v -0.408344 3.180686 -1.763126
v -0.160879 3.180686 -1.763126
v -0.160879 3.203157 -0.000000
v 0.440789 2.701879 -0.435011
v 1.028342 2.215617 -0.761307
v 0.832977 2.226406 -0.775399
v -1.407452 2.226406 2.327775
v 0.832977 2.226406 2.327775
v -1.601219 2.215616 2.466047
v 1.028342 2.215616 2.466047
v -1.010012 2.701879 2.043627
v 0.440789 2.701879 2.043627
v -0.408344 3.180686 1.763126
v -0.160879 3.180686 1.763126
v 0.440789 2.701879 0.435011
v 1.028342 2.215616 0.761307
v 0.832977 2.226406 0.775399
v -0.285890 2.211399 0.762290
v -0.285890 2.250848 0.802481
v -0.285890 2.211399 -0.762290
v -0.285890 2.250849 -0.802481
v 1.074013 2.211399 0.762290
v 1.074013 2.211399 -0.762290
v -0.285890 2.197607 0.000000
v -0.285890 3.206308 0.000000
v 1.119986 3.113823 0.000000
v 1.074013 2.250849 -0.802481
v 1.119986 3.206308 0.000000
v 1.074013 2.250848 0.802481
v 0.839354 3.113823 0.000000
v 0.839354 2.257088 0.000000
v 0.839354 2.254741 -0.721534
v 0.839354 2.254742 0.721534
v 0.822084 1.570057 0.684259
v 0.822084 1.714129 0.684259
v 0.822084 1.570057 -0.684259
v 0.822084 1.714129 -0.684259
v 1.112844 1.570057 0.522668
v 1.112844 1.714129 0.522668
v 1.112844 1.570057 -0.522668
v 1.112844 1.714129 -0.522668
v 0.827366 1.707071 0.495086
v 0.827366 2.052912 0.449335
v 0.827366 1.707071 -0.496106
v 0.827366 2.052912 -0.455388
v 1.099850 1.707071 0.495086
v 1.057532 2.052912 0.449335
v 1.099850 1.707071 -0.496106
v 1.057532 2.052912 -0.455388
v 0.827366 2.052912 0.495086
v 0.827366 2.052912 -0.496106
v 1.099850 2.052912 -0.496106
v 1.099850 2.052912 0.495086
v 0.827366 1.711386 0.449335
v 0.827366 1.711386 -0.455388
v 1.057532 1.711386 -0.455388
v 1.057532 1.711386 0.449335
v -0.761304 2.402848 -1.916692
v -0.761304 2.444613 -1.916692
v -0.761304 2.402848 -2.297031
v -0.761304 2.444613 -2.297031
v 0.202044 2.402848 -1.916692
v 0.202044 2.444613 -1.916692
v 0.202044 2.402848 -2.297031
v 0.202044 2.444613 -2.297031
v -0.279361 2.402848 -2.297031
v -0.279361 2.910965 -2.297031
v -0.279361 2.402848 -1.916692
v -0.279361 2.910965 -1.916692
v -0.761304 2.392228 2.272642
v -0.761304 2.433993 2.272642
v -0.761304 2.392228 1.892303
v -0.761304 2.433994 1.892303
v 0.202044 2.392228 2.272642
v 0.202044 2.433993 2.272642
v 0.202044 2.392228 1.892303
v 0.202044 2.433994 1.892303
v -0.279361 2.392228 1.892303
v -0.279361 2.900346 1.892303
v -0.279361 2.392228 2.272642
v -0.279361 2.900345 2.272642
v -1.078432 3.263520 0.259409
v -1.078432 3.440700 0.259409
v -1.078432 3.263520 -0.278933
v -1.078432 3.440700 -0.278933
v -0.660423 3.263520 0.259409
v -0.660423 3.440700 0.259409
v -0.660423 3.263520 -0.278933
v -0.660423 3.440700 -0.278933
v -1.049347 2.640275 -0.245754
v -1.049347 2.640275 0.226230
v -0.689508 2.640275 -0.245754
v -0.689508 2.640275 0.226230
v -1.407452 0.000000 -2.327775
v -1.407452 2.226406 -2.327775
v 0.832977 0.000000 -2.327775
v 0.832977 2.226406 -2.327775
v -1.407452 0.000000 0.000000
v -1.407452 2.226406 0.000000
v 0.518665 0.000000 0.000000
v 0.518665 2.226406 0.000000
v 0.832977 -0.000000 -0.671100
v 0.832977 2.226406 -0.671100
v 0.518665 -0.000000 -0.549289
v 0.518665 2.226406 -0.549289
v -1.407452 1.573797 -2.327775
v 0.832977 1.573797 -2.327775
v 0.518665 1.573797 0.000000
v -1.407452 1.573797 0.000000
v 0.832977 1.573797 -0.671100
v 0.518665 1.573797 -0.549289
v 0.832977 2.226406 0.000000
v 0.518665 2.226406 0.000000
v 0.832977 1.573797 0.000000
v 0.518665 1.573797 0.000000
v -1.407452 -0.000000 2.351373
v -1.407452 2.226406 2.351373
v 0.832977 -0.000000 2.351373
v 0.832977 2.226406 2.351373
v 0.832977 0.000000 0.671100
v 0.832977 2.226406 0.671100
v 0.518665 0.000000 0.549289
v 0.518665 2.226406 0.549289
v -1.407452 1.573797 2.351373
v 0.832977 1.573797 2.351373
v 0.832977 1.573797 0.671100
v 0.518665 1.573797 0.549289
v 0.502739 0.048110 0.452651
v 0.502739 0.359836 0.452651
v 0.502739 0.048110 -0.452651
v 0.502739 0.359836 -0.452651
v 0.893473 0.048110 0.452651
v 0.893473 0.083063 0.452651
v 0.893473 0.048110 -0.452651
v 0.893473 0.083063 -0.452651
v 0.537082 0.045687 -0.448683
v 0.537082 0.287281 -0.448683
v 0.537082 0.045687 -0.665117
v 0.537082 0.287281 -0.665117
v 0.851743 0.045687 -0.448683
v 0.851743 0.287281 -0.448683
v 0.851743 0.045687 -0.665117
v 0.851743 0.287281 -0.665117
v 0.549857 0.454466 -0.437108
v 0.549857 0.454466 -0.659732
v 0.848212 0.454466 -0.659732
v 0.848212 0.454466 -0.437108
v 0.634945 0.741721 -0.500598
v 0.634945 0.741721 -0.596241
v 0.763124 0.741721 -0.596241
v 0.763124 0.741721 -0.500598
v 0.537082 0.045687 0.666297
v 0.537082 0.287281 0.666297
v 0.537082 0.045687 0.449863
v 0.537082 0.287281 0.449863
v 0.851743 0.045687 0.666297
v 0.851743 0.287281 0.666297
v 0.851743 0.045687 0.449863
v 0.851743 0.287281 0.449863
v 0.549857 0.454466 0.677872
v 0.549857 0.454466 0.441424
v 0.848212 0.454466 0.441424
v 0.848212 0.454466 0.677872
v 0.634945 0.741721 0.614382
v 0.634945 0.741721 0.504914
v 0.763124 0.741721 0.504914
v 0.763124 0.741721 0.614382
v 0.814742 0.047510 1.983283
v 0.814742 0.666992 1.983283
v 0.814742 0.047510 0.901023
v 0.814742 0.666992 0.901023
v 1.042801 0.047510 1.983283
v 1.042801 0.666992 1.983283
v 1.042801 0.047510 0.901023
v 1.042801 0.666992 0.901023
vt 0.842500 0.780356
vt 0.842500 0.780356
vt 0.842500 0.780356
vt 0.842500 0.780356
vt 0.842500 0.780356
vt 0.842500 0.780356
vt 0.842500 0.780356
vt 0.842500 0.780356
vt 0.842500 0.780356
vt 0.842500 0.780356
vt 0.842500 0.780356
vt 0.842500 0.780356
vt 0.842500 0.780356
vt 0.842500 0.780356
vt 0.842500 0.780356
vt 0.842500 0.780356
vt 0.625000 0.592450
vt 0.625000 0.583362
vt 0.625000 0.577824
vt 0.625000 0.250000
vt 0.625000 0.125000
vt 0.625000 0.125000
vt 0.625000 0.250000
vt 0.625000 0.625000
vt 0.625000 0.625000
vt 0.625000 0.500000
vt 0.625000 0.500000
vt 0.625000 0.625000
vt 0.625000 0.125000
vt 0.625000 0.250000
vt 0.625000 0.500000
vt 0.625000 0.500000
vt 0.875000 0.500000
vt 0.875000 0.625000
vt 0.625000 0.615643
vt 0.625000 0.125000
vt 0.625000 0.250000
vt 0.625000 0.592450
vt 0.625000 0.577824
vt 0.625000 0.583362
vt 0.625000 0.250000
vt 0.625000 0.250000
vt 0.625000 0.500000
vt 0.625000 0.500000
vt 0.625000 0.250000
vt 0.625000 0.500000
vt 0.625000 0.500000
vt 0.875000 0.500000
vt 0.625000 0.250000
vt 0.375000 0.125000
vt 0.625000 0.125000
vt 0.625000 0.250000
vt 0.375000 0.250000
vt 0.625000 0.500000
vt 0.375000 0.500000
vt 0.375000 0.750000
vt 0.625000 0.750000
vt 0.625000 1.000000
vt 0.375000 1.000000
vt 0.625000 0.625000
vt 0.875000 0.625000
vt 0.875000 0.750000
vt 0.875000 0.500000
vt 0.480123 0.509270
vt 0.389946 0.625000
vt 0.375000 0.000000
vt 0.625000 0.000000
vt 0.537439 0.741964
vt 0.480123 0.740730
vt 0.601761 0.625000
vt 0.480123 0.509270
vt 0.601761 0.625000
vt 0.480123 0.740730
vt 0.375000 0.000000
vt 0.625000 0.000000
vt 0.625000 0.250000
vt 0.375000 0.250000
vt 0.625000 0.500000
vt 0.375000 0.500000
vt 0.625000 0.750000
vt 0.375000 0.750000
vt 0.625000 1.000000
vt 0.375000 1.000000
vt 0.125000 0.500000
vt 0.125000 0.750000
vt 0.875000 0.500000
vt 0.875000 0.750000
vt 0.375000 0.250000
vt 0.625000 0.250000
vt 0.625000 0.500000
vt 0.375000 0.500000
vt 0.625000 0.750000
vt 0.375000 0.750000
vt 0.625000 1.000000
vt 0.375000 1.000000
vt 0.657995 0.740699
vt 0.657995 0.509301
vt 0.657995 0.509301
vt 0.657995 0.740699
vt 0.842005 0.509301
vt 0.875000 0.500000
vt 0.842005 0.740699
vt 0.875000 0.750000
vt 0.842005 0.740699
vt 0.842005 0.509301
vt 0.375000 0.000000
vt 0.625000 0.000000
vt 0.625000 0.250000
vt 0.375000 0.250000
vt 0.375000 0.375000
vt 0.625000 0.375000
vt 0.625000 0.500000
vt 0.375000 0.500000
vt 0.625000 0.750000
vt 0.375000 0.750000
vt 0.375000 0.875000
vt 0.625000 0.875000
vt 0.625000 1.000000
vt 0.375000 1.000000
vt 0.250000 0.500000
vt 0.250000 0.750000
vt 0.750000 0.500000
vt 0.875000 0.500000
vt 0.875000 0.750000
vt 0.750000 0.750000
vt 0.125000 0.500000
vt 0.125000 0.750000
vt 0.375000 0.000000
vt 0.625000 0.000000
vt 0.625000 0.250000
vt 0.375000 0.250000
vt 0.375000 0.375000
vt 0.625000 0.375000
vt 0.625000 0.500000
vt 0.375000 0.500000
vt 0.625000 0.750000
vt 0.375000 0.750000
vt 0.375000 0.875000
vt 0.625000 0.875000
vt 0.625000 1.000000
vt 0.375000 1.000000
vt 0.250000 0.500000
vt 0.250000 0.750000
vt 0.750000 0.500000
vt 0.875000 0.500000
vt 0.875000 0.750000
vt 0.750000 0.750000
vt 0.125000 0.500000
vt 0.125000 0.750000
vt 0.375000 0.000000
vt 0.625000 0.000000
vt 0.625000 0.250000
vt 0.375000 0.250000
vt 0.625000 0.500000
vt 0.375000 0.500000
vt 0.625000 0.750000
vt 0.375000 0.750000
vt 0.625000 1.000000
vt 0.375000 1.000000
vt 0.375000 0.250000
vt 0.375000 0.000000
vt 0.875000 0.500000
vt 0.875000 0.750000
vt 0.125000 0.500000
vt 0.375000 0.500000
vt 0.375000 0.750000
vt 0.125000 0.750000
vt 0.375000 1.000000
vt 0.554399 0.125000
vt 0.625000 0.125000
vt 0.625000 0.250000
vt 0.554399 0.250000
vt 0.625000 0.500000
vt 0.554399 0.500000
vt 0.554399 0.595504
vt 0.625000 0.595504
vt 0.625000 0.625000
vt 0.554399 0.625000
vt 0.625000 0.588962
vt 0.554399 0.588962
vt 0.554399 0.588962
vt 0.554399 0.595504
vt 0.375000 0.588962
vt 0.375000 0.595504
vt 0.375000 0.500000
vt 0.375000 0.625000
vt 0.375000 0.250000
vt 0.375000 0.125000
vt 0.625000 0.588962
vt 0.000000 0.000000
vt 0.000000 0.000000
vt 0.000000 0.000000
vt 0.000000 0.000000
vt 0.625000 0.595504
vt 0.554399 0.250000
vt 0.625000 0.250000
vt 0.554399 0.500000
vt 0.625000 0.500000
vt 0.554399 0.595504
vt 0.625000 0.595504
vt 0.554399 0.588962
vt 0.625000 0.588962
vt 0.375000 0.588962
vt 0.375000 0.595504
vt 0.375000 0.500000
vt 0.375000 0.250000
vt 0.000000 0.000000
vt 0.000000 0.000000
vt 0.375000 0.000000
vt 0.625000 0.000000
vt 0.625000 0.250000
vt 0.375000 0.250000
vt 0.395270 0.500000
vt 0.375000 0.500000
vt 0.395270 0.750000
vt 0.375000 0.750000
vt 0.625000 1.000000
vt 0.375000 1.000000
vt 0.125000 0.500000
vt 0.125000 0.750000
vt 0.875000 0.500000
vt 0.875000 0.750000
vt 0.375000 0.000000
vt 0.625000 0.000000
vt 0.625000 0.250000
vt 0.375000 0.250000
vt 0.625000 0.500000
vt 0.375000 0.500000
vt 0.625000 0.750000
vt 0.375000 0.750000
vt 0.625000 1.000000
vt 0.375000 1.000000
vt 0.125000 0.500000
vt 0.125000 0.750000
vt 0.625000 0.250000
vt 0.625000 0.500000
vt 0.625000 0.750000
vt 0.625000 0.500000
vt 0.625000 0.750000
vt 0.625000 0.000000
vt 0.625000 1.000000
vt 0.875000 0.500000
vt 0.875000 0.750000
vt 0.625000 0.000000
vt 0.625000 0.250000
vt 0.625000 1.000000
vt 0.375000 0.000000
vt 0.625000 0.000000
vt 0.625000 0.250000
vt 0.375000 0.250000
vt 0.625000 0.500000
vt 0.375000 0.500000
vt 0.625000 0.750000
vt 0.375000 0.750000
vt 0.625000 1.000000
vt 0.375000 1.000000
vt 0.125000 0.500000
vt 0.125000 0.750000
vt 0.625000 0.250000
vt 0.625000 0.500000
vt 0.625000 0.750000
vt 0.625000 0.500000
vt 0.625000 0.750000
vt 0.625000 0.000000
vt 0.625000 1.000000
vt 0.875000 0.500000
vt 0.875000 0.750000
vt 0.625000 0.000000
vt 0.625000 0.250000
vt 0.625000 1.000000
vt 0.375000 0.000000
vt 0.625000 0.000000
vt 0.625000 0.250000
vt 0.375000 0.250000
vt 0.625000 0.500000
vt 0.375000 0.500000
vt 0.625000 0.750000
vt 0.375000 0.750000
vt 0.625000 1.000000
vt 0.375000 1.000000
vt 0.125000 0.500000
vt 0.125000 0.750000
vt 0.875000 0.500000
vt 0.875000 0.750000
vn 1.0000 0.0000 0.0000
vn 0.0000 0.0000 -1.0000
vn 0.0000 1.0000 0.0000
vn 0.0000 0.0000 1.0000
vn -1.0000 0.0000 0.0000
vn 0.7071 0.0000 0.7071
vn -0.7071 0.0000 0.7071
vn -0.7071 0.0000 -0.7071
vn 0.7071 0.0000 -0.7071
vn 0.0000 -1.0000 0.0000
vn -0.0904 -0.6280 0.7730
vn 0.0556 -0.9985 0.0000
vn 0.7714 0.6363 0.0000
vn 0.0000 -0.9970 0.0778
vn 0.6401 0.7683 -0.0000
vn -0.6352 0.7723 0.0000
vn 0.0000 0.6558 -0.7549
vn 0.0000 0.9999 -0.0127
vn -0.6309 0.7759 -0.0046
vn 0.0000 0.5055 -0.8628
vn 0.6376 0.7704 0.0000
vn 0.6297 0.7769 -0.0052
vn -0.0551 -0.9985 0.0000
vn -0.0904 -0.6280 -0.7730
vn 0.0000 -0.9970 -0.0778
vn 0.0000 0.6558 0.7549
vn 0.0000 0.9999 0.0127
vn -0.6309 0.7759 0.0046
vn 0.0000 0.5055 0.8628
vn 0.6297 0.7769 0.0052
vn 0.0000 -0.7137 -0.7005
vn 0.0000 -0.7137 0.7005
vn 0.0000 0.6431 0.7657
vn 0.0000 0.6431 -0.7657
vn 0.0458 -0.9989 -0.0077
vn 0.0000 -0.6850 -0.7285
vn 0.9990 -0.0131 0.0431
vn 0.0000 -0.6850 0.7285
vn 0.9990 -0.0131 -0.0431
vn 0.0063 -0.6443 -0.7647
vn 0.0458 -0.9989 0.0077
vn 0.0063 -0.6443 0.7647
vn 0.4858 0.0000 -0.8741
vn 0.4858 0.0000 0.8741
vn -0.6954 0.7186 0.0000
vn 0.6958 0.7182 0.0000
vn -0.9989 -0.0466 0.0000
vn 0.9989 -0.0466 0.0000
vn 0.0000 -0.0532 0.9986
vn 0.0000 -0.0532 -0.9986
vn 0.3614 0.0000 0.9324
vn 0.3614 -0.0000 -0.9324
vn 0.5780 0.8160 -0.0000
vn 0.0000 0.0322 -0.9995
vn 0.9588 0.2840 0.0000
vn 0.9998 0.0211 0.0000
vn -0.9971 0.0762 0.0000
vn 0.0000 -0.0691 0.9976
vn -0.9588 0.2840 0.0000
vn 0.0000 0.2158 0.9764
vn 0.0000 0.2158 -0.9764
vn 0.0000 -0.0504 -0.9987
usemtl Collider
s off
f 2502/2810/1060 2503/2811/1060 2504/2812/1060 2505/2813/1060
f 2506/2814/1061 2507/2815/1061 2508/2816/1061 2509/2817/1061
f 2507/2815/1062 2510/2818/1062 2511/2819/1062 2512/2820/1062 2513/2821/1062 2504/2812/1062 2503/2811/1062 2508/2816/1062
f 2514/2822/1063 2513/2821/1063 2512/2820/1063 2515/2823/1063
f 2516/2824/1064 2511/2819/1064 2510/2818/1064 2517/2825/1064
f 2505/2813/1065 2504/2812/1065 2513/2821/1065 2514/2822/1065
f 2511/2819/1066 2516/2824/1066 2515/2823/1066 2512/2820/1066
f 2507/2815/1067 2506/2814/1067 2517/2825/1067 2510/2818/1067
f 2503/2811/1068 2502/2810/1068 2509/2817/1068 2508/2816/1068
f 2515/2823/1069 2516/2824/1069 2517/2825/1069 2506/2814/1069 2509/2817/1069 2502/2810/1069 2505/2813/1069 2514/2822/1069
f 2533/2826/1070 2535/2827/1070 2534/2828/1070
f 2518/2829/1071 2520/2830/1071 2522/2831/1071 2523/2832/1071
f 2521/2833/1072 2535/2827/1072 2533/2826/1072 2528/2834/1072
f 2519/2835/1073 2518/2829/1073 2523/2832/1073 2524/2836/1073
f 2528/2834/1074 2533/2826/1074 2532/2837/1074
f 2523/2832/1075 2522/2831/1075 2525/2838/1075 2526/2839/1075
f 2524/2836/1076 2523/2832/1076 2526/2839/1076 2527/2840/1076
f 2531/2841/1077 2530/2842/1077 2529/2843/1077 2532/2844/1077
f 2526/2839/1078 2525/2838/1078 2529/2845/1078 2530/2846/1078
f 2527/2840/1079 2526/2839/1079 2530/2846/1079 2531/2841/1079
f 2533/2826/1080 2534/2828/1080 2524/2836/1080 2527/2840/1080
f 2532/2844/1081 2533/2826/1081 2527/2840/1081 2531/2841/1081
f 2534/2828/1082 2535/2827/1082 2519/2835/1082 2524/2836/1082
f 2544/2847/1083 2545/2848/1083 2546/2849/1083
f 2536/2850/1071 2538/2851/1071 2522/2831/1071 2520/2830/1071
f 2521/2833/1072 2528/2834/1072 2544/2847/1072 2546/2849/1072
f 2537/2852/1084 2539/2853/1084 2538/2851/1084 2536/2850/1084
f 2528/2834/1074 2532/2837/1074 2544/2847/1074
f 2538/2851/1075 2540/2854/1075 2525/2838/1075 2522/2831/1075
f 2539/2853/1085 2541/2855/1085 2540/2854/1085 2538/2851/1085
f 2543/2856/1086 2532/2844/1086 2529/2843/1086 2542/2857/1086
f 2540/2854/1087 2542/2858/1087 2529/2845/1087 2525/2838/1087
f 2541/2855/1088 2543/2856/1088 2542/2858/1088 2540/2854/1088
f 2544/2847/1080 2541/2855/1080 2539/2853/1080 2545/2848/1080
f 2532/2844/1089 2543/2856/1089 2541/2855/1089 2544/2847/1089
f 2545/2848/1082 2539/2853/1082 2537/2852/1082 2546/2849/1082
f 2553/2859/1064 2554/2860/1064 2550/2861/1064 2549/2862/1064
f 2549/2862/1090 2550/2861/1090 2556/2863/1090 2552/2864/1090
f 2551/2865/1091 2558/2866/1091 2548/2867/1091 2547/2868/1091
f 2557/2869/1092 2554/2870/1092 2548/2871/1092 2558/2866/1092
f 2556/2863/1093 2550/2872/1093 2554/2870/1093 2557/2869/1093
f 2549/2862/1094 2561/2873/1094 2560/2874/1094 2553/2859/1094
f 2547/2875/1064 2548/2876/1064 2554/2860/1064 2553/2859/1064
f 2562/2877/1095 2551/2865/1095 2547/2875/1095
f 2551/2878/1096 2555/2879/1096 2557/2869/1096 2558/2866/1096
f 2561/2873/1097 2549/2862/1097 2552/2864/1097
f 2555/2879/1098 2552/2880/1098 2556/2863/1098 2557/2869/1098
f 2560/2874/1060 2559/2881/1060 2562/2877/1060
f 2561/2873/1060 2559/2881/1060 2560/2874/1060
f 2555/2879/1099 2551/2878/1099 2562/2882/1099 2559/2881/1099
f 2553/2859/1100 2560/2874/1100 2562/2877/1100 2547/2875/1100
f 2552/2880/1101 2555/2879/1101 2559/2881/1101 2561/2873/1101
f 2563/2883/1064 2564/2884/1064 2566/2885/1064 2565/2886/1064
f 2565/2886/1102 2566/2885/1102 2570/2887/1102 2569/2888/1102
f 2569/2888/1060 2570/2887/1060 2568/2889/1060 2567/2890/1060
f 2567/2890/1103 2568/2889/1103 2564/2891/1103 2563/2892/1103
f 2565/2893/1069 2569/2888/1069 2567/2890/1069 2563/2894/1069
f 2570/2887/1062 2566/2895/1062 2564/2896/1062 2568/2889/1062
f 2573/2897/1061 2580/2898/1061 2581/2899/1061 2577/2900/1061
f 2577/2900/1060 2581/2899/1060 2582/2901/1060 2575/2902/1060
f 2575/2902/1063 2582/2901/1063 2579/2903/1063 2571/2904/1063
f 2576/2905/1064 2578/2906/1064 2585/2907/1064 2586/2908/1064
f 2574/2909/1062 2578/2906/1062 2581/2899/1062 2580/2910/1062
f 2578/2906/1062 2576/2905/1062 2582/2901/1062 2581/2899/1062
f 2576/2905/1062 2572/2911/1062 2579/2912/1062 2582/2901/1062
f 2572/2911/1061 2576/2905/1061 2586/2908/1061 2583/2913/1061
f 2578/2906/1063 2574/2909/1063 2584/2914/1063 2585/2907/1063
f 2587/2915/1064 2588/2916/1064 2590/2917/1064 2589/2918/1064
f 2595/2919/1061 2596/2920/1061 2594/2921/1061 2593/2922/1061
f 2593/2922/1060 2594/2921/1060 2592/2923/1060 2591/2924/1060
f 2597/2925/1063 2598/2926/1063 2588/2927/1063 2587/2928/1063
f 2595/2929/1069 2593/2922/1069 2591/2924/1069 2597/2930/1069
f 2596/2931/1104 2590/2932/1104 2588/2933/1104 2598/2934/1104
f 2594/2921/1105 2596/2931/1105 2598/2934/1105 2592/2923/1105
f 2589/2935/1069 2595/2929/1069 2597/2930/1069 2587/2936/1069
f 2591/2924/1063 2592/2923/1063 2598/2926/1063 2597/2925/1063
f 2589/2918/1061 2590/2917/1061 2596/2920/1061 2595/2919/1061
f 2599/2937/1064 2600/2938/1064 2602/2939/1064 2601/2940/1064
f 2607/2941/1061 2608/2942/1061 2606/2943/1061 2605/2944/1061
f 2605/2944/1060 2606/2943/1060 2604/2945/1060 2603/2946/1060
f 2609/2947/1063 2610/2948/1063 2600/2949/1063 2599/2950/1063
f 2607/2951/1069 2605/2944/1069 2603/2946/1069 2609/2952/1069
f 2608/2953/1104 2602/2954/1104 2600/2955/1104 2610/2956/1104
f 2606/2943/1105 2608/2953/1105 2610/2956/1105 2604/2945/1105
f 2601/2957/1069 2607/2951/1069 2609/2952/1069 2599/2958/1069
f 2603/2946/1063 2604/2945/1063 2610/2948/1063 2609/2947/1063
f 2601/2940/1061 2602/2939/1061 2608/2942/1061 2607/2941/1061
f 2611/2959/1064 2612/2960/1064 2614/2961/1064 2613/2962/1064
f 2613/2962/1061 2614/2961/1061 2618/2963/1061 2617/2964/1061
f 2617/2964/1060 2618/2963/1060 2616/2965/1060 2615/2966/1060
f 2615/2966/1063 2616/2965/1063 2612/2967/1063 2611/2968/1063
f 2611/2959/1106 2613/2962/1106 2619/2969/1106 2620/2970/1106
f 2618/2963/1062 2614/2971/1062 2612/2972/1062 2616/2965/1062
f 2619/2973/1069 2621/2974/1069 2622/2975/1069 2620/2976/1069
f 2617/2964/1107 2615/2966/1107 2622/2975/1107 2621/2974/1107
f 2615/2966/1108 2611/2968/1108 2620/2977/1108 2622/2975/1108
f 2613/2962/1109 2617/2964/1109 2621/2974/1109 2619/2969/1109
f 2638/2978/1064 2628/2979/1064 2624/2980/1064 2635/2981/1064
f 2635/2981/1061 2624/2980/1061 2626/2982/1061 2636/2983/1061
f 2640/2984/1060 2634/2985/1060 2630/2986/1060 2637/2987/1060
f 2636/2983/1060 2626/2982/1060 2632/2988/1060 2639/2989/1060
f 2640/2984/1069 2639/2989/1069 2643/2990/1069 2644/2991/1069
f 2631/2992/1110 2639/2989/1110 2640/2984/1110 2633/2993/1110
f 2625/2994/1060 2636/2983/1060 2639/2989/1060 2631/2992/1060
f 2633/2993/1060 2640/2984/1060 2637/2987/1060 2629/2995/1060
f 2623/2996/1061 2635/2981/1061 2636/2983/1061 2625/2994/1061
f 2627/2997/1064 2638/2978/1064 2635/2981/1064 2623/2996/1064
f 2639/2989/1060 2632/2988/1060 2641/2998/1060 2643/2990/1060
f 2632/2999/1062 2634/3000/1062 2642/3001/1062 2641/3002/1062
f 2634/2985/1064 2640/2984/1064 2644/2991/1064 2642/3003/1064
f 2638/2978/1064 2653/3004/1064 2646/3005/1064 2628/2979/1064
f 2653/3004/1063 2654/3006/1063 2648/3007/1063 2646/3005/1063
f 2656/3008/1060 2637/2987/1060 2630/2986/1060 2652/3009/1060
f 2654/3006/1060 2655/3010/1060 2650/3011/1060 2648/3007/1060
f 2656/3008/1069 2644/2991/1069 2643/2990/1069 2655/3010/1069
f 2649/3012/1111 2651/3013/1111 2656/3008/1111 2655/3010/1111
f 2647/3014/1060 2649/3012/1060 2655/3010/1060 2654/3006/1060
f 2651/3013/1060 2629/2995/1060 2637/2987/1060 2656/3008/1060
f 2645/3015/1063 2647/3014/1063 2654/3006/1063 2653/3004/1063
f 2627/2997/1064 2645/3015/1064 2653/3004/1064 2638/2978/1064
f 2655/3010/1060 2643/2990/1060 2641/2998/1060 2650/3011/1060
f 2650/3016/1062 2641/3002/1062 2642/3001/1062 2652/3017/1062
f 2652/3009/1064 2642/3003/1064 2644/2991/1064 2656/3008/1064
f 2657/3018/1064 2658/3019/1064 2660/3020/1064 2659/3021/1064
f 2659/3021/1061 2660/3020/1061 2664/3022/1061 2663/3023/1061
f 2663/3023/1060 2664/3022/1060 2662/3024/1060 2661/3025/1060
f 2661/3025/1063 2662/3024/1063 2658/3026/1063 2657/3027/1063
f 2659/3028/1069 2663/3023/1069 2661/3025/1069 2657/3029/1069
f 2664/3022/1112 2660/3030/1112 2658/3031/1112 2662/3024/1112
f 2665/3032/1064 2666/3033/1064 2668/3034/1064 2667/3035/1064
f 2667/3035/1061 2668/3034/1061 2672/3036/1061 2671/3037/1061
f 2671/3037/1060 2672/3036/1060 2670/3038/1060 2669/3039/1060
f 2669/3039/1063 2670/3038/1063 2666/3040/1063 2665/3041/1063
f 2667/3042/1069 2671/3037/1069 2669/3039/1069 2665/3043/1069
f 2672/3036/1113 2668/3034/1113 2674/3044/1113 2675/3045/1113
f 2676/3046/1114 2675/3045/1114 2679/3047/1114 2680/3048/1114
f 2670/3038/1115 2672/3036/1115 2675/3045/1115 2676/3046/1115
f 2668/3034/1116 2666/3033/1116 2673/3049/1116 2674/3044/1116
f 2666/3040/1117 2670/3038/1117 2676/3046/1117 2673/3050/1117
f 2679/3047/1062 2678/3051/1062 2677/3052/1062 2680/3048/1062
f 2674/3044/1118 2673/3049/1118 2677/3053/1118 2678/3054/1118
f 2673/3050/1119 2676/3046/1119 2680/3048/1119 2677/3055/1119
f 2675/3045/1120 2674/3044/1120 2678/3054/1120 2679/3047/1120
f 2681/3056/1064 2682/3057/1064 2684/3058/1064 2683/3059/1064
f 2683/3059/1061 2684/3058/1061 2688/3060/1061 2687/3061/1061
f 2687/3061/1060 2688/3060/1060 2686/3062/1060 2685/3063/1060
f 2685/3063/1063 2686/3062/1063 2682/3064/1063 2681/3065/1063
f 2683/3066/1069 2687/3061/1069 2685/3063/1069 2681/3067/1069
f 2688/3060/1121 2684/3058/1121 2690/3068/1121 2691/3069/1121
f 2692/3070/1114 2691/3069/1114 2695/3071/1114 2696/3072/1114
f 2686/3062/1115 2688/3060/1115 2691/3069/1115 2692/3070/1115
f 2684/3058/1116 2682/3057/1116 2689/3073/1116 2690/3068/1116
f 2682/3064/1117 2686/3062/1117 2692/3070/1117 2689/3074/1117
f 2695/3071/1062 2694/3075/1062 2693/3076/1062 2696/3072/1062
f 2690/3068/1118 2689/3073/1118 2693/3077/1118 2694/3078/1118
f 2689/3074/1119 2692/3070/1119 2696/3072/1119 2693/3079/1119
f 2691/3069/1120 2690/3068/1120 2694/3078/1120 2695/3071/1120
f 2697/3080/1064 2698/3081/1064 2700/3082/1064 2699/3083/1064
f 2699/3083/1061 2700/3082/1061 2704/3084/1061 2703/3085/1061
f 2703/3085/1060 2704/3084/1060 2702/3086/1060 2701/3087/1060
f 2701/3087/1063 2702/3086/1063 2698/3088/1063 2697/3089/1063
f 2699/3090/1069 2703/3085/1069 2701/3087/1069 2697/3091/1069
f 2704/3084/1062 2700/3092/1062 2698/3093/1062 2702/3086/1062
