# Blender v3.0.1 OBJ File: 'PublicBuilding_3C.blend'
# www.blender.org
mtllib PublicBuilding_3C.mtl
o PublicBuilding_3_Building18_Cube.001
v -1.263143 1.177021 -1.380246
v -1.263143 2.123941 -1.380246
v -1.263143 2.000000 -1.600000
v -1.263143 1.177021 -1.600000
v -0.063143 0.131777 -1.600000
v -0.100117 0.314848 -1.600000
v 0.036148 0.451113 -1.600000
v 0.036148 0.372739 -1.600000
v 0.741753 0.372739 -1.600000
v 0.741753 0.451113 -1.600000
v 1.136857 0.451113 -1.600000
v 1.136857 0.131777 -1.600000
v -0.063143 0.000000 -1.380246
v -0.063143 0.000000 -1.600000
v 1.136857 0.000000 -1.600000
v 1.136857 0.000000 -1.380246
v 1.107513 2.432341 -0.364777
v 1.107513 2.591143 0.000000
v 1.115075 2.553708 0.000000
v 1.115075 2.547231 -0.015081
v 1.115075 2.410089 -0.334403
v 1.136857 1.528529 -0.676130
v 1.136857 2.521061 -0.676130
v 1.136857 2.696664 -0.364777
v 1.136857 2.432341 -0.364777
v 1.136857 2.210309 -0.364777
v 1.136857 1.988276 -0.364777
v -0.063143 0.000000 0.000000
v -0.063143 0.000000 -0.350095
v 1.136857 0.000000 -0.350095
v 1.136857 0.000000 0.000000
v -1.263143 1.177021 0.000000
v -1.263143 2.902397 0.000000
v -1.263143 2.696664 -0.364777
v -1.263143 1.177021 -0.364777
v -1.263143 0.694430 0.000000
v -1.263143 0.694430 -0.364777
v 1.136857 0.694430 -0.676130
v 1.136857 1.177021 -0.676130
v 1.136857 1.177021 -0.350095
v 1.136857 0.694430 -0.350095
v 1.017421 1.177021 0.000000
v 1.017421 1.177021 -0.350095
v 1.017421 1.137182 -0.310256
v 1.017421 1.137182 0.000000
v -0.063143 2.000000 -1.600000
v -0.236382 1.528529 -1.600000
v -0.943080 1.528529 -1.600000
v -0.943080 1.177021 -1.600000
v -1.263143 0.694430 -1.380246
v -1.263143 0.694430 -1.600000
v -1.263143 0.065889 -1.380246
v -1.263143 0.131777 -1.380246
v -1.263143 0.131777 -1.600000
v -1.263143 0.065889 -1.600000
v -0.063143 0.065889 -1.600000
v 1.136857 0.065889 -1.600000
v 1.136857 0.065889 -0.350095
v 1.136857 0.131777 -0.350095
v 1.405846 0.131777 -0.350095
v 1.405846 0.065889 -0.350095
v 1.136857 0.065889 -0.676130
v 1.136857 0.131777 -0.676130
v -1.263143 0.065889 0.000000
v -1.263143 0.131777 0.000000
v -1.263143 0.131777 -0.364777
v -1.263143 0.065889 -0.364777
v 1.405846 0.131777 0.000000
v 1.405846 0.057472 0.000000
v 1.405846 0.057472 -0.350095
v 1.136857 0.131777 0.000000
v 1.405846 0.000000 -0.350095
v 1.405846 0.000000 0.000000
v 1.017421 0.763296 -0.164534
v 1.017421 0.968096 -0.164534
v 0.996899 0.968096 -0.164534
v 0.996899 0.763296 -0.164534
v 1.077139 0.131777 0.000000
v 1.077139 0.131777 -0.350095
v 1.017421 0.131777 -0.350095
v 1.017421 0.131777 0.000000
v 1.017421 0.451113 -0.350095
v 1.017421 0.131777 -0.310256
v 1.017421 0.437735 -0.310256
v 1.077139 1.177021 -0.350095
v 1.077139 0.694430 -0.350095
v 1.136857 1.177021 0.000000
v 1.077139 1.177021 0.000000
v 1.077139 1.137182 -0.310256
v 1.077139 1.137182 0.000000
v 1.077139 0.672182 -0.310256
v 1.017421 0.672182 -0.310256
v 1.077139 0.131777 -0.310256
v 1.077139 0.451113 -0.350095
v 1.077139 0.437735 -0.310256
v 1.136857 0.451113 -0.350095
v 1.017421 0.694430 -0.350095
v 1.017421 0.451113 0.000000
v -1.263143 0.451113 -1.380246
v -1.263143 0.451113 -1.600000
v -0.943080 0.451113 -1.600000
v -0.943080 0.372739 -1.600000
v -0.236382 0.372739 -1.600000
v -0.236382 0.451113 -1.600000
v 1.136857 0.451113 -0.676130
v -1.263143 0.451113 0.000000
v -1.263143 0.451113 -0.364777
v -1.263143 0.451113 -0.676130
v -1.263143 0.131777 -0.676130
v -1.263143 0.065889 -0.676130
v -1.263143 1.177021 -0.676130
v -1.263143 0.694430 -0.676130
v -0.063143 0.000000 -0.676130
v 1.136857 0.000000 -0.676130
v -1.263143 2.521061 -0.676130
v 1.136857 1.588511 -1.600000
v 1.136857 2.000000 -1.600000
v 1.136857 2.123941 -1.380246
v 1.136857 1.528529 -1.380246
v 1.136857 0.694430 -1.600000
v 1.136857 1.177021 -1.600000
v 1.136857 1.177021 -1.380246
v 1.136857 0.694430 -1.380246
v 1.136857 0.131777 -1.380246
v 1.136857 0.065889 -1.380246
v 1.136857 0.451113 -1.380246
v 1.077139 1.177021 -1.380246
v 1.077139 1.177021 -0.676130
v 1.077139 1.149395 -1.003078
v 1.077139 1.149395 -1.053297
v 1.077139 1.149395 -1.353449
v 1.077139 0.703536 -1.003078
v 1.077139 0.478740 -1.003078
v 1.077139 0.478740 -1.053297
v 1.077139 0.703536 -1.053297
v 1.077139 0.451113 -1.380246
v 1.077139 0.451113 -0.676130
v 1.077139 0.694430 -0.676130
v 1.077139 0.694430 -1.380246
v 1.077139 0.703536 -1.353449
v 1.017421 1.149395 -1.353449
v 1.017421 0.703536 -1.353449
v 1.017421 1.149395 -1.053297
v 1.077139 0.703536 -0.702927
v 1.077139 0.478740 -0.702927
v 1.017421 0.478740 -0.702927
v 1.017421 0.703536 -0.702927
v 1.017421 0.703536 -1.053297
v 1.077139 0.478740 -1.353449
v 1.017421 0.478740 -1.353449
v 1.017421 0.478740 -1.053297
v 1.017421 0.478740 -1.003078
v 1.077139 1.149395 -0.702927
v 1.017421 0.703536 -1.003078
v 1.017421 1.149395 -1.003078
v 1.017421 1.149395 -0.702927
v 0.036410 1.177021 -1.541351
v 0.740526 1.177021 -1.541351
v 0.417029 1.149395 -1.541351
v 0.359908 1.149395 -1.541351
v 0.063207 1.149395 -1.541351
v 0.417029 0.703536 -1.541351
v 0.417029 0.478740 -1.541351
v 0.359908 0.478740 -1.541351
v 0.359908 0.703536 -1.541351
v 0.036410 0.451114 -1.541351
v 0.740526 0.451114 -1.541351
v 0.741753 0.694430 -1.600000
v 0.740526 0.694430 -1.541351
v 0.036148 0.694430 -1.600000
v 0.036148 1.177021 -1.600000
v 0.036410 0.694430 -1.541351
v 0.063207 0.703536 -1.541351
v 0.063207 1.149395 -1.481633
v 0.063207 0.703536 -1.481633
v 0.359908 1.149395 -1.481633
v 0.713729 0.703536 -1.541351
v 0.713729 0.478740 -1.541351
v 0.713729 0.478740 -1.481633
v 0.713729 0.703536 -1.481633
v 0.359908 0.703536 -1.481633
v 0.063207 0.478740 -1.541351
v 0.063207 0.478740 -1.481633
v 0.359908 0.478740 -1.481633
v 0.417029 0.478740 -1.481633
v 0.741753 1.177021 -1.600000
v 0.713729 1.149395 -1.541351
v 0.417029 0.703536 -1.481633
v 0.417029 1.149395 -1.481633
v 0.713729 1.149395 -1.481633
v -1.263143 0.000000 -0.676130
v -1.263143 0.000000 -1.380246
v -1.263143 0.000000 -0.364777
v -0.940972 1.177021 -1.541351
v -0.236856 1.177021 -1.541351
v -0.560353 1.149395 -1.541351
v -0.617474 1.149395 -1.541351
v -0.914175 1.149395 -1.541351
v -1.263143 0.000000 0.000000
v -1.263143 0.000000 -1.600000
v -0.236382 0.694430 -1.600000
v -0.560353 0.703536 -1.541351
v -0.560353 0.478740 -1.541351
v -0.617474 0.478740 -1.541351
v -0.617474 0.703536 -1.541351
v -0.940972 0.451114 -1.541351
v -0.236856 0.451114 -1.541351
v -0.236856 0.694430 -1.541351
v -0.943080 0.694430 -1.600000
v -0.940972 0.694430 -1.541351
v -0.914175 0.703536 -1.541351
v -0.914175 1.149395 -1.481633
v -0.914175 0.703536 -1.481633
v -0.617474 1.149395 -1.481633
v -0.263653 0.703536 -1.541351
v -0.263653 0.478740 -1.541351
v -0.263653 0.478740 -1.481633
v -0.263653 0.703536 -1.481633
v -0.617474 0.703536 -1.481633
v -0.914175 0.478740 -1.541351
v -0.914175 0.478740 -1.481633
v -0.617474 0.478740 -1.481633
v -0.560353 0.478740 -1.481633
v -0.236382 1.177021 -1.600000
v -0.263653 1.149395 -1.541351
v -0.560353 0.703536 -1.481633
v -0.560353 1.149395 -1.481633
v -0.263653 1.149395 -1.481633
v 1.181566 1.177021 -1.380246
v 1.136857 1.528529 -0.357377
v 1.059498 2.212404 -0.364777
v 1.059498 2.432341 -0.364777
v 1.059498 2.591143 0.000000
v 1.059498 2.212404 0.000000
v 1.136857 2.591143 0.000000
v 1.136857 2.902397 0.000000
v 1.059498 1.988276 -0.364777
v 1.059498 1.988276 0.000000
v 1.067060 2.014720 0.000000
v 1.067060 2.014720 -0.015081
v 1.067060 2.014720 -0.334403
v 1.107513 1.988276 0.000000
v 1.107513 1.988276 -0.364777
v 1.115075 2.014720 -0.334403
v 1.115075 2.014720 -0.015081
v 1.115075 2.014720 0.000000
v 1.107513 2.210309 -0.364777
v 1.136857 1.988276 0.000000
v 1.115075 2.212404 0.000000
v 1.115075 2.212404 -0.000958
v 1.115075 2.251957 -0.015081
v 1.111671 2.211461 -0.348076
v 1.115075 2.223713 -0.334403
v 1.067060 2.546877 -0.015905
v 1.067060 2.410089 -0.334403
v 1.067060 2.553708 0.000000
v 1.067060 2.251957 -0.015510
v 1.115075 2.251957 -0.334403
v 1.067060 2.251957 -0.334403
v 1.115075 2.223713 -0.015081
v 1.067060 2.212404 0.000000
v 1.067060 2.212404 -0.001371
v 1.067060 2.223713 -0.334403
v 1.063648 2.212404 -0.348107
v 1.067060 2.223713 -0.015463
v 1.266158 1.914314 0.000000
v 1.266158 1.914314 -0.364777
v 1.266158 1.988276 -0.364777
v 1.266158 1.988276 0.000000
v 1.136857 1.914314 0.000000
v 1.136857 1.914314 -0.364777
v 1.266158 1.914314 -0.407277
v 1.266158 1.988276 -0.407277
v 1.017421 0.968096 0.000000
v 0.996899 0.968096 0.000000
v 0.996899 0.763296 0.000000
v 1.017421 0.660039 -0.164534
v 1.017421 0.660039 0.000000
v 0.996899 0.660039 -0.164534
v 0.996899 0.660039 0.000000
v 1.136857 1.914314 -0.407277
v 1.136857 1.988276 -0.407277
v -1.364451 0.000000 0.000000
v -1.364451 0.000000 -0.364777
v -1.364451 0.000000 -1.728264
v -0.063143 0.000000 -1.728264
v -1.364451 0.000000 -0.676130
v -1.364451 0.000000 -1.380246
v 1.405846 0.065889 -0.676130
v 2.258743 0.065889 -0.350095
v 2.258743 0.065889 -0.676130
v 1.405845 0.065889 -1.380246
v -0.063143 0.065889 -1.728264
v -1.364451 0.065889 -1.728264
v -1.364451 0.065889 -1.380246
v 2.258743 0.000000 -0.350095
v 2.258743 0.000000 0.000000
v 1.405846 0.000000 -0.676130
v 1.405845 0.000000 -1.380246
v 2.258743 0.000000 -1.380246
v 2.258743 0.000000 -0.676130
v 1.405845 0.000000 -1.600000
v 1.405845 0.065889 -1.600000
v 2.258743 0.065889 -1.380246
v 2.258743 0.000000 -1.728264
v 2.258743 0.065889 -1.728264
v 2.258743 0.057472 -0.350095
v 1.136857 0.000000 -1.728264
v 1.136857 0.065889 -1.728264
v -1.364451 0.065889 -0.676130
v -1.364451 0.065889 -0.364777
v -1.364451 0.065889 0.000000
v 1.181566 1.177021 -0.350095
v 1.136857 1.528529 0.000000
v 1.181566 1.177021 0.000000
v 2.258743 0.057472 0.000000
v 0.741753 0.451113 -1.650317
v 0.741753 0.372739 -1.650317
v 0.036148 0.372739 -1.650317
v 0.036148 0.451113 -1.650317
v -0.943080 0.372739 -1.650317
v -0.236382 0.372739 -1.650317
v -0.236382 0.451113 -1.650317
v -0.943080 0.451113 -1.650317
v -0.201809 0.451113 -1.650317
v -0.201809 0.372739 -1.650317
v 0.776326 0.451113 -1.600000
v 0.776326 0.451113 -1.650317
v -0.201809 0.372739 -1.600000
v -0.201809 0.451113 -1.600000
v 0.001575 0.372739 -1.650317
v 0.001575 0.451113 -1.650317
v 0.001575 0.372739 -1.600000
v 0.001575 0.451113 -1.600000
v 0.776326 0.372739 -1.600000
v 0.776326 0.372739 -1.650317
v -0.977652 0.372739 -1.600000
v -0.977652 0.451113 -1.600000
v -0.977652 0.451113 -1.650317
v -0.977652 0.372739 -1.650317
v 0.036148 1.528529 -1.600000
v 0.741753 1.528529 -1.600000
v 0.741753 1.177021 -1.639897
v 0.036148 1.177021 -1.639897
v -0.943080 1.177021 -1.639897
v -0.236382 1.177021 -1.639897
v 1.181566 1.177021 -0.676130
v -1.263143 1.177021 1.380246
v -1.263143 1.177021 1.600000
v -1.263143 2.000000 1.600000
v -1.263143 2.123941 1.380246
v -0.063143 0.131777 1.600000
v 1.136857 0.131777 1.600000
v 1.136857 0.451113 1.600000
v 0.741753 0.451113 1.600000
v 0.741753 0.372739 1.600000
v 0.036148 0.372739 1.600000
v 0.036148 0.451113 1.600000
v -0.100117 0.314848 1.600000
v -0.063143 -0.000000 1.380246
v 1.136857 -0.000000 1.380246
v 1.136857 -0.000000 1.600000
v -0.063143 -0.000000 1.600000
v 1.107513 2.432341 0.364777
v 1.115075 2.410089 0.334403
v 1.115075 2.547231 0.015080
v 1.115075 2.553708 0.000000
v 1.107513 2.591143 0.000000
v 1.136857 1.528529 0.676130
v 1.136857 1.988276 0.364777
v 1.136857 2.210309 0.364777
v 1.136857 2.432341 0.364777
v 1.136857 2.696664 0.364777
v 1.136857 2.521061 0.676130
v -0.063143 0.000000 0.000000
v 1.136857 0.000000 0.000000
v 1.136857 -0.000000 0.350095
v -0.063143 -0.000000 0.350095
v -1.263143 1.177021 0.000000
v -1.263143 1.177021 0.364777
v -1.263143 2.696664 0.364777
v -1.263143 2.902397 0.000000
v -1.263143 0.694430 0.000000
v -1.263143 0.694430 0.364777
v 1.136857 0.694430 0.676130
v 1.136857 0.694430 0.350095
v 1.136857 1.177021 0.350095
v 1.136857 1.177021 0.676130
v 1.017421 1.177021 0.000000
v 1.017421 1.137182 0.000000
v 1.017421 1.137182 0.310256
v 1.017421 1.177021 0.350095
v -0.943080 1.177021 1.600000
v -0.943080 1.528529 1.600000
v -0.236382 1.528529 1.600000
v -0.063143 2.000000 1.600000
v -1.263143 0.694430 1.380246
v -1.263143 0.694430 1.600000
v -1.263143 0.065889 1.380246
v -1.263143 0.065889 1.600000
v -1.263143 0.131777 1.600000
v -1.263143 0.131777 1.380246
v -0.063143 0.065889 1.600000
v 1.136857 0.065889 1.600000
v 1.136857 0.065889 0.350095
v 1.405846 0.065889 0.350095
v 1.405846 0.131777 0.350095
v 1.136857 0.131777 0.350095
v 1.136857 0.065889 0.676130
v 1.136857 0.131777 0.676130
v -1.263143 0.065889 0.000000
v -1.263143 0.065889 0.364777
v -1.263143 0.131777 0.364777
v -1.263143 0.131777 0.000000
v 1.405846 0.057472 0.350095
v 1.405846 0.057472 0.000000
v 1.405846 0.131777 0.000000
v 1.136857 0.131777 0.000000
v 1.405846 0.000000 0.000000
v 1.405846 -0.000000 0.350095
v 1.017421 0.763296 0.164534
v 0.996899 0.763296 0.164534
v 0.996899 0.968096 0.164534
v 1.017421 0.968096 0.164534
v 1.077139 0.131777 0.000000
v 1.017421 0.131777 0.000000
v 1.017421 0.131777 0.350095
v 1.077139 0.131777 0.350095
v 1.017421 0.451113 0.350095
v 1.017421 0.437735 0.310256
v 1.017421 0.131777 0.310256
v 1.077139 0.694430 0.350095
v 1.077139 1.177021 0.350095
v 1.077139 1.177021 0.000000
v 1.136857 1.177021 0.000000
v 1.077139 1.137182 0.310256
v 1.077139 1.137182 0.000000
v 1.077139 0.672182 0.310256
v 1.017421 0.672182 0.310256
v 1.077139 0.131777 0.310256
v 1.077139 0.437735 0.310256
v 1.077139 0.451113 0.350095
v 1.136857 0.451113 0.350095
v 1.017421 0.694430 0.350095
v 1.017421 0.451113 0.000000
v -1.263143 0.451113 1.600000
v -1.263143 0.451113 1.380246
v -0.236382 0.451113 1.600000
v -0.236382 0.372739 1.600000
v -0.943079 0.372739 1.600000
v -0.943079 0.451113 1.600000
v 1.136857 0.451113 0.676130
v -1.263143 0.451113 0.364777
v -1.263143 0.451113 0.000000
v -1.263143 0.131777 0.676130
v -1.263143 0.451113 0.676130
v -1.263143 0.065889 0.676130
v -1.263143 0.694430 0.676130
v -1.263143 1.177021 0.676130
v 1.136857 -0.000000 0.676130
v -0.063143 -0.000000 0.676130
v -1.263143 2.521061 0.676130
v 1.136857 1.588511 1.600000
v 1.136857 1.528529 1.380246
v 1.136857 2.123941 1.380246
v 1.136857 2.000000 1.600000
v 1.136857 0.694430 1.600000
v 1.136857 0.694430 1.380246
v 1.136857 1.177021 1.380246
v 1.136857 1.177021 1.600000
v 1.136857 0.065889 1.380246
v 1.136857 0.131777 1.380246
v 1.136857 0.451113 1.380246
v 1.077139 1.177021 1.380246
v 1.077139 1.149395 1.353449
v 1.077139 1.149395 1.053297
v 1.077139 1.149395 1.003078
v 1.077139 1.177021 0.676130
v 1.077139 0.703536 1.003078
v 1.077139 0.703536 1.053297
v 1.077139 0.478740 1.053297
v 1.077139 0.478740 1.003078
v 1.077139 0.451113 0.676130
v 1.077139 0.451113 1.380246
v 1.077139 0.694430 0.676130
v 1.077139 0.694430 1.380246
v 1.077139 0.703536 1.353449
v 1.017421 0.703536 1.353449
v 1.017421 1.149395 1.353449
v 1.017421 1.149395 1.053297
v 1.077139 0.703536 0.702927
v 1.017421 0.703536 0.702927
v 1.017421 0.478740 0.702927
v 1.077139 0.478740 0.702927
v 1.017421 0.703536 1.053297
v 1.017421 0.478740 1.053297
v 1.017421 0.478740 1.353449
v 1.077139 0.478740 1.353449
v 1.017421 0.478740 1.003078
v 1.077139 1.149395 0.702927
v 1.017421 0.703536 1.003078
v 1.017421 1.149395 0.702927
v 1.017421 1.149395 1.003078
v 0.036410 1.177021 1.541351
v 0.063207 1.149395 1.541351
v 0.359908 1.149395 1.541351
v 0.417029 1.149395 1.541351
v 0.740526 1.177021 1.541351
v 0.417029 0.703536 1.541351
v 0.359908 0.703536 1.541351
v 0.359908 0.478740 1.541351
v 0.417029 0.478740 1.541351
v 0.740526 0.451114 1.541351
v 0.036410 0.451114 1.541351
v 0.741753 0.694430 1.600000
v 0.740526 0.694430 1.541351
v 0.036148 0.694430 1.600000
v 0.036410 0.694430 1.541351
v 0.036148 1.177021 1.600000
v 0.063207 0.703536 1.541351
v 0.063207 0.703536 1.481633
v 0.063207 1.149395 1.481633
v 0.359908 1.149395 1.481633
v 0.713729 0.703536 1.541351
v 0.713729 0.703536 1.481633
v 0.713729 0.478740 1.481633
v 0.713729 0.478740 1.541351
v 0.359908 0.703536 1.481633
v 0.359908 0.478740 1.481633
v 0.063207 0.478740 1.481633
v 0.063207 0.478740 1.541351
v 0.417029 0.478740 1.481633
v 0.741753 1.177021 1.600000
v 0.713729 1.149395 1.541351
v 0.417029 0.703536 1.481633
v 0.713729 1.149395 1.481633
v 0.417029 1.149395 1.481633
v -1.263143 -0.000000 0.676130
v -1.263143 -0.000000 1.380246
v -1.263143 -0.000000 0.364777
v -0.940972 1.177021 1.541351
v -0.914175 1.149395 1.541351
v -0.617474 1.149395 1.541351
v -0.560353 1.149395 1.541351
v -0.236856 1.177021 1.541351
v -1.263143 0.000000 0.000000
v -1.263143 -0.000000 1.600000
v -0.236382 0.694430 1.600000
v -0.560353 0.703536 1.541351
v -0.617474 0.703536 1.541351
v -0.617474 0.478740 1.541351
v -0.560353 0.478740 1.541351
v -0.236856 0.451114 1.541351
v -0.940972 0.451114 1.541351
v -0.236856 0.694430 1.541351
v -0.943080 0.694430 1.600000
v -0.940972 0.694430 1.541351
v -0.914175 0.703536 1.541351
v -0.914175 0.703536 1.481633
v -0.914175 1.149395 1.481633
v -0.617474 1.149395 1.481633
v -0.263653 0.703536 1.541351
v -0.263653 0.703536 1.481633
v -0.263653 0.478740 1.481633
v -0.263653 0.478740 1.541351
v -0.617474 0.703536 1.481633
v -0.617474 0.478740 1.481633
v -0.914175 0.478740 1.481633
v -0.914175 0.478740 1.541351
v -0.560353 0.478740 1.481633
v -0.236382 1.177021 1.600000
v -0.263653 1.149395 1.541351
v -0.560353 0.703536 1.481633
v -0.263653 1.149395 1.481633
v -0.560353 1.149395 1.481633
v 1.181566 1.177021 1.380246
v 1.136857 1.528529 0.357377
v 1.059498 2.212404 0.364777
v 1.059498 2.212404 0.000000
v 1.059498 2.591143 0.000000
v 1.059498 2.432341 0.364777
v 1.136857 2.591143 0.000000
v 1.136857 2.902397 0.000000
v 1.059498 1.988276 0.364777
v 1.067060 2.014720 0.334403
v 1.067060 2.014720 0.015080
v 1.067060 2.014720 0.000000
v 1.059498 1.988276 0.000000
v 1.107513 1.988276 0.000000
v 1.115075 2.014720 0.000000
v 1.115075 2.014720 0.015080
v 1.115075 2.014720 0.334403
v 1.107513 1.988276 0.364777
v 1.107513 2.210309 0.364777
v 1.136857 1.988276 0.000000
v 1.115075 2.251957 0.015080
v 1.115075 2.212404 0.000958
v 1.115075 2.212404 0.000000
v 1.115075 2.223713 0.334403
v 1.111671 2.211461 0.348076
v 1.067060 2.410089 0.334403
v 1.067060 2.546877 0.015905
v 1.067060 2.553708 0.000000
v 1.067060 2.251957 0.015510
v 1.115075 2.251957 0.334403
v 1.067060 2.251957 0.334403
v 1.115075 2.223713 0.015080
v 1.067060 2.212404 0.000000
v 1.067060 2.212404 0.001371
v 1.063648 2.212404 0.348107
v 1.067060 2.223713 0.334403
v 1.067060 2.223713 0.015463
v 1.266158 1.914314 0.000000
v 1.266158 1.988276 0.000000
v 1.266158 1.988276 0.364777
v 1.266158 1.914314 0.364777
v 1.136857 1.914314 0.000000
v 1.136857 1.914314 0.364777
v 1.266158 1.988276 0.407277
v 1.266158 1.914314 0.407277
v 1.017421 0.968096 0.000000
v 0.996899 0.763296 0.000000
v 0.996899 0.968096 0.000000
v 1.017421 0.660039 0.164534
v 1.017421 0.660039 0.000000
v 0.996899 0.660039 0.000000
v 0.996899 0.660039 0.164534
v 1.136857 1.914314 0.407277
v 1.136857 1.988276 0.407277
v -1.364451 -0.000000 0.364777
v -1.364451 0.000000 0.000000
v -0.063143 -0.000000 1.728264
v -1.364450 -0.000000 1.728264
v -1.364450 -0.000000 1.380246
v -1.364451 -0.000000 0.676130
v 1.405846 0.065889 0.676130
v 2.258743 0.065889 0.676130
v 2.258743 0.065889 0.350095
v 1.405846 0.065889 1.380246
v -1.364450 0.065889 1.728264
v -0.063143 0.065889 1.728264
v -1.364450 0.065889 1.380246
v 2.258743 0.000000 0.000000
v 2.258743 -0.000000 0.350095
v 1.405846 -0.000000 0.676130
v 2.258743 -0.000000 0.676130
v 2.258743 -0.000000 1.380246
v 1.405846 -0.000000 1.380246
v 1.405846 -0.000000 1.600000
v 1.405846 0.065889 1.600000
v 2.258743 0.065889 1.380246
v 2.258743 -0.000000 1.728263
v 2.258743 0.065889 1.728263
v 2.258743 0.057472 0.350095
v 1.136857 -0.000000 1.728264
v 1.136857 0.065889 1.728264
v -1.364451 0.065889 0.676130
v -1.364451 0.065889 0.364777
v -1.364451 0.065889 0.000000
v 1.181566 1.177021 0.350095
v 1.181566 1.177021 0.000000
v 1.136857 1.528529 0.000000
v 2.258743 0.057472 0.000000
v 0.741753 0.451113 1.650317
v 0.036148 0.451113 1.650317
v 0.036148 0.372739 1.650317
v 0.741753 0.372739 1.650317
v -0.236382 0.372739 1.650317
v -0.943079 0.372739 1.650317
v -0.943079 0.451113 1.650317
v -0.236382 0.451113 1.650317
v -0.201809 0.372739 1.650317
v -0.201809 0.451113 1.650317
v 0.776326 0.451113 1.650317
v 0.776326 0.451113 1.600000
v -0.201809 0.451113 1.600000
v -0.201809 0.372739 1.600000
v 0.001575 0.451113 1.650317
v 0.001575 0.372739 1.650317
v 0.001575 0.372739 1.600000
v 0.001575 0.451113 1.600000
v 0.776326 0.372739 1.650317
v 0.776326 0.372739 1.600000
v -0.977652 0.372739 1.600000
v -0.977652 0.372739 1.650317
v -0.977652 0.451113 1.650317
v -0.977652 0.451113 1.600000
v 0.036148 1.528529 1.600000
v 0.036148 1.177021 1.639897
v 0.741753 1.177021 1.639897
v 0.741753 1.528529 1.600000
v -0.236382 1.177021 1.639897
v -0.943080 1.177021 1.639897
v 1.181566 1.177021 0.676130
v -1.420323 2.011125 -1.844918
v -1.420323 3.026611 0.000000
v 1.294036 3.026611 0.000000
v 1.294036 2.011125 -1.844918
v 1.173327 1.976355 -1.643167
v -1.299614 1.976355 -1.643167
v -1.420323 1.898093 -1.786044
v 1.294036 1.898093 -1.786044
v -1.420323 2.902397 0.000000
v 1.294036 2.902397 0.000000
v -1.299613 2.902397 0.000000
v 1.173327 2.902397 0.000000
v -1.299614 1.888292 -1.643167
v -1.299613 2.814334 0.000000
v -1.263143 2.000000 -1.600000
v -1.263143 2.902397 0.000000
v -1.263143 2.814334 0.000000
v -1.263143 1.911937 -1.600000
v 1.173327 2.814334 0.000000
v 1.173327 1.888292 -1.643167
v 1.136857 2.814334 0.000000
v 1.136857 1.911937 -1.600000
v 1.136857 2.000000 -1.600000
v 1.136857 2.902397 0.000000
v -1.420323 2.011125 1.844918
v 1.294037 2.011125 1.844918
v 1.173327 1.976355 1.643167
v 1.294037 1.898093 1.786044
v -1.420323 1.898093 1.786044
v -1.299613 1.976355 1.643167
v -1.299613 1.888292 1.643167
v -1.263143 2.000000 1.600000
v -1.263143 1.911937 1.600000
v 1.173327 1.888292 1.643167
v 1.136857 1.911937 1.600000
v 1.136857 2.000000 1.600000
v -0.063143 2.223958 -1.401492
v -0.481216 2.223958 -1.401492
v -0.481216 2.383380 -1.401492
v -0.063143 2.779336 -1.401492
v -0.063143 2.714285 -1.401492
v -0.418428 2.388511 -1.401492
v -0.417476 2.299263 -1.401492
v -0.063143 2.299263 -1.401492
v -0.481216 2.223958 -1.156820
v -0.481216 2.383380 -1.156820
v -0.063143 2.223958 -0.673135
v -0.063143 2.779336 -0.407593
v -0.545212 2.386756 -1.449193
v -0.545212 2.386756 -1.109119
v -0.063143 2.837644 -0.333943
v -0.063143 2.837644 -1.449193
v -0.529828 2.352453 -1.109119
v -0.529828 2.352453 -1.449193
v -0.063143 2.779336 -1.449193
v -0.063143 2.779336 -0.333943
v -0.418428 2.388511 -1.265322
v -0.417477 2.299263 -1.265322
v -0.063143 2.299263 -1.265322
v -0.063143 2.714285 -1.265321
v -0.255977 2.493210 -1.378941
v -0.078224 2.654679 -1.378941
v -0.079049 2.654325 -1.330925
v -0.256398 2.493042 -1.330926
v -0.078224 2.326317 -1.330926
v -0.390219 2.326317 -1.330926
v -0.283454 2.468682 -1.330926
v -0.078828 2.468867 -1.330926
v -0.063143 2.299872 -1.378941
v -0.420592 2.299872 -1.378941
v -0.390219 2.326317 -1.378941
v -0.078224 2.326317 -1.378941
v -0.078875 2.493210 -1.330926
v -0.078224 2.493210 -1.378941
v -0.063143 2.716172 -1.378941
v -0.078224 2.468867 -1.378941
v -0.390219 2.367562 -1.378941
v -0.390219 2.367562 -1.330926
v -0.420592 2.389815 -1.378941
v -0.063143 2.661156 -1.330925
v -0.063143 2.326317 -1.330926
v -0.283050 2.468867 -1.378941
v 0.291190 2.299263 -1.401492
v 0.292141 2.388511 -1.401492
v 0.354929 2.383380 -1.401492
v 0.354929 2.223958 -1.401492
v 0.354929 2.383380 -1.156820
v 0.354929 2.223958 -1.156820
v 0.418925 2.386756 -1.449193
v 0.418925 2.386756 -1.109119
v 0.403542 2.352453 -1.449193
v 0.403542 2.352453 -1.109119
v 0.291190 2.299263 -1.265322
v 0.292141 2.388511 -1.265322
v 0.129691 2.493210 -1.378941
v 0.130111 2.493042 -1.330926
v -0.047238 2.654325 -1.330925
v -0.048063 2.654679 -1.378941
v -0.048063 2.326317 -1.330926
v -0.047459 2.468867 -1.330926
v 0.157168 2.468682 -1.330926
v 0.263932 2.326317 -1.330926
v -0.048063 2.326317 -1.378941
v 0.263932 2.326317 -1.378941
v 0.294306 2.299872 -1.378941
v -0.047412 2.493210 -1.330926
v -0.048063 2.493210 -1.378941
v -0.048063 2.468867 -1.378941
v 0.263932 2.367562 -1.330926
v 0.263932 2.367562 -1.378941
v 0.294306 2.389815 -1.378941
v 0.156764 2.468867 -1.378941
v -0.063143 2.223958 1.401492
v -0.063143 2.299263 1.401492
v -0.417476 2.299263 1.401492
v -0.418428 2.388511 1.401492
v -0.063143 2.714285 1.401492
v -0.063143 2.779336 1.401492
v -0.481216 2.383380 1.401492
v -0.481216 2.223958 1.401492
v -0.481216 2.383380 1.156820
v -0.481216 2.223958 1.156820
v -0.063143 2.223958 0.673135
v -0.063143 2.779336 0.407593
v -0.545212 2.386756 1.449193
v -0.063143 2.837644 1.449193
v -0.063143 2.837644 0.333943
v -0.545212 2.386756 1.109119
v -0.529828 2.352453 1.449193
v -0.529828 2.352453 1.109119
v -0.063143 2.779336 1.449193
v -0.063143 2.779336 0.333943
v -0.417476 2.299263 1.265322
v -0.418428 2.388511 1.265322
v -0.063143 2.299263 1.265322
v -0.063143 2.714285 1.265322
v -0.255977 2.493210 1.378941
v -0.256398 2.493042 1.330925
v -0.079048 2.654325 1.330925
v -0.078224 2.654679 1.378942
v -0.078224 2.326317 1.330925
v -0.078827 2.468867 1.330925
v -0.283454 2.468682 1.330925
v -0.390218 2.326317 1.330925
v -0.063143 2.299872 1.378941
v -0.078224 2.326317 1.378941
v -0.390218 2.326317 1.378941
v -0.420592 2.299872 1.378941
v -0.078875 2.493210 1.330925
v -0.078224 2.493210 1.378941
v -0.078224 2.468867 1.378941
v -0.063143 2.716172 1.378942
v -0.390218 2.367562 1.330925
v -0.390218 2.367562 1.378941
v -0.420592 2.389815 1.378941
v -0.063143 2.326317 1.330925
v -0.063143 2.661156 1.330925
v -0.283050 2.468867 1.378941
v 0.354929 2.223958 1.401492
v 0.354929 2.383380 1.401492
v 0.292141 2.388511 1.401492
v 0.291190 2.299263 1.401492
v 0.354929 2.223958 1.156820
v 0.354929 2.383380 1.156820
v 0.418925 2.386756 1.449193
v 0.418925 2.386756 1.109118
v 0.403542 2.352453 1.109118
v 0.403542 2.352453 1.449193
v 0.292141 2.388511 1.265322
v 0.291190 2.299263 1.265322
v 0.129691 2.493210 1.378941
v -0.048063 2.654679 1.378942
v -0.047238 2.654325 1.330925
v 0.130112 2.493042 1.330925
v -0.048063 2.326317 1.330925
v 0.263932 2.326317 1.330925
v 0.157168 2.468682 1.330925
v -0.047459 2.468867 1.330925
v 0.294306 2.299872 1.378941
v 0.263932 2.326317 1.378941
v -0.048063 2.326317 1.378941
v -0.047412 2.493210 1.330925
v -0.048063 2.493210 1.378941
v -0.048063 2.468867 1.378941
v 0.263932 2.367562 1.378941
v 0.263932 2.367562 1.330925
v 0.294306 2.389815 1.378941
v 0.156764 2.468867 1.378941
v 1.312300 0.054367 -1.563005
v 1.312300 0.637544 -1.563005
v 1.173635 0.637544 -1.563005
v 1.173635 0.054367 -1.563005
v 1.173635 0.637544 -1.598355
v 1.173635 0.054367 -1.598355
v 1.312300 0.637544 -1.598355
v 1.312300 0.054367 -1.598355
v 1.242968 0.718434 -1.598355
v 1.242968 0.718434 -1.563005
v 1.492564 0.054367 -1.563005
v 1.492564 0.637544 -1.563005
v 1.353899 0.637544 -1.563005
v 1.353899 0.054367 -1.563005
v 1.353899 0.637544 -1.598355
v 1.353899 0.054367 -1.598355
v 1.492564 0.637544 -1.598355
v 1.492564 0.054367 -1.598355
v 1.423231 0.718434 -1.598355
v 1.423231 0.718434 -1.563005
v 1.672827 0.054367 -1.563005
v 1.672827 0.637544 -1.563005
v 1.534163 0.637544 -1.563005
v 1.534163 0.054367 -1.563005
v 1.534163 0.637544 -1.598355
v 1.534163 0.054367 -1.598355
v 1.672827 0.637544 -1.598355
v 1.672827 0.054367 -1.598355
v 1.603495 0.718434 -1.598355
v 1.603495 0.718434 -1.563005
v 1.853091 0.054367 -1.563005
v 1.853091 0.637544 -1.563005
v 1.714427 0.637544 -1.563005
v 1.714427 0.054367 -1.563005
v 1.714427 0.637544 -1.598355
v 1.714427 0.054367 -1.598355
v 1.853091 0.637544 -1.598355
v 1.853091 0.054367 -1.598355
v 1.783759 0.718434 -1.598355
v 1.783759 0.718434 -1.563005
v 2.033355 0.054367 -1.563005
v 2.033355 0.637544 -1.563005
v 1.894691 0.637544 -1.563005
v 1.894691 0.054367 -1.563005
v 1.894691 0.637544 -1.598355
v 1.894691 0.054367 -1.598355
v 2.033355 0.637544 -1.598355
v 2.033355 0.054367 -1.598355
v 1.964023 0.718434 -1.598355
v 1.964023 0.718434 -1.563005
v 2.213619 0.054367 -1.563005
v 2.213619 0.637544 -1.563005
v 2.074955 0.637544 -1.563005
v 2.074955 0.054367 -1.563005
v 2.074955 0.637544 -1.598355
v 2.074955 0.054367 -1.598355
v 2.213619 0.637544 -1.598355
v 2.213619 0.054367 -1.598355
v 2.144287 0.718434 -1.598355
v 2.144287 0.718434 -1.563005
v 1.312300 0.054367 1.563005
v 1.173636 0.054367 1.563005
v 1.173636 0.637544 1.563005
v 1.312300 0.637544 1.563005
v 1.173636 0.054367 1.598355
v 1.173636 0.637544 1.598355
v 1.312300 0.054367 1.598354
v 1.312300 0.637544 1.598354
v 1.242968 0.718434 1.598355
v 1.242968 0.718434 1.563005
v 1.492564 0.054367 1.563005
v 1.353899 0.054367 1.563005
v 1.353899 0.637544 1.563005
v 1.492564 0.637544 1.563005
v 1.353899 0.054367 1.598354
v 1.353899 0.637544 1.598354
v 1.492564 0.054367 1.598354
v 1.492564 0.637544 1.598354
v 1.423232 0.718434 1.598354
v 1.423232 0.718434 1.563005
v 1.672828 0.054367 1.563005
v 1.534163 0.054367 1.563005
v 1.534163 0.637544 1.563005
v 1.672828 0.637544 1.563005
v 1.534163 0.054367 1.598354
v 1.534163 0.637544 1.598354
v 1.672828 0.054367 1.598354
v 1.672828 0.637544 1.598354
v 1.603495 0.718434 1.598354
v 1.603495 0.718434 1.563005
v 1.853091 0.054367 1.563005
v 1.714427 0.054367 1.563005
v 1.714427 0.637544 1.563005
v 1.853091 0.637544 1.563005
v 1.714427 0.054367 1.598354
v 1.714427 0.637544 1.598354
v 1.853091 0.054367 1.598354
v 1.853091 0.637544 1.598354
v 1.783759 0.718434 1.598354
v 1.783759 0.718434 1.563005
v 2.033355 0.054367 1.563005
v 1.894691 0.054367 1.563005
v 1.894691 0.637544 1.563005
v 2.033355 0.637544 1.563005
v 1.894691 0.054367 1.598354
v 1.894691 0.637544 1.598354
v 2.033355 0.054367 1.598354
v 2.033355 0.637544 1.598354
v 1.964023 0.718434 1.598354
v 1.964023 0.718434 1.563005
v 2.213619 0.054367 1.563005
v 2.074955 0.054367 1.563005
v 2.074955 0.637544 1.563005
v 2.213619 0.637544 1.563005
v 2.074955 0.054367 1.598354
v 2.074955 0.637544 1.598354
v 2.213619 0.054367 1.598354
v 2.213619 0.637544 1.598354
v 2.144287 0.718434 1.598354
v 2.144287 0.718434 1.563005
v 1.135540 0.436616 -1.540898
v 2.212252 0.436616 -1.540898
v 2.212252 0.558589 -1.540898
v 1.135540 0.558589 -1.540898
v 2.212252 0.558589 -1.576248
v 1.135540 0.558589 -1.576248
v 2.212252 0.436616 -1.576248
v 1.135540 0.436616 -1.576248
v 1.135540 0.436616 1.540898
v 1.135540 0.558589 1.540898
v 2.212252 0.558589 1.540898
v 2.212252 0.436616 1.540898
v 1.135540 0.558589 1.576248
v 2.212252 0.558589 1.576248
v 1.135540 0.436616 1.576248
v 2.212252 0.436616 1.576248
v 1.135540 0.097983 -1.540898
v 2.212252 0.097983 -1.540898
v 2.212252 0.219957 -1.540898
v 1.135540 0.219957 -1.540898
v 2.212252 0.219957 -1.576248
v 1.135540 0.219957 -1.576248
v 2.212252 0.097983 -1.576248
v 1.135540 0.097983 -1.576248
v 1.135540 0.097983 1.540898
v 1.135540 0.219957 1.540898
v 2.212252 0.219957 1.540898
v 2.212252 0.097983 1.540898
v 1.135540 0.219957 1.576248
v 2.212252 0.219957 1.576248
v 1.135540 0.097983 1.576248
v 2.212252 0.097983 1.576248
v 2.179529 0.054367 -1.404748
v 2.179529 0.637544 -1.404748
v 2.179529 0.637544 -1.538949
v 2.179529 0.054367 -1.538949
v 2.214879 0.637544 -1.538949
v 2.214879 0.054367 -1.538949
v 2.214879 0.637544 -1.404748
v 2.214879 0.054367 -1.404748
v 2.214879 0.718434 -1.471849
v 2.179529 0.718434 -1.471849
v 2.179529 0.054367 -1.230286
v 2.179529 0.637544 -1.230286
v 2.179529 0.637544 -1.364488
v 2.179529 0.054367 -1.364488
v 2.214879 0.637544 -1.364488
v 2.214879 0.054367 -1.364488
v 2.214879 0.637544 -1.230286
v 2.214879 0.054367 -1.230286
v 2.214879 0.718434 -1.297387
v 2.179529 0.718434 -1.297387
v 2.179529 0.054367 -1.055824
v 2.179529 0.637544 -1.055824
v 2.179529 0.637544 -1.190026
v 2.179529 0.054367 -1.190026
v 2.214879 0.637544 -1.190026
v 2.214879 0.054367 -1.190026
v 2.214879 0.637544 -1.055824
v 2.214879 0.054367 -1.055824
v 2.214879 0.718434 -1.122925
v 2.179529 0.718434 -1.122925
v 2.179529 0.054367 -0.881363
v 2.179529 0.637544 -0.881363
v 2.179529 0.637544 -1.015564
v 2.179529 0.054367 -1.015564
v 2.214879 0.637544 -1.015564
v 2.214879 0.054367 -1.015564
v 2.214879 0.637544 -0.881363
v 2.214879 0.054367 -0.881363
v 2.214879 0.718434 -0.948463
v 2.179529 0.718434 -0.948463
v 2.179529 0.054367 -0.706901
v 2.179529 0.637544 -0.706901
v 2.179529 0.637544 -0.841102
v 2.179529 0.054367 -0.841102
v 2.214879 0.637544 -0.841102
v 2.214879 0.054367 -0.841102
v 2.214879 0.637544 -0.706901
v 2.214879 0.054367 -0.706901
v 2.214879 0.718434 -0.774002
v 2.179529 0.718434 -0.774002
v 2.179529 0.054367 -0.532439
v 2.179529 0.637544 -0.532439
v 2.179529 0.637544 -0.666640
v 2.179529 0.054367 -0.666640
v 2.214879 0.637544 -0.666640
v 2.214879 0.054367 -0.666640
v 2.214879 0.637544 -0.532439
v 2.214879 0.054367 -0.532439
v 2.214879 0.718434 -0.599540
v 2.179529 0.718434 -0.599540
v 2.179529 0.054367 -0.357977
v 2.179529 0.637544 -0.357977
v 2.179529 0.637544 -0.492179
v 2.179529 0.054367 -0.492179
v 2.214879 0.637544 -0.492179
v 2.214879 0.054367 -0.492179
v 2.214879 0.637544 -0.357977
v 2.214879 0.054367 -0.357977
v 2.214879 0.718434 -0.425078
v 2.179529 0.718434 -0.425078
v 2.179529 0.054367 1.404748
v 2.179529 0.054367 1.538949
v 2.179529 0.637544 1.538949
v 2.179529 0.637544 1.404748
v 2.214879 0.054367 1.538949
v 2.214879 0.637544 1.538949
v 2.214879 0.054367 1.404748
v 2.214879 0.637544 1.404748
v 2.214879 0.718434 1.471848
v 2.179529 0.718434 1.471848
v 2.179529 0.054367 1.230286
v 2.179529 0.054367 1.364488
v 2.179529 0.637544 1.364488
v 2.179529 0.637544 1.230286
v 2.214879 0.054367 1.364488
v 2.214879 0.637544 1.364488
v 2.214879 0.054367 1.230286
v 2.214879 0.637544 1.230286
v 2.214879 0.718434 1.297387
v 2.179529 0.718434 1.297387
v 2.179529 0.054367 1.055824
v 2.179529 0.054367 1.190026
v 2.179529 0.637544 1.190026
v 2.179529 0.637544 1.055824
v 2.214879 0.054367 1.190026
v 2.214879 0.637544 1.190026
v 2.214879 0.054367 1.055824
v 2.214879 0.637544 1.055824
v 2.214879 0.718434 1.122925
v 2.179529 0.718434 1.122925
v 2.179529 0.054367 0.881363
v 2.179529 0.054367 1.015564
v 2.179529 0.637544 1.015564
v 2.179529 0.637544 0.881363
v 2.214879 0.054367 1.015564
v 2.214879 0.637544 1.015564
v 2.214879 0.054367 0.881363
v 2.214879 0.637544 0.881363
v 2.214879 0.718434 0.948463
v 2.179529 0.718434 0.948463
v 2.179529 0.054367 0.706901
v 2.179529 0.054367 0.841102
v 2.179529 0.637544 0.841102
v 2.179529 0.637544 0.706901
v 2.214879 0.054367 0.841102
v 2.214879 0.637544 0.841102
v 2.214879 0.054367 0.706901
v 2.214879 0.637544 0.706901
v 2.214879 0.718434 0.774001
v 2.179529 0.718434 0.774001
v 2.179529 0.054367 0.532439
v 2.179529 0.054367 0.666640
v 2.179529 0.637544 0.666640
v 2.179529 0.637544 0.532439
v 2.214879 0.054367 0.666640
v 2.214879 0.637544 0.666640
v 2.214879 0.054367 0.532439
v 2.214879 0.637544 0.532439
v 2.214879 0.718434 0.599540
v 2.179529 0.718434 0.599540
v 2.179529 0.054367 0.357977
v 2.179529 0.054367 0.492179
v 2.179529 0.637544 0.492179
v 2.179529 0.637544 0.357977
v 2.214879 0.054367 0.492179
v 2.214879 0.637544 0.492179
v 2.214879 0.054367 0.357977
v 2.214879 0.637544 0.357977
v 2.214879 0.718434 0.425078
v 2.179529 0.718434 0.425078
v 2.157422 0.436616 -1.543075
v 2.157422 0.436616 -0.354266
v 2.157422 0.558589 -0.354266
v 2.157422 0.558589 -1.543075
v 2.192771 0.558589 -0.354266
v 2.192772 0.558589 -1.543075
v 2.192771 0.436616 -0.354266
v 2.192772 0.436616 -1.543075
v 2.157422 0.436615 1.543074
v 2.157422 0.558589 1.543074
v 2.157422 0.558589 0.354266
v 2.157422 0.436615 0.354266
v 2.192771 0.558589 1.543074
v 2.192771 0.558589 0.354266
v 2.192771 0.436615 1.543074
v 2.192771 0.436615 0.354266
v 2.157422 0.097983 -1.543075
v 2.157422 0.097983 -0.354266
v 2.157422 0.219957 -0.354266
v 2.157422 0.219957 -1.543075
v 2.192771 0.219957 -0.354266
v 2.192772 0.219957 -1.543075
v 2.192771 0.097983 -0.354266
v 2.192772 0.097983 -1.543075
v 2.157422 0.097983 1.543074
v 2.157422 0.219957 1.543074
v 2.157422 0.219957 0.354266
v 2.157422 0.097983 0.354266
v 2.192771 0.219957 1.543074
v 2.192771 0.219957 0.354266
v 2.192771 0.097983 1.543074
v 2.192771 0.097983 0.354266
v 1.359010 0.000217 -1.086312
v 1.359010 0.241330 -1.086312
v 1.359010 0.241330 -0.932554
v 1.359010 0.000217 -0.932554
v 1.218424 0.000217 -1.133896
v 1.218424 0.241330 -1.133896
v 1.311426 0.241330 -1.133896
v 1.311426 0.000217 -1.133896
v 1.170840 0.241330 -1.086312
v 1.170840 0.241330 -0.932554
v 1.218424 0.241330 -0.884970
v 1.311426 0.241330 -0.884970
v 1.311426 0.000217 -0.884970
v 1.218424 0.000217 -0.884970
v 1.170840 0.000217 -0.932554
v 1.170840 0.000217 -1.086312
v 1.278721 0.342097 -0.906624
v 1.251640 0.492731 -0.868473
v 1.185699 0.474720 -0.896452
v 1.200373 0.330638 -0.912749
v 1.156135 0.427182 -1.121676
v 1.168685 0.730023 -1.111792
v 1.167407 0.627912 -1.160935
v 1.165802 0.414759 -1.163436
v 1.259888 0.452529 -1.184490
v 1.255994 0.738957 -1.144604
v 1.334201 0.649124 -1.121277
v 1.338663 0.475611 -1.153013
v 1.362276 0.360902 -0.949808
v 1.355351 0.548860 -0.938495
v 1.332134 0.434343 -0.923639
v 1.341124 0.314634 -0.921693
v 1.256019 0.240324 -1.079525
v 1.259821 0.205854 -1.102251
v 1.313038 0.168838 -1.089810
v 1.312100 0.143033 -1.068652
v 1.259213 0.646311 -0.914856
v 1.257917 0.847054 -1.095489
v 1.255061 0.972108 -1.060818
v 1.372167 0.753329 -1.009134
v 1.358853 0.672446 -1.077183
v 1.255122 1.065679 -1.041661
v 1.261882 0.955621 -0.994912
v 1.365995 0.733502 -0.973845
v 1.373871 0.731331 -0.995224
v 1.267395 0.845989 -0.957330
v 1.264930 0.757126 -0.931251
v 1.354022 0.644549 -0.951614
v 1.358798 0.705743 -0.958413
v 1.263695 0.198380 -0.956633
v 1.259614 0.208155 -0.981002
v 1.319573 0.196187 -0.979209
v 1.318340 0.210938 -0.957868
v 1.262515 0.191329 -0.997848
v 1.261812 0.204865 -1.015755
v 1.318737 0.175066 -1.014362
v 1.319889 0.184913 -0.996736
v 1.262343 0.180753 -1.034081
v 1.262284 0.195124 -1.052064
v 1.317278 0.133595 -1.047772
v 1.318199 0.148027 -1.030195
v 1.352780 0.530197 -1.112231
v 1.373740 0.558412 -1.072045
v 1.399210 0.455770 -1.050260
v 1.409287 0.441915 -1.025245
v 1.410265 0.415391 -1.003711
v 1.376401 0.336219 -0.977620
v 1.179425 0.375929 -0.940851
v 1.171218 0.568704 -0.924568
v 1.166192 0.655653 -0.952999
v 1.171095 0.389401 -0.975262
v 1.169616 0.459293 -0.999835
v 1.169075 0.701722 -0.976124
v 1.164515 0.730323 -1.004995
v 1.151540 0.481305 -1.027789
v 1.155346 0.467964 -1.057077
v 1.170361 0.745227 -1.031239
v 1.168006 0.772423 -1.064019
v 1.158691 0.466160 -1.087036
v 1.196726 0.248839 -1.035699
v 1.198368 0.236741 -1.052730
v 1.203558 0.215999 -0.999455
v 1.205571 0.268254 -1.018515
v 1.208423 0.227358 -0.958391
v 1.210974 0.212361 -0.981406
v 1.202889 0.254572 -1.080121
v 1.203243 0.240126 -1.103324
v 1.311262 0.227833 -0.937092
v 1.266659 0.215920 -0.932405
v 1.220985 0.205596 -0.937290
v 1.878941 0.049861 -0.018019
v 1.878941 0.066562 -0.018019
v 1.881610 0.066562 0.009113
v 1.881610 0.049861 0.009113
v 1.821461 0.049861 0.067943
v 1.821461 0.066562 0.067943
v 1.791989 0.066562 0.067119
v 1.791989 0.049861 0.067119
v 1.711864 0.049861 0.006314
v 1.711864 0.066562 0.006314
v 1.697042 0.066562 -0.033222
v 1.697042 0.049861 -0.033222
v 1.766961 0.049861 -0.067025
v 1.766961 0.066562 -0.067025
v 1.816287 0.066562 -0.069668
v 1.816287 0.049861 -0.069668
v 1.760776 0.049861 -0.015587
v 1.727431 0.049861 -0.058182
v 1.807687 0.066562 -0.034429
v 1.862719 0.066562 -0.052156
v 1.853041 0.066562 0.050629
v 1.836890 0.066562 -0.002526
v 1.744491 0.049861 0.040294
v 1.798788 0.049861 0.016140
v 1.744491 0.066562 0.040294
v 1.862719 0.049861 -0.052156
v 1.836890 0.049861 -0.002526
v 1.807687 0.049861 -0.034429
v 1.853041 0.049861 0.050629
v 1.798788 0.066562 0.016140
v 1.760776 0.066562 -0.015587
v 1.727431 0.066562 -0.058182
v 1.501641 0.049861 0.233480
v 1.501641 0.066562 0.233480
v 1.464449 0.066562 0.210930
v 1.464449 0.049861 0.210930
v 1.439196 0.049861 0.110342
v 1.439196 0.066562 0.110342
v 1.451091 0.066562 0.052855
v 1.451091 0.049861 0.052855
v 1.521596 0.049861 0.059528
v 1.521596 0.066562 0.059528
v 1.549383 0.066562 0.085948
v 1.549383 0.049861 0.085948
v 1.596882 0.049861 0.178901
v 1.596882 0.066562 0.178901
v 1.591446 0.066562 0.236672
v 1.591446 0.049861 0.236672
v 1.529001 0.049861 0.121741
v 1.583340 0.049861 0.128018
v 1.539236 0.066562 0.177499
v 1.545131 0.066562 0.242463
v 1.443313 0.066562 0.163582
v 1.494068 0.066562 0.171925
v 1.487850 0.049861 0.049502
v 1.488037 0.049861 0.114873
v 1.487850 0.066562 0.049502
v 1.545131 0.049861 0.242463
v 1.494068 0.049861 0.171925
v 1.539236 0.049861 0.177499
v 1.443313 0.049861 0.163582
v 1.488037 0.066562 0.114873
v 1.529001 0.066562 0.121741
v 1.583340 0.066562 0.128018
v 1.698201 0.049861 -0.096532
v 1.698201 0.066562 -0.096532
v 1.682544 0.066562 -0.063562
v 1.682544 0.049861 -0.063562
v 1.592349 0.049861 -0.073062
v 1.592349 0.066562 -0.073062
v 1.559049 0.066562 -0.098396
v 1.559049 0.049861 -0.098396
v 1.560422 0.049861 -0.228003
v 1.560422 0.066562 -0.228003
v 1.581541 0.066562 -0.285404
v 1.581541 0.049861 -0.285404
v 1.657286 0.049861 -0.242858
v 1.657286 0.066562 -0.242858
v 1.689259 0.066562 -0.200878
v 1.689259 0.049861 -0.200878
v 1.610461 0.049861 -0.209808
v 1.619759 0.049861 -0.271990
v 1.651651 0.066562 -0.178844
v 1.701571 0.066562 -0.142939
v 1.635073 0.066562 -0.063863
v 1.649552 0.066562 -0.120465
v 1.553144 0.049861 -0.164853
v 1.606046 0.049861 -0.143259
v 1.553144 0.066562 -0.164853
v 1.701571 0.049861 -0.142939
v 1.649552 0.049861 -0.120465
v 1.651651 0.049861 -0.178844
v 1.635073 0.049861 -0.063863
v 1.606046 0.066562 -0.143259
v 1.610461 0.066562 -0.209808
v 1.619759 0.066562 -0.271990
v 1.829473 0.049861 0.137305
v 1.829473 0.066562 0.137305
v 1.831806 0.066562 0.164586
v 1.831806 0.049861 0.164586
v 1.753461 0.049861 0.239203
v 1.753461 0.066562 0.239203
v 1.712715 0.066562 0.243763
v 1.712715 0.049861 0.243763
v 1.652143 0.049861 0.159856
v 1.652143 0.066562 0.159856
v 1.642978 0.066562 0.114406
v 1.642978 0.049861 0.114406
v 1.725955 0.049861 0.070739
v 1.725955 0.066562 0.070739
v 1.772638 0.066562 0.075329
v 1.772638 0.049861 0.075329
v 1.702933 0.049861 0.138228
v 1.680965 0.049861 0.083468
v 1.751585 0.066562 0.122318
v 1.810403 0.066562 0.106314
v 1.794634 0.066562 0.213498
v 1.777587 0.066562 0.159547
v 1.676036 0.049861 0.203765
v 1.731183 0.049861 0.182478
v 1.676036 0.066562 0.203765
v 1.810403 0.049861 0.106314
v 1.777587 0.049861 0.159547
v 1.751585 0.049861 0.122318
v 1.794634 0.049861 0.213498
v 1.731183 0.066562 0.182478
v 1.702933 0.066562 0.138228
v 1.680965 0.066562 0.083468
v 1.878769 0.049861 -0.122782
v 1.878769 0.066562 -0.122782
v 1.866251 0.066562 -0.099365
v 1.866251 0.049861 -0.099365
v 1.761636 0.049861 -0.098662
v 1.761636 0.066562 -0.098662
v 1.725079 0.066562 -0.116673
v 1.725079 0.049861 -0.116673
v 1.722907 0.049861 -0.225093
v 1.722907 0.066562 -0.225093
v 1.740767 0.066562 -0.268069
v 1.740767 0.049861 -0.268069
v 1.819900 0.049861 -0.287705
v 1.819900 0.066562 -0.287705
v 1.861719 0.066562 -0.230270
v 1.861719 0.049861 -0.230270
v 1.772152 0.049861 -0.226244
v 1.783939 0.049861 -0.283832
v 1.818803 0.066562 -0.213759
v 1.878928 0.066562 -0.167336
v 1.812008 0.066562 -0.100514
v 1.823709 0.066562 -0.161466
v 1.717793 0.049861 -0.173450
v 1.773473 0.049861 -0.167406
v 1.717793 0.066562 -0.173450
v 1.878928 0.049861 -0.167336
v 1.823709 0.049861 -0.161466
v 1.818803 0.049861 -0.213759
v 1.812008 0.049861 -0.100514
v 1.773473 0.066562 -0.167406
v 1.772152 0.066562 -0.226244
v 1.783939 0.066562 -0.283832
v 1.984157 0.049861 0.051448
v 1.984157 0.066562 0.051448
v 2.018665 0.066562 0.081315
v 2.018665 0.049861 0.081315
v 2.021362 0.049861 0.155133
v 2.021362 0.066562 0.155133
v 2.004128 0.066562 0.188977
v 2.004128 0.049861 0.188977
v 1.908271 0.049861 0.197910
v 1.908271 0.066562 0.197910
v 1.866967 0.066562 0.181986
v 1.866967 0.049861 0.181986
v 1.866747 0.049861 0.076179
v 1.866747 0.066562 0.076179
v 1.892491 0.066562 0.032707
v 1.892491 0.049861 0.032707
v 1.914755 0.049861 0.140954
v 1.857209 0.049861 0.127481
v 1.927755 0.066562 0.092133
v 1.941240 0.066562 0.034320
v 2.026219 0.066562 0.116761
v 1.977491 0.066562 0.103711
v 1.954941 0.049861 0.200057
v 1.967057 0.049861 0.145858
v 1.954941 0.066562 0.200057
v 1.941240 0.049861 0.034320
v 1.977491 0.049861 0.103711
v 1.927755 0.049861 0.092133
v 2.026219 0.049861 0.116761
v 1.967057 0.066562 0.145858
v 1.914755 0.066562 0.140954
v 1.857209 0.066562 0.127481
v 2.049897 0.049861 -0.214097
v 2.049897 0.066562 -0.214097
v 2.051232 0.066562 -0.181484
v 2.051232 0.049861 -0.181484
v 1.992623 0.049861 -0.089798
v 1.992623 0.066562 -0.089798
v 1.946230 0.066562 -0.071534
v 1.946230 0.049861 -0.071534
v 1.896500 0.049861 -0.140073
v 1.896500 0.066562 -0.140073
v 1.882284 0.066562 -0.183286
v 1.882284 0.049861 -0.183286
v 1.952608 0.049861 -0.259494
v 1.952608 0.066562 -0.259494
v 1.999716 0.066562 -0.273985
v 1.999716 0.049861 -0.273985
v 1.938060 0.049861 -0.179352
v 1.911796 0.049861 -0.228910
v 1.981735 0.066562 -0.212156
v 2.032534 0.066562 -0.246049
v 2.029610 0.066562 -0.126646
v 2.005350 0.066562 -0.176888
v 1.919009 0.049861 -0.102341
v 1.964116 0.049861 -0.140488
v 1.919009 0.066562 -0.102341
v 2.032534 0.049861 -0.246049
v 2.005350 0.049861 -0.176888
v 1.981735 0.049861 -0.212156
v 2.029610 0.049861 -0.126646
v 1.964116 0.066562 -0.140488
v 1.938060 0.066562 -0.179352
v 1.911796 0.066562 -0.228910
v 2.183423 0.049861 0.028614
v 2.183423 0.066562 0.028614
v 2.217211 0.066562 0.044357
v 2.217211 0.049861 0.044357
v 2.234977 0.049861 0.165665
v 2.234977 0.066562 0.165665
v 2.228843 0.066562 0.232342
v 2.228843 0.049861 0.232342
v 2.139647 0.049861 0.218501
v 2.139647 0.066562 0.218501
v 2.095869 0.066562 0.200780
v 2.095869 0.049861 0.200780
v 2.084028 0.049861 0.095743
v 2.084028 0.066562 0.095743
v 2.106410 0.066562 0.049517
v 2.106410 0.049861 0.049517
v 2.137522 0.049861 0.157538
v 2.079669 0.049861 0.147779
v 2.143857 0.066562 0.097526
v 2.145682 0.066562 0.029878
v 2.231877 0.066562 0.101282
v 2.187003 0.066562 0.095210
v 2.184992 0.049861 0.228366
v 2.184089 0.049861 0.160724
v 2.184992 0.066562 0.228366
v 2.145682 0.049861 0.029878
v 2.187003 0.049861 0.095210
v 2.143857 0.049861 0.097526
v 2.231877 0.049861 0.101282
v 2.184089 0.066562 0.160724
v 2.137522 0.066562 0.157538
v 2.079669 0.066562 0.147779
v 2.155248 0.049861 -0.255578
v 2.155248 0.066562 -0.255578
v 2.182697 0.066562 -0.233088
v 2.182697 0.049861 -0.233088
v 2.223608 0.049861 -0.116840
v 2.223608 0.066562 -0.116840
v 2.211507 0.066562 -0.062288
v 2.211507 0.049861 -0.062288
v 2.138059 0.049861 -0.074645
v 2.138059 0.066562 -0.074645
v 2.095556 0.066562 -0.096193
v 2.095556 0.049861 -0.096193
v 2.067624 0.049861 -0.209302
v 2.067624 0.066562 -0.209302
v 2.077524 0.066562 -0.265686
v 2.077524 0.049861 -0.265686
v 2.126071 0.049861 -0.139242
v 2.071900 0.049861 -0.155138
v 2.120113 0.066562 -0.203941
v 2.119242 0.066562 -0.266533
v 2.215225 0.066562 -0.175164
v 2.161368 0.066562 -0.195107
v 2.177624 0.049861 -0.064233
v 2.169235 0.049861 -0.131251
v 2.177624 0.066562 -0.064233
v 2.119242 0.049861 -0.266533
v 2.161368 0.049861 -0.195107
v 2.120113 0.049861 -0.203941
v 2.215225 0.049861 -0.175164
v 2.169235 0.066562 -0.131251
v 2.126071 0.066562 -0.139242
v 2.071900 0.066562 -0.155138
v 1.538444 0.049861 -0.109146
v 1.538444 0.066562 -0.109146
v 1.526282 0.066562 -0.066054
v 1.526282 0.049861 -0.066054
v 1.448698 0.049861 -0.044983
v 1.448698 0.066562 -0.044983
v 1.422680 0.066562 -0.066053
v 1.422680 0.049861 -0.066053
v 1.423756 0.049861 -0.192075
v 1.423756 0.066562 -0.192075
v 1.437160 0.066562 -0.244957
v 1.437160 0.049861 -0.244957
v 1.504080 0.049861 -0.207697
v 1.504080 0.066562 -0.207697
v 1.528947 0.066562 -0.174141
v 1.528947 0.049861 -0.174141
v 1.467588 0.049861 -0.179055
v 1.471600 0.049861 -0.232764
v 1.501394 0.066562 -0.157375
v 1.539139 0.066562 -0.134580
v 1.484465 0.066562 -0.043688
v 1.498518 0.066562 -0.111410
v 1.427985 0.049861 -0.138443
v 1.466340 0.049861 -0.122281
v 1.427985 0.066562 -0.138443
v 1.539139 0.049861 -0.134580
v 1.498518 0.049861 -0.111410
v 1.501394 0.049861 -0.157375
v 1.484465 0.049861 -0.043688
v 1.466340 0.066562 -0.122281
v 1.467588 0.066562 -0.179055
v 1.471600 0.066562 -0.232764
v 1.687110 0.049861 0.010033
v 1.687110 0.066562 0.010033
v 1.693798 0.066562 0.032902
v 1.693798 0.049861 0.032902
v 1.640843 0.049861 0.089889
v 1.640843 0.066562 0.089889
v 1.611412 0.066562 0.088025
v 1.611412 0.049861 0.088025
v 1.526384 0.049861 0.018221
v 1.526384 0.066562 0.018221
v 1.509122 0.066562 -0.022288
v 1.509122 0.049861 -0.022288
v 1.579246 0.049861 -0.050719
v 1.579246 0.066562 -0.050719
v 1.624731 0.066562 -0.045551
v 1.624731 0.049861 -0.045551
v 1.573186 0.049861 0.002315
v 1.540729 0.049861 -0.046004
v 1.615975 0.066562 -0.009120
v 1.663264 0.066562 -0.014938
v 1.669785 0.066562 0.072150
v 1.645866 0.066562 0.025388
v 1.561174 0.049861 0.055541
v 1.611772 0.049861 0.038913
v 1.561174 0.066562 0.055541
v 1.663264 0.049861 -0.014938
v 1.645866 0.049861 0.025388
v 1.615975 0.049861 -0.009120
v 1.669785 0.049861 0.072150
v 1.611772 0.066562 0.038913
v 1.573186 0.066562 0.002315
v 1.540729 0.066562 -0.046004
v 2.122314 0.049861 -0.032179
v 2.122314 0.066562 -0.032179
v 2.125040 0.066562 -0.005092
v 2.125040 0.049861 -0.005092
v 2.059942 0.049861 0.054820
v 2.059942 0.066562 0.054820
v 2.028381 0.066562 0.055135
v 2.028381 0.049861 0.055135
v 1.945979 0.049861 0.002690
v 1.945979 0.066562 0.002690
v 1.941740 0.066562 -0.032459
v 1.941740 0.049861 -0.032459
v 2.006525 0.049861 -0.075925
v 2.006525 0.066562 -0.075925
v 2.056396 0.066562 -0.082038
v 2.056396 0.049861 -0.082038
v 1.997701 0.049861 -0.022879
v 1.968821 0.049861 -0.062891
v 2.046084 0.066562 -0.045776
v 2.105283 0.066562 -0.066099
v 2.093947 0.066562 0.036836
v 2.076099 0.066562 -0.015460
v 1.978546 0.049861 0.032029
v 2.035273 0.049861 0.005159
v 1.978546 0.066562 0.032029
v 2.105283 0.049861 -0.066099
v 2.076099 0.049861 -0.015460
v 2.046084 0.049861 -0.045776
v 2.093947 0.049861 0.036836
v 2.035273 0.066562 0.005159
v 1.997701 0.066562 -0.022879
v 1.968821 0.066562 -0.062891
v -0.815663 2.831130 0.225247
v -0.815663 3.218936 0.225248
v -1.114584 3.218936 0.225248
v -1.114584 2.831130 0.225247
v -1.114584 3.218936 -0.225246
v -1.114584 2.831130 -0.225247
v -0.815663 3.218936 -0.225246
v -0.815663 2.831130 -0.225247
v -1.143174 3.218936 0.268335
v -1.143174 3.218936 -0.268333
v -0.787073 3.218936 -0.268333
v -1.143174 3.390789 -0.268333
v -0.787073 3.390789 -0.268333
v -0.787073 3.218936 0.268335
v -0.787073 3.390789 0.268335
v -0.855730 3.390789 -0.194103
v -0.855730 3.390789 0.194105
v -1.143174 3.390789 0.268335
v -0.855730 3.269667 -0.194103
v -1.074517 3.269667 -0.194103
v -1.074517 3.040885 -0.194104
v -0.855730 3.040885 -0.194104
v -1.074517 3.390789 0.194105
v -1.074517 3.390789 -0.194103
v -1.074517 3.040885 0.194104
v -0.855730 3.040885 0.194104
v -1.074517 3.269667 0.194105
v -0.855730 3.269667 0.194105
v 1.090771 0.139830 -0.203520
v 1.090771 0.139830 0.000000
v 1.321244 0.139830 0.000000
v 1.321244 0.139830 -0.203520
v 1.321244 0.131777 -0.203520
v 1.090771 0.131777 -0.203520
v 1.090771 0.131777 0.000000
v 1.321244 0.131777 0.000000
v 1.090771 0.139830 0.203520
v 1.321244 0.139830 0.203520
v 1.321244 0.139830 0.000000
v 1.090771 0.139830 0.000000
v 1.321244 0.131777 0.203520
v 1.090771 0.131777 0.203520
v 1.090771 0.131777 0.000000
v 1.321244 0.131777 0.000000
v 1.359010 0.000217 0.941031
v 1.359010 0.241330 0.941031
v 1.359010 0.241330 1.094789
v 1.359010 0.000217 1.094789
v 1.218424 0.000217 0.893447
v 1.218424 0.241330 0.893447
v 1.311426 0.241330 0.893447
v 1.311426 0.000217 0.893447
v 1.170840 0.241330 0.941031
v 1.170840 0.241330 1.094789
v 1.218424 0.241330 1.142373
v 1.311426 0.241330 1.142373
v 1.311426 0.000217 1.142373
v 1.218424 0.000217 1.142373
v 1.170840 0.000217 1.094789
v 1.170840 0.000217 0.941031
v 1.278721 0.342097 1.120719
v 1.251640 0.492731 1.158870
v 1.185698 0.474720 1.130891
v 1.200373 0.330638 1.114594
v 1.156135 0.427182 0.905666
v 1.168685 0.730023 0.915550
v 1.167406 0.627912 0.866408
v 1.165801 0.414759 0.863907
v 1.259888 0.452529 0.842853
v 1.255994 0.738957 0.882739
v 1.334201 0.649124 0.906066
v 1.338663 0.475611 0.874330
v 1.362276 0.360902 1.077535
v 1.355351 0.548860 1.088848
v 1.332134 0.434343 1.103704
v 1.341124 0.314634 1.105650
v 1.256018 0.240324 0.947818
v 1.259821 0.205854 0.925092
v 1.313038 0.168838 0.937533
v 1.312100 0.143033 0.958691
v 1.259213 0.646311 1.112487
v 1.257917 0.847054 0.931854
v 1.255060 0.972108 0.966525
v 1.372166 0.753329 1.018209
v 1.358852 0.672446 0.950160
v 1.255121 1.065679 0.985682
v 1.261881 0.955621 1.032431
v 1.365995 0.733502 1.053497
v 1.373871 0.731331 1.032118
v 1.267395 0.845989 1.070012
v 1.264929 0.757126 1.096092
v 1.354021 0.644549 1.075729
v 1.358798 0.705743 1.068930
v 1.263695 0.198380 1.070710
v 1.259613 0.208155 1.046341
v 1.319572 0.196187 1.048134
v 1.318339 0.210938 1.069475
v 1.262514 0.191329 1.029495
v 1.261812 0.204865 1.011587
v 1.318737 0.175066 1.012981
v 1.319888 0.184913 1.030606
v 1.262342 0.180753 0.993262
v 1.262283 0.195124 0.975278
v 1.317278 0.133595 0.979571
v 1.318198 0.148027 0.997147
v 1.352780 0.530197 0.915111
v 1.373740 0.558412 0.955298
v 1.399209 0.455770 0.977083
v 1.409286 0.441915 1.002097
v 1.410264 0.415391 1.023632
v 1.376400 0.336219 1.049722
v 1.179424 0.375929 1.086492
v 1.171217 0.568704 1.102775
v 1.166191 0.655653 1.074344
v 1.171095 0.389401 1.052081
v 1.169615 0.459293 1.027508
v 1.169074 0.701722 1.051219
v 1.164514 0.730323 1.022348
v 1.151540 0.481305 0.999554
v 1.155346 0.467964 0.970266
v 1.170361 0.745227 0.996103
v 1.168006 0.772423 0.963323
v 1.158690 0.466160 0.940307
v 1.196726 0.248839 0.991644
v 1.198367 0.236741 0.974613
v 1.203557 0.215999 1.027888
v 1.205570 0.268254 1.008828
v 1.208422 0.227358 1.068951
v 1.210974 0.212361 1.045937
v 1.202888 0.254572 0.947222
v 1.203243 0.240126 0.924019
v 1.311262 0.227833 1.090251
v 1.266658 0.215920 1.094938
v 1.220984 0.205596 1.090053
v 1.024799 0.170457 -1.652194
v 1.024799 1.987116 -1.652194
v 1.020815 1.987116 -1.632165
v 1.020815 0.170457 -1.632165
v 1.009470 1.987116 -1.615185
v 1.009470 0.170457 -1.615185
v 0.992490 1.987116 -1.603840
v 0.992490 0.170457 -1.603840
v 0.972461 1.987116 -1.599856
v 0.972461 0.170457 -1.599856
v 0.952432 1.987116 -1.603840
v 0.952432 0.170457 -1.603840
v 0.935452 1.987116 -1.615185
v 0.935452 0.170457 -1.615185
v 0.924107 1.987116 -1.632165
v 0.924107 0.170457 -1.632165
v 0.920123 1.987116 -1.652194
v 0.920123 0.170457 -1.652194
v 0.924107 1.987116 -1.672223
v 0.924107 0.170457 -1.672223
v 0.935452 1.987116 -1.689203
v 0.935452 0.170457 -1.689203
v 0.952432 1.987116 -1.700548
v 0.952432 0.170457 -1.700548
v 0.972461 1.987116 -1.704532
v 0.972461 0.170457 -1.704532
v 0.992490 1.987116 -1.700548
v 0.992490 0.170457 -1.700548
v 1.009470 1.987116 -1.689203
v 1.009470 0.170457 -1.689203
v 1.020815 1.987116 -1.672223
v 1.020815 0.170457 -1.672223
v 0.966927 0.135518 -1.599856
v 0.985976 0.129328 -1.603840
v 0.966927 0.135518 -1.704533
v 0.985976 0.129328 -1.700549
v 0.967071 0.092226 -1.700549
v 0.950867 0.103999 -1.704533
v 0.920939 0.150460 -1.672223
v 0.917150 0.151691 -1.652194
v 1.002125 0.124081 -1.689203
v 1.002125 0.124081 -1.615185
v 1.012915 0.120575 -1.632165
v 0.920939 0.150460 -1.632165
v 0.931730 0.146954 -1.615185
v 0.947878 0.141707 -1.700549
v 0.947878 0.141707 -1.603840
v 0.931730 0.146954 -1.689203
v 1.012915 0.120575 -1.672223
v 1.016704 0.119344 -1.652194
v 0.920927 0.125752 -1.689203
v 0.934664 0.115771 -1.700549
v 0.914081 0.095189 -1.700549
v 0.904101 0.108926 -1.689204
v 0.920927 0.125752 -1.615185
v 0.934664 0.115771 -1.603840
v 0.980808 0.082245 -1.689203
v 0.911748 0.132421 -1.632165
v 0.989987 0.075577 -1.672223
v 0.908525 0.134762 -1.652194
v 0.989987 0.075577 -1.632165
v 0.993210 0.073235 -1.652194
v 0.911748 0.132421 -1.672223
v 0.980808 0.082245 -1.615185
v 0.967071 0.092226 -1.603840
v 0.950867 0.103999 -1.599856
v 0.956617 0.036642 -1.652195
v 0.954276 0.039866 -1.632166
v 0.909277 0.016938 -1.632166
v 0.910508 0.013149 -1.652195
v 0.925854 0.078985 -1.599856
v 0.937627 0.062781 -1.603840
v 0.925854 0.078985 -1.704533
v 0.914081 0.095189 -1.603840
v 0.937626 0.062781 -1.700549
v 0.904101 0.108926 -1.615186
v 0.947607 0.049044 -1.689204
v 0.897432 0.118105 -1.632166
v 0.954276 0.039866 -1.672224
v 0.895090 0.121328 -1.652195
v 0.897432 0.118105 -1.672224
v 0.947607 0.049044 -1.615186
v 0.888146 0.081974 -1.603840
v 0.882899 0.098123 -1.615186
v 0.859396 0.094401 -1.615186
v 0.859396 0.077421 -1.603841
v 0.909277 0.016938 -1.672224
v 0.879393 0.108913 -1.672224
v 0.878161 0.112702 -1.652195
v 0.905771 0.027728 -1.615186
v 0.882899 0.098123 -1.689204
v 0.900524 0.043877 -1.603840
v 0.888146 0.081974 -1.700549
v 0.894335 0.062925 -1.599856
v 0.894335 0.062925 -1.704533
v 0.900524 0.043877 -1.700549
v 0.905771 0.027728 -1.689204
v 0.879393 0.108913 -1.632166
v 0.859396 0.094401 -1.689204
v 0.859396 0.077421 -1.700549
v 0.785174 0.077421 -1.700549
v 0.785174 0.094401 -1.689204
v 0.859396 0.020383 -1.689204
v 0.859396 0.037363 -1.700549
v 0.859396 0.105746 -1.632166
v 0.859396 0.009037 -1.672224
v 0.859396 0.109730 -1.652195
v 0.859396 0.009037 -1.632166
v 0.859396 0.005053 -1.652195
v 0.859396 0.105746 -1.672224
v 0.859396 0.020383 -1.615186
v 0.859396 0.037363 -1.603841
v 0.859396 0.057391 -1.599857
v 0.859396 0.057391 -1.704533
v 0.785174 0.073384 -1.690803
v 0.785174 0.057392 -1.693984
v 0.862118 0.057392 -1.693984
v 0.862118 0.073384 -1.690803
v 0.785174 0.057392 -1.599856
v 0.785174 0.037363 -1.603841
v 0.785174 0.057392 -1.704533
v 0.785174 0.077421 -1.603841
v 0.785174 0.037363 -1.700549
v 0.785174 0.094401 -1.615186
v 0.785174 0.020383 -1.689204
v 0.785174 0.105746 -1.632166
v 0.785174 0.009037 -1.672224
v 0.785174 0.109730 -1.652195
v 0.785174 0.009037 -1.632166
v 0.785174 0.005053 -1.652195
v 0.785174 0.105746 -1.672224
v 0.785174 0.020383 -1.615186
v 0.785174 0.018784 -1.636203
v 0.785174 0.015603 -1.652195
v 0.785174 0.005053 -1.652195
v 0.785174 0.009037 -1.632166
v 0.785174 0.027843 -1.622646
v 0.785174 0.020383 -1.615186
v 0.785174 0.041400 -1.613587
v 0.785174 0.037363 -1.603841
v 0.785174 0.057392 -1.610406
v 0.785174 0.057392 -1.599856
v 0.785174 0.073384 -1.613587
v 0.785174 0.077421 -1.603841
v 0.785174 0.086941 -1.622646
v 0.785174 0.094401 -1.615186
v 0.785174 0.096000 -1.636203
v 0.785174 0.105746 -1.632166
v 0.785174 0.099181 -1.652195
v 0.785174 0.109730 -1.652195
v 0.785174 0.096000 -1.668187
v 0.785174 0.105746 -1.672224
v 0.785174 0.086941 -1.681744
v 0.785174 0.094401 -1.689204
v 0.785174 0.073384 -1.690803
v 0.785174 0.077421 -1.700549
v 0.785174 0.057392 -1.693984
v 0.785174 0.057392 -1.704533
v 0.785174 0.041400 -1.690803
v 0.785174 0.037363 -1.700549
v 0.785174 0.027843 -1.681744
v 0.785174 0.020383 -1.689204
v 0.785174 0.018784 -1.668187
v 0.785174 0.009037 -1.672224
v 0.785174 0.057392 -1.610406
v 0.785174 0.073384 -1.613587
v 0.862118 0.073384 -1.613587
v 0.862118 0.057392 -1.610406
v 0.785174 0.041400 -1.690803
v 0.862118 0.041400 -1.690803
v 0.785174 0.086941 -1.622646
v 0.862118 0.086941 -1.622646
v 0.785174 0.027843 -1.681744
v 0.862118 0.027842 -1.681744
v 0.785174 0.096000 -1.636203
v 0.862118 0.096000 -1.636203
v 0.785174 0.018784 -1.668187
v 0.862118 0.018784 -1.668187
v 0.785174 0.099181 -1.652195
v 0.862118 0.099181 -1.652195
v 0.785174 0.015603 -1.652195
v 0.785174 0.018784 -1.636203
v 0.862118 0.018784 -1.636203
v 0.862118 0.015603 -1.652195
v 0.785174 0.096000 -1.668187
v 0.862118 0.096000 -1.668187
v 0.785174 0.027843 -1.622646
v 0.862118 0.027842 -1.622646
v 0.785174 0.086941 -1.681744
v 0.862118 0.086941 -1.681744
v 0.785174 0.041400 -1.613587
v 0.862118 0.041400 -1.613587
v 1.024800 0.170457 1.652194
v 1.020815 0.170457 1.632165
v 1.020815 1.987116 1.632165
v 1.024800 1.987116 1.652194
v 1.009470 0.170457 1.615185
v 1.009470 1.987116 1.615185
v 0.992490 0.170457 1.603840
v 0.992490 1.987116 1.603840
v 0.972461 0.170457 1.599856
v 0.972461 1.987116 1.599856
v 0.952432 0.170457 1.603840
v 0.952432 1.987116 1.603840
v 0.935452 0.170457 1.615185
v 0.935452 1.987116 1.615185
v 0.924107 0.170457 1.632165
v 0.924107 1.987116 1.632165
v 0.920123 0.170457 1.652194
v 0.920123 1.987116 1.652194
v 0.924107 0.170457 1.672223
v 0.924107 1.987116 1.672223
v 0.935452 0.170457 1.689203
v 0.935452 1.987116 1.689203
v 0.952432 0.170457 1.700548
v 0.952432 1.987116 1.700548
v 0.972461 0.170457 1.704532
v 0.972461 1.987116 1.704532
v 0.992490 0.170457 1.700548
v 0.992490 1.987116 1.700548
v 1.009470 0.170457 1.689203
v 1.009470 1.987116 1.689203
v 1.020815 0.170457 1.672223
v 1.020815 1.987116 1.672223
v 0.985976 0.129328 1.603840
v 0.966927 0.135518 1.599856
v 0.966927 0.135518 1.704533
v 0.950868 0.103999 1.704533
v 0.967071 0.092226 1.700549
v 0.985976 0.129328 1.700549
v 0.917150 0.151691 1.652194
v 0.920940 0.150460 1.672223
v 1.002125 0.124081 1.689203
v 1.012915 0.120575 1.632165
v 1.002125 0.124081 1.615185
v 0.931730 0.146954 1.615185
v 0.920940 0.150460 1.632165
v 0.947879 0.141707 1.700549
v 0.947879 0.141707 1.603840
v 0.931730 0.146954 1.689203
v 1.012915 0.120575 1.672223
v 1.016704 0.119344 1.652194
v 0.920927 0.125752 1.689203
v 0.904101 0.108926 1.689204
v 0.914081 0.095189 1.700549
v 0.934664 0.115771 1.700549
v 0.934664 0.115771 1.603840
v 0.920927 0.125752 1.615185
v 0.980808 0.082245 1.689203
v 0.911748 0.132421 1.632165
v 0.989987 0.075577 1.672223
v 0.908525 0.134762 1.652194
v 0.993210 0.073235 1.652194
v 0.989987 0.075577 1.632165
v 0.911748 0.132421 1.672223
v 0.980808 0.082245 1.615185
v 0.967072 0.092226 1.603840
v 0.950868 0.103999 1.599856
v 0.956618 0.036642 1.652194
v 0.910509 0.013149 1.652195
v 0.909277 0.016938 1.632166
v 0.954276 0.039866 1.632166
v 0.937627 0.062781 1.603840
v 0.925854 0.078985 1.599856
v 0.925854 0.078985 1.704533
v 0.914081 0.095189 1.603840
v 0.937627 0.062781 1.700549
v 0.904101 0.108926 1.615186
v 0.947607 0.049044 1.689204
v 0.897432 0.118105 1.632165
v 0.954276 0.039866 1.672224
v 0.895090 0.121328 1.652194
v 0.897432 0.118105 1.672224
v 0.947607 0.049044 1.615186
v 0.888146 0.081974 1.603840
v 0.859396 0.077421 1.603841
v 0.859396 0.094401 1.615186
v 0.882899 0.098123 1.615186
v 0.909277 0.016938 1.672224
v 0.878162 0.112702 1.652195
v 0.879393 0.108913 1.672224
v 0.905771 0.027728 1.615186
v 0.882899 0.098123 1.689204
v 0.900524 0.043877 1.603840
v 0.888146 0.081974 1.700549
v 0.894335 0.062925 1.599856
v 0.894335 0.062925 1.704533
v 0.900524 0.043877 1.700549
v 0.905771 0.027728 1.689204
v 0.879393 0.108913 1.632166
v 0.859396 0.094401 1.689204
v 0.785175 0.094401 1.689204
v 0.785174 0.077421 1.700549
v 0.859396 0.077421 1.700549
v 0.859396 0.037363 1.700549
v 0.859396 0.020383 1.689204
v 0.859396 0.105746 1.632166
v 0.859396 0.009037 1.672224
v 0.859396 0.109730 1.652195
v 0.859396 0.005053 1.652195
v 0.859396 0.009037 1.632166
v 0.859396 0.105746 1.672224
v 0.859396 0.020383 1.615186
v 0.859396 0.037363 1.603841
v 0.859396 0.057391 1.599857
v 0.859396 0.057391 1.704533
v 0.785174 0.073384 1.690803
v 0.862118 0.073384 1.690803
v 0.862118 0.057392 1.693984
v 0.785174 0.057392 1.693984
v 0.785174 0.037363 1.603841
v 0.785174 0.057392 1.599856
v 0.785174 0.057392 1.704533
v 0.785174 0.077421 1.603841
v 0.785174 0.037363 1.700549
v 0.785175 0.094401 1.615186
v 0.785174 0.020383 1.689204
v 0.785175 0.105746 1.632166
v 0.785174 0.009037 1.672224
v 0.785175 0.109730 1.652195
v 0.785175 0.005053 1.652195
v 0.785174 0.009037 1.632166
v 0.785175 0.105746 1.672224
v 0.785175 0.020383 1.615186
v 0.785175 0.018784 1.636203
v 0.785174 0.009037 1.632166
v 0.785175 0.005053 1.652195
v 0.785175 0.015603 1.652195
v 0.785175 0.027843 1.622646
v 0.785175 0.020383 1.615186
v 0.785174 0.041400 1.613587
v 0.785174 0.037363 1.603841
v 0.785174 0.057392 1.610406
v 0.785174 0.057392 1.599856
v 0.785174 0.073384 1.613587
v 0.785174 0.077421 1.603841
v 0.785175 0.086941 1.622646
v 0.785175 0.094401 1.615186
v 0.785175 0.096000 1.636203
v 0.785175 0.105746 1.632166
v 0.785175 0.099181 1.652195
v 0.785175 0.109730 1.652195
v 0.785175 0.096000 1.668187
v 0.785175 0.105746 1.672224
v 0.785175 0.086941 1.681744
v 0.785175 0.094401 1.689204
v 0.785174 0.073384 1.690803
v 0.785174 0.077421 1.700549
v 0.785174 0.057392 1.693984
v 0.785174 0.057392 1.704533
v 0.785174 0.041400 1.690803
v 0.785174 0.037363 1.700549
v 0.785174 0.027843 1.681744
v 0.785174 0.020383 1.689204
v 0.785174 0.018784 1.668187
v 0.785174 0.009037 1.672224
v 0.785174 0.057392 1.610406
v 0.862118 0.057392 1.610406
v 0.862118 0.073384 1.613587
v 0.785174 0.073384 1.613587
v 0.862118 0.041400 1.690803
v 0.785174 0.041400 1.690803
v 0.862118 0.086941 1.622646
v 0.785175 0.086941 1.622646
v 0.862118 0.027842 1.681744
v 0.785174 0.027843 1.681744
v 0.862118 0.096000 1.636203
v 0.785175 0.096000 1.636203
v 0.862118 0.018784 1.668187
v 0.785174 0.018784 1.668187
v 0.862118 0.099181 1.652195
v 0.785175 0.099181 1.652195
v 0.785175 0.015603 1.652195
v 0.862118 0.015603 1.652195
v 0.862118 0.018784 1.636203
v 0.785175 0.018784 1.636203
v 0.862118 0.096000 1.668187
v 0.785175 0.096000 1.668187
v 0.862118 0.027842 1.622646
v 0.785175 0.027843 1.622646
v 0.862118 0.086941 1.681744
v 0.785175 0.086941 1.681744
v 0.862118 0.041400 1.613587
v 0.785174 0.041400 1.613587
v 1.062274 0.601869 0.232361
v 1.073833 0.597081 0.232361
v 1.073833 0.593922 0.216478
v 1.062274 0.598345 0.214645
v 1.001945 0.555576 0.232361
v 1.003578 0.567980 0.232361
v 1.003578 0.567036 0.227614
v 1.091375 0.579539 0.232361
v 1.096163 0.567980 0.232361
v 1.096163 0.567036 0.227614
v 1.091375 0.577715 0.223191
v 1.015982 0.589465 0.232361
v 1.025907 0.597081 0.232361
v 1.025907 0.593922 0.216478
v 1.015982 0.586885 0.219392
v 1.049870 0.603502 0.232361
v 1.049870 0.599854 0.214020
v 1.083759 0.589465 0.232361
v 1.083759 0.586885 0.219392
v 1.008365 0.579539 0.232361
v 1.008365 0.577715 0.223191
v 1.037466 0.601869 0.232361
v 1.037466 0.598345 0.214645
v 1.097796 0.555576 0.232361
v 1.091375 0.572520 0.215417
v 1.083759 0.579539 0.208398
v 1.015982 0.579539 0.208398
v 1.008365 0.572520 0.215417
v 1.049870 0.589465 0.198472
v 1.037466 0.588310 0.199627
v 1.073833 0.584924 0.203012
v 1.003578 0.564347 0.223590
v 1.096163 0.564347 0.223590
v 1.025907 0.584924 0.203012
v 1.062274 0.588310 0.199627
v 1.003578 0.560323 0.220901
v 1.096163 0.560323 0.220901
v 1.091375 0.564746 0.210222
v 1.025907 0.571459 0.194015
v 1.015982 0.568545 0.201052
v 1.062274 0.573292 0.189592
v 1.049870 0.573916 0.188083
v 1.083759 0.568545 0.201052
v 1.008365 0.564746 0.210222
v 1.037466 0.573292 0.189592
v 1.073833 0.571459 0.194015
v 1.083759 0.555576 0.198472
v 1.073833 0.555576 0.190856
v 1.008365 0.555576 0.208398
v 1.003578 0.555576 0.219957
v 1.096163 0.555576 0.219957
v 1.037466 0.555576 0.186068
v 1.025907 0.555576 0.190856
v 1.062274 0.555576 0.186068
v 1.091375 0.555576 0.208398
v 1.015982 0.555576 0.198472
v 1.049870 0.555576 0.184435
v 1.091375 0.546406 0.210222
v 1.083759 0.542608 0.201052
v 1.015982 0.542608 0.201052
v 1.008365 0.546406 0.210222
v 1.049870 0.537236 0.188083
v 1.037466 0.537861 0.189592
v 1.073833 0.539693 0.194015
v 1.003578 0.550829 0.220901
v 1.096163 0.550829 0.220901
v 1.025907 0.539693 0.194015
v 1.062274 0.537861 0.189592
v 1.073833 0.526228 0.203012
v 1.062274 0.522842 0.199627
v 1.003578 0.546805 0.223590
v 1.096163 0.546805 0.223590
v 1.091375 0.538632 0.215417
v 1.025907 0.526228 0.203012
v 1.015982 0.531613 0.208398
v 1.049870 0.521688 0.198472
v 1.083759 0.531613 0.208398
v 1.008365 0.538632 0.215417
v 1.037466 0.522842 0.199627
v 1.083759 0.524267 0.219392
v 1.073833 0.517231 0.216478
v 1.008365 0.533437 0.223191
v 1.003578 0.544116 0.227614
v 1.096163 0.544116 0.227614
v 1.037466 0.512807 0.214645
v 1.025907 0.517231 0.216478
v 1.062274 0.512807 0.214645
v 1.091375 0.533437 0.223191
v 1.015982 0.524267 0.219392
v 1.049870 0.511299 0.214020
v 1.062274 0.509284 0.232361
v 1.049870 0.507650 0.232361
v 1.091375 0.531613 0.232361
v 1.083759 0.521688 0.232361
v 1.015982 0.521688 0.232361
v 1.008365 0.531613 0.232361
v 1.037466 0.509284 0.232361
v 1.073833 0.514071 0.232361
v 1.003578 0.543172 0.232361
v 1.096163 0.543172 0.232361
v 1.025907 0.514071 0.232361
v 1.073833 0.517231 0.248244
v 1.062274 0.512807 0.250076
v 1.003578 0.544116 0.237108
v 1.096163 0.544116 0.237108
v 1.091375 0.533437 0.241531
v 1.025907 0.517231 0.248244
v 1.015982 0.524267 0.245329
v 1.049870 0.511299 0.250701
v 1.083759 0.524267 0.245329
v 1.008365 0.533437 0.241531
v 1.037466 0.512807 0.250076
v 1.049870 0.521688 0.266249
v 1.037466 0.522842 0.265095
v 1.083759 0.531613 0.256324
v 1.073833 0.526228 0.261709
v 1.008365 0.538632 0.249305
v 1.003578 0.546805 0.241132
v 1.096163 0.546805 0.241132
v 1.025907 0.526228 0.261709
v 1.062274 0.522842 0.265095
v 1.091375 0.538632 0.249305
v 1.015982 0.531613 0.256324
v 1.062274 0.537861 0.275130
v 1.049870 0.537236 0.276638
v 1.091375 0.546406 0.254500
v 1.083759 0.542608 0.263670
v 1.015982 0.542608 0.263670
v 1.008365 0.546406 0.254500
v 1.037466 0.537861 0.275130
v 1.073833 0.539693 0.270706
v 1.003578 0.550829 0.243821
v 1.096163 0.550829 0.243821
v 1.025907 0.539693 0.270706
v 1.037466 0.555576 0.278653
v 1.025907 0.555576 0.273866
v 1.073833 0.555576 0.273866
v 1.062274 0.555576 0.278653
v 1.003578 0.555576 0.244765
v 1.096163 0.555576 0.244765
v 1.091375 0.555576 0.256324
v 1.015982 0.555576 0.266249
v 1.049870 0.555576 0.280286
v 1.083759 0.555576 0.266249
v 1.008365 0.555576 0.256324
v 1.049870 0.573916 0.276638
v 1.037466 0.573292 0.275130
v 1.083759 0.568545 0.263670
v 1.073833 0.571459 0.270706
v 1.008365 0.564746 0.254500
v 1.003578 0.560323 0.243821
v 1.096163 0.560323 0.243821
v 1.025907 0.571459 0.270706
v 1.062274 0.573292 0.275130
v 1.091375 0.564746 0.254500
v 1.015982 0.568545 0.263670
v 1.025907 0.584924 0.261709
v 1.015982 0.579539 0.256324
v 1.062274 0.588310 0.265095
v 1.049870 0.589465 0.266249
v 1.091375 0.572520 0.249305
v 1.083759 0.579539 0.256324
v 1.008365 0.572520 0.249305
v 1.037466 0.588310 0.265095
v 1.073833 0.584924 0.261709
v 1.003578 0.564347 0.241132
v 1.096163 0.564347 0.241132
v 1.096163 0.567036 0.237108
v 1.037466 0.598345 0.250076
v 1.025907 0.593922 0.248244
v 1.073833 0.593922 0.248244
v 1.062274 0.598345 0.250076
v 1.003578 0.567036 0.237108
v 1.091375 0.577715 0.241531
v 1.015982 0.586885 0.245329
v 1.049870 0.599854 0.250701
v 1.083759 0.586885 0.245329
v 1.008365 0.577715 0.241531
v 1.986306 0.061861 -0.464107
v 1.986306 0.531429 -0.464107
v 1.958118 0.531429 -0.464107
v 1.958118 0.061861 -0.464107
v 1.958118 0.061861 -0.464107
v 1.958118 0.531429 -0.464107
v 1.958118 0.531429 -0.492295
v 1.958118 0.061861 -0.492295
v 1.958118 0.061861 -0.492295
v 1.958118 0.531429 -0.492295
v 1.986306 0.531429 -0.492295
v 1.986306 0.061861 -0.492295
v 1.986306 0.061861 -0.492295
v 1.986306 0.531429 -0.492295
v 1.986306 0.531429 -0.464107
v 1.986306 0.061861 -0.464107
v 1.958118 0.061861 -0.464107
v 1.958118 0.061861 -0.492295
v 1.986306 0.061861 -0.492295
v 1.986306 0.061861 -0.464107
v 1.958118 0.531429 -0.492295
v 1.958118 0.531429 -0.464107
v 1.986306 0.531429 -0.464107
v 1.986306 0.531429 -0.492295
v 1.894447 0.502489 -0.597619
v 1.894447 0.580418 -0.597619
v 1.900354 0.610115 -0.597619
v 1.917176 0.635291 -0.597619
v 1.942352 0.652113 -0.597619
v 1.972212 0.658020 -0.597619
v 2.002072 0.652113 -0.597619
v 2.027248 0.635291 -0.597619
v 2.044070 0.610115 -0.597619
v 2.049978 0.580418 -0.597619
v 2.049978 0.502489 -0.597619
v 2.035283 0.606475 -0.358783
v 2.020523 0.628565 -0.358783
v 2.020523 0.628565 -0.351998
v 2.035283 0.606475 -0.351998
v 1.894447 0.502489 -0.358783
v 1.894447 0.502489 -0.597619
v 2.049978 0.502489 -0.597619
v 2.049978 0.502489 -0.358783
v 1.894447 0.502489 -0.358783
v 1.894447 0.580418 -0.358783
v 1.894447 0.580418 -0.597619
v 1.894447 0.502489 -0.597619
v 1.972212 0.658020 -0.358783
v 1.972212 0.658020 -0.597619
v 1.942352 0.652113 -0.597619
v 1.942352 0.652113 -0.358783
v 1.917176 0.635291 -0.597619
v 1.917176 0.635291 -0.358783
v 1.900354 0.610115 -0.597619
v 1.900354 0.610115 -0.358783
v 2.002072 0.652113 -0.358783
v 2.002072 0.652113 -0.597619
v 2.027248 0.635291 -0.358783
v 2.027248 0.635291 -0.597619
v 2.044070 0.610115 -0.358783
v 2.044070 0.610115 -0.597619
v 2.049978 0.580418 -0.358783
v 2.049978 0.580418 -0.597619
v 2.049978 0.502489 -0.597619
v 2.049978 0.502489 -0.358783
v 2.040649 0.511817 -0.358783
v 1.903775 0.511817 -0.358783
v 1.894447 0.502489 -0.358783
v 2.049978 0.502489 -0.358783
v 1.923901 0.628565 -0.358783
v 1.945987 0.643323 -0.358783
v 1.942352 0.652113 -0.358783
v 1.917176 0.635291 -0.358783
v 1.909141 0.606475 -0.358783
v 1.900354 0.610115 -0.358783
v 1.903775 0.579499 -0.358783
v 1.894447 0.580418 -0.358783
v 1.972212 0.648511 -0.358783
v 1.998437 0.643323 -0.358783
v 2.002072 0.652113 -0.358783
v 1.972212 0.658020 -0.358783
v 2.020523 0.628565 -0.358783
v 2.027248 0.635291 -0.358783
v 2.035283 0.606475 -0.358783
v 2.044070 0.610115 -0.358783
v 2.040649 0.579499 -0.358783
v 2.049978 0.580418 -0.358783
v 2.040649 0.511817 -0.351998
v 2.040649 0.579499 -0.351998
v 2.035283 0.606475 -0.351998
v 2.020523 0.628565 -0.351998
v 1.998437 0.643323 -0.351998
v 1.972212 0.648511 -0.351998
v 1.945987 0.643323 -0.351998
v 1.923901 0.628565 -0.351998
v 1.909141 0.606475 -0.351998
v 1.903775 0.579499 -0.351998
v 1.903775 0.511817 -0.351998
v 1.909141 0.606475 -0.358783
v 1.903775 0.579499 -0.358783
v 1.903775 0.579499 -0.351998
v 1.909141 0.606475 -0.351998
v 1.972212 0.648511 -0.358783
v 1.945987 0.643323 -0.358783
v 1.945987 0.643323 -0.351998
v 1.972212 0.648511 -0.351998
v 1.903775 0.511817 -0.358783
v 2.040649 0.511817 -0.358783
v 2.040649 0.511817 -0.351998
v 1.903775 0.511817 -0.351998
v 2.040649 0.579499 -0.358783
v 2.040649 0.579499 -0.351998
v 1.998437 0.643323 -0.358783
v 1.998437 0.643323 -0.351998
v 1.923901 0.628565 -0.358783
v 1.923901 0.628565 -0.351998
v 2.040649 0.511817 -0.358783
v 2.040649 0.511817 -0.351998
v 1.903775 0.511817 -0.358783
v 1.903775 0.511817 -0.351998
v 1.967003 0.626623 -0.331496
v 1.962585 0.626623 -0.334448
v 1.963875 0.621809 -0.334448
v 1.967701 0.624018 -0.331496
v 1.959634 0.626623 -0.338865
v 1.958597 0.626623 -0.344075
v 1.960422 0.619815 -0.344075
v 1.961319 0.620333 -0.338865
v 1.959634 0.626623 -0.349286
v 1.962585 0.626623 -0.353703
v 1.963875 0.621809 -0.353703
v 1.961319 0.620333 -0.349286
v 1.967003 0.626623 -0.356654
v 1.972213 0.626623 -0.357691
v 1.967701 0.624018 -0.356654
v 1.972213 0.626623 -0.330460
v 1.967399 0.618285 -0.353703
v 1.965924 0.615729 -0.349286
v 1.969608 0.622111 -0.356654
v 1.969608 0.622111 -0.331496
v 1.965924 0.615729 -0.338865
v 1.967399 0.618285 -0.334448
v 1.965405 0.614832 -0.344075
v 1.972213 0.621413 -0.331496
v 1.972213 0.614044 -0.338865
v 1.972213 0.616995 -0.334448
v 1.972213 0.614044 -0.349286
v 1.972213 0.613007 -0.344075
v 1.972213 0.621413 -0.356654
v 1.972213 0.616995 -0.353703
v 1.974818 0.622111 -0.356654
v 1.977027 0.618285 -0.353703
v 1.977027 0.618285 -0.334448
v 1.974818 0.622111 -0.331496
v 1.979021 0.614832 -0.344075
v 1.978503 0.615729 -0.338865
v 1.978503 0.615729 -0.349286
v 1.980551 0.621809 -0.334448
v 1.976725 0.624018 -0.331496
v 1.984004 0.619815 -0.344075
v 1.983107 0.620333 -0.338865
v 1.980551 0.621809 -0.353703
v 1.983107 0.620333 -0.349286
v 1.976725 0.624018 -0.356654
v 1.977423 0.626623 -0.356654
v 1.977423 0.626623 -0.331496
v 1.984792 0.626623 -0.338865
v 1.981841 0.626623 -0.334448
v 1.984792 0.626623 -0.349286
v 1.985829 0.626623 -0.344075
v 1.981841 0.626623 -0.353703
v 1.983107 0.632913 -0.338865
v 1.980551 0.631437 -0.334448
v 1.983107 0.632913 -0.349286
v 1.984004 0.633431 -0.344075
v 1.976725 0.629228 -0.356654
v 1.980551 0.631437 -0.353703
v 1.976725 0.629228 -0.331496
v 1.977027 0.634961 -0.334448
v 1.974818 0.631135 -0.331496
v 1.979021 0.638415 -0.344075
v 1.978503 0.637517 -0.338865
v 1.977027 0.634961 -0.353703
v 1.978503 0.637517 -0.349286
v 1.974818 0.631135 -0.356654
v 1.972213 0.640239 -0.344075
v 1.972213 0.639202 -0.338865
v 1.972213 0.636251 -0.353703
v 1.972213 0.639202 -0.349286
v 1.972213 0.631834 -0.356654
v 1.972213 0.631834 -0.331496
v 1.972213 0.636251 -0.334448
v 1.969608 0.631135 -0.331496
v 1.965924 0.637517 -0.338865
v 1.967399 0.634961 -0.334448
v 1.965924 0.637517 -0.349286
v 1.965405 0.638415 -0.344075
v 1.969608 0.631135 -0.356654
v 1.967399 0.634961 -0.353703
v 1.961319 0.632913 -0.349286
v 1.960422 0.633431 -0.344075
v 1.967701 0.629228 -0.356654
v 1.963875 0.631437 -0.353703
v 1.963875 0.631437 -0.334448
v 1.967701 0.629228 -0.331496
v 1.961319 0.632913 -0.338865
v -0.063143 2.661156 -1.330925
v -0.063143 2.326317 -1.330926
v -0.063143 2.299872 -1.378941
v -0.063143 2.661156 1.330925
v -0.063143 2.326317 1.330925
v -0.063143 2.299872 1.378941
vt 0.033199 0.843904
vt 0.033199 0.843904
vt 0.033199 0.843904
vt 0.033199 0.843904
vt 0.970685 0.845058
vt 0.970685 0.845058
vt 0.970685 0.845058
vt 0.970685 0.845058
vt 0.970685 0.845058
vt 0.970685 0.845058
vt 0.970685 0.845058
vt 0.970685 0.845058
vt 0.343982 0.408172
vt 0.343982 0.408172
vt 0.343982 0.408172
vt 0.343982 0.408172
vt 0.219643 0.840179
vt 0.219643 0.840179
vt 0.219643 0.840179
vt 0.219643 0.840179
vt 0.219643 0.840179
vt 0.033199 0.843904
vt 0.033199 0.843904
vt 0.033199 0.843904
vt 0.033199 0.843904
vt 0.033199 0.843904
vt 0.033199 0.843904
vt 0.343982 0.408172
vt 0.343982 0.408172
vt 0.343982 0.408172
vt 0.343982 0.408172
vt 0.033199 0.843904
vt 0.033199 0.843904
vt 0.033199 0.843904
vt 0.033199 0.843904
vt 0.033199 0.843904
vt 0.033199 0.843904
vt 0.033199 0.843904
vt 0.033199 0.843904
vt 0.033199 0.843904
vt 0.033199 0.843904
vt 0.219643 0.840179
vt 0.219643 0.840179
vt 0.219643 0.840179
vt 0.219643 0.840179
vt 0.033199 0.843904
vt 0.033199 0.843904
vt 0.033199 0.843904
vt 0.033199 0.843904
vt 0.033199 0.843904
vt 0.033199 0.843904
vt 0.156672 0.842541
vt 0.156672 0.842541
vt 0.156672 0.842541
vt 0.156672 0.842541
vt 0.156672 0.842541
vt 0.156672 0.842541
vt 0.156672 0.842541
vt 0.156672 0.842541
vt 0.156672 0.842541
vt 0.156672 0.842541
vt 0.156672 0.842541
vt 0.156672 0.842541
vt 0.156672 0.842541
vt 0.156672 0.842541
vt 0.156672 0.842541
vt 0.156672 0.842541
vt 0.156672 0.842541
vt 0.156672 0.842541
vt 0.156672 0.842541
vt 0.156672 0.842541
vt 0.156672 0.842541
vt 0.156672 0.842541
vt 0.343982 0.408172
vt 0.343982 0.408172
vt 0.219643 0.840179
vt 0.219643 0.840179
vt 0.219643 0.840179
vt 0.219643 0.840179
vt 0.156672 0.842541
vt 0.156672 0.842541
vt 0.156672 0.842541
vt 0.156672 0.842541
vt 0.219643 0.840179
vt 0.219643 0.840179
vt 0.219643 0.840179
vt 0.219643 0.840179
vt 0.033199 0.843904
vt 0.033199 0.843904
vt 0.033199 0.843904
vt 0.033199 0.843904
vt 0.219643 0.840179
vt 0.219643 0.840179
vt 0.219643 0.840179
vt 0.219643 0.840179
vt 0.219643 0.840179
vt 0.219643 0.840179
vt 0.219643 0.840179
vt 0.219643 0.840179
vt 0.219643 0.840179
vt 0.219643 0.840179
vt 0.219643 0.840179
vt 0.970685 0.845058
vt 0.970685 0.845058
vt 0.970685 0.845058
vt 0.970685 0.845058
vt 0.219643 0.840179
vt 0.219643 0.840179
vt 0.219643 0.840179
vt 0.970685 0.845058
vt 0.970685 0.845058
vt 0.970685 0.845058
vt 0.970685 0.845058
vt 0.970685 0.845058
vt 0.970685 0.845058
vt 0.970685 0.845058
vt 0.970685 0.845058
vt 0.970685 0.845058
vt 0.970685 0.845058
vt 0.970685 0.845058
vt 0.970685 0.845058
vt 0.970685 0.845058
vt 0.970685 0.845058
vt 0.970685 0.845058
vt 0.970685 0.845058
vt 0.156672 0.842541
vt 0.156672 0.842541
vt 0.033199 0.843904
vt 0.033199 0.843904
vt 0.343982 0.408172
vt 0.343982 0.408172
vt 0.033199 0.843904
vt 0.033199 0.843904
vt 0.033199 0.843904
vt 0.033199 0.843904
vt 0.033199 0.843904
vt 0.033199 0.843904
vt 0.033199 0.843904
vt 0.033199 0.843904
vt 0.033199 0.843904
vt 0.156672 0.842541
vt 0.156672 0.842541
vt 0.970685 0.845058
vt 0.970685 0.845058
vt 0.219643 0.840179
vt 0.219643 0.840179
vt 0.219643 0.840179
vt 0.219643 0.840179
vt 0.219643 0.840179
vt 0.219643 0.840179
vt 0.219643 0.840179
vt 0.219643 0.840179
vt 0.219643 0.840179
vt 0.970685 0.845058
vt 0.970685 0.845058
vt 0.970685 0.845058
vt 0.970685 0.845058
vt 0.033199 0.843904
vt 0.033199 0.843904
vt 0.219643 0.840179
vt 0.219643 0.840179
vt 0.219643 0.840179
vt 0.219643 0.840179
vt 0.219643 0.840179
vt 0.219643 0.840179
vt 0.219643 0.840179
vt 0.219643 0.840179
vt 0.219643 0.840179
vt 0.219643 0.840179
vt 0.219643 0.840179
vt 0.037156 0.029840
vt 0.037156 0.029840
vt 0.037156 0.029840
vt 0.037156 0.029840
vt 0.219643 0.840179
vt 0.219643 0.840179
vt 0.219643 0.840179
vt 0.219643 0.840179
vt 0.033199 0.843904
vt 0.219643 0.840179
vt 0.219643 0.840179
vt 0.037156 0.029840
vt 0.037156 0.029840
vt 0.037156 0.029840
vt 0.037156 0.029840
vt 0.219643 0.840179
vt 0.219643 0.840179
vt 0.219643 0.840179
vt 0.219643 0.840179
vt 0.219643 0.840179
vt 0.219643 0.840179
vt 0.219643 0.840179
vt 0.219643 0.840179
vt 0.219643 0.840179
vt 0.219643 0.840179
vt 0.219643 0.840179
vt 0.219643 0.840179
vt 0.219643 0.840179
vt 0.096431 0.842087
vt 0.096431 0.842087
vt 0.096431 0.842087
vt 0.096431 0.842087
vt 0.970685 0.845058
vt 0.970685 0.845058
vt 0.970685 0.845058
vt 0.033199 0.843904
vt 0.033199 0.843904
vt 0.033199 0.843904
vt 0.033199 0.843904
vt 0.219643 0.840179
vt 0.219643 0.840179
vt 0.219643 0.840179
vt 0.219643 0.840179
vt 0.219643 0.840179
vt 0.219643 0.840179
vt 0.219643 0.840179
vt 0.219643 0.840179
vt 0.219643 0.840179
vt 0.219643 0.840179
vt 0.219643 0.840179
vt 0.037156 0.029840
vt 0.037156 0.029840
vt 0.037156 0.029840
vt 0.037156 0.029840
vt 0.219643 0.840179
vt 0.219643 0.840179
vt 0.219643 0.840179
vt 0.219643 0.840179
vt 0.033199 0.843904
vt 0.033199 0.843904
vt 0.219643 0.840179
vt 0.219643 0.840179
vt 0.037156 0.029840
vt 0.037156 0.029840
vt 0.037156 0.029840
vt 0.037156 0.029840
vt 0.219643 0.840179
vt 0.219643 0.840179
vt 0.219643 0.840179
vt 0.219643 0.840179
vt 0.343982 0.408172
vt 0.343982 0.408172
vt 0.343982 0.408172
vt 0.219643 0.840179
vt 0.219643 0.840179
vt 0.219643 0.840179
vt 0.219643 0.840179
vt 0.219643 0.840179
vt 0.343982 0.408172
vt 0.343982 0.408172
vt 0.970685 0.845058
vt 0.970685 0.845058
vt 0.033199 0.843904
vt 0.219643 0.840179
vt 0.219643 0.840179
vt 0.219643 0.840179
vt 0.219643 0.840179
vt 0.096431 0.842087
vt 0.096431 0.842087
vt 0.096431 0.842087
vt 0.096431 0.842087
vt 0.970685 0.845058
vt 0.970685 0.845058
vt 0.033199 0.843904
vt 0.033199 0.843904
vt 0.033199 0.843904
vt 0.219643 0.840179
vt 0.219643 0.840179
vt 0.219643 0.840179
vt 0.219643 0.840179
vt 0.219643 0.840179
vt 0.219643 0.840179
vt 0.219643 0.840179
vt 0.219643 0.840179
vt 0.219643 0.840179
vt 0.219643 0.840179
vt 0.219643 0.840179
vt 0.037156 0.029840
vt 0.037156 0.029840
vt 0.037156 0.029840
vt 0.037156 0.029840
vt 0.219643 0.840179
vt 0.219643 0.840179
vt 0.219643 0.840179
vt 0.219643 0.840179
vt 0.033199 0.843904
vt 0.033199 0.843904
vt 0.219643 0.840179
vt 0.219643 0.840179
vt 0.037156 0.029840
vt 0.037156 0.029840
vt 0.037156 0.029840
vt 0.037156 0.029840
vt 0.219643 0.840179
vt 0.219643 0.840179
vt 0.219643 0.840179
vt 0.219643 0.840179
vt 0.033199 0.843904
vt 0.033199 0.843904
vt 0.037156 0.029840
vt 0.037156 0.029840
vt 0.037156 0.029840
vt 0.037156 0.029840
vt 0.033199 0.843904
vt 0.033199 0.843904
vt 0.219643 0.840179
vt 0.219643 0.840179
vt 0.219643 0.840179
vt 0.219643 0.840179
vt 0.219643 0.840179
vt 0.219643 0.840179
vt 0.219643 0.840179
vt 0.219643 0.840179
vt 0.219643 0.840179
vt 0.219643 0.840179
vt 0.033199 0.843904
vt 0.033199 0.843904
vt 0.033199 0.843904
vt 0.096431 0.842087
vt 0.096431 0.842087
vt 0.096431 0.842087
vt 0.096431 0.842087
vt 0.219643 0.840179
vt 0.219643 0.840179
vt 0.219643 0.840179
vt 0.219643 0.840179
vt 0.219643 0.840179
vt 0.219643 0.840179
vt 0.219643 0.840179
vt 0.219643 0.840179
vt 0.219643 0.840179
vt 0.219643 0.840179
vt 0.219643 0.840179
vt 0.219643 0.840179
vt 0.219643 0.840179
vt 0.219643 0.840179
vt 0.219643 0.840179
vt 0.219643 0.840179
vt 0.219643 0.840179
vt 0.219643 0.840179
vt 0.219643 0.840179
vt 0.219643 0.840179
vt 0.033199 0.843904
vt 0.037156 0.029840
vt 0.037156 0.029840
vt 0.219643 0.840179
vt 0.096431 0.842087
vt 0.096431 0.842087
vt 0.096431 0.842087
vt 0.096431 0.842087
vt 0.096431 0.842087
vt 0.096431 0.842087
vt 0.096431 0.842087
vt 0.096431 0.842087
vt 0.219643 0.840179
vt 0.037156 0.029840
vt 0.037156 0.029840
vt 0.037156 0.029840
vt 0.037156 0.029840
vt 0.219643 0.840179
vt 0.219643 0.840179
vt 0.219643 0.840179
vt 0.219643 0.840179
vt 0.219643 0.840179
vt 0.096431 0.842087
vt 0.096431 0.842087
vt 0.033199 0.843904
vt 0.033199 0.843904
vt 0.033199 0.843904
vt 0.343982 0.408172
vt 0.343982 0.408172
vt 0.343982 0.408172
vt 0.343982 0.408172
vt 0.343982 0.408172
vt 0.343982 0.408172
vt 0.343982 0.408172
vt 0.343982 0.408172
vt 0.343982 0.408172
vt 0.343982 0.408172
vt 0.343982 0.408172
vt 0.343982 0.408172
vt 0.343982 0.408172
vt 0.156672 0.842541
vt 0.156672 0.842541
vt 0.343982 0.408172
vt 0.343982 0.408172
vt 0.343982 0.408172
vt 0.343982 0.408172
vt 0.343982 0.408172
vt 0.343982 0.408172
vt 0.343982 0.408172
vt 0.343982 0.408172
vt 0.343982 0.408172
vt 0.343982 0.408172
vt 0.343982 0.408172
vt 0.343982 0.408172
vt 0.343982 0.408172
vt 0.343982 0.408172
vt 0.343982 0.408172
vt 0.343982 0.408172
vt 0.343982 0.408172
vt 0.343982 0.408172
vt 0.343982 0.408172
vt 0.343982 0.408172
vt 0.343982 0.408172
vt 0.343982 0.408172
vt 0.343982 0.408172
vt 0.343982 0.408172
vt 0.343982 0.408172
vt 0.343982 0.408172
vt 0.343982 0.408172
vt 0.343982 0.408172
vt 0.343982 0.408172
vt 0.033199 0.843904
vt 0.033199 0.843904
vt 0.033199 0.843904
vt 0.033199 0.843904
vt 0.655275 0.842893
vt 0.655275 0.842893
vt 0.655275 0.842893
vt 0.655275 0.842893
vt 0.343982 0.408172
vt 0.096431 0.842087
vt 0.096431 0.842087
vt 0.096431 0.842087
vt 0.096431 0.842087
vt 0.096431 0.842087
vt 0.096431 0.842087
vt 0.096431 0.842087
vt 0.096431 0.842087
vt 0.096431 0.842087
vt 0.096431 0.842087
vt 0.096431 0.842087
vt 0.096431 0.842087
vt 0.096431 0.842087
vt 0.096431 0.842087
vt 0.033199 0.843904
vt 0.033199 0.843904
vt 0.033199 0.843904
vt 0.033199 0.843904
vt 0.096431 0.842087
vt 0.096431 0.842087
vt 0.096431 0.842087
vt 0.096431 0.842087
vt 0.096431 0.842087
vt 0.096431 0.842087
vt 0.096431 0.842087
vt 0.096431 0.842087
vt 0.096431 0.842087
vt 0.096431 0.842087
vt 0.096431 0.842087
vt 0.096431 0.842087
vt 0.096431 0.842087
vt 0.096431 0.842087
vt 0.033199 0.843904
vt 0.033199 0.843904
vt 0.033199 0.843904
vt 0.033199 0.843904
vt 0.033199 0.843904
vt 0.033199 0.843904
vt 0.033199 0.843904
vt 0.033199 0.843904
vt 0.033199 0.843904
vt 0.033199 0.843904
vt 0.033199 0.843904
vt 0.033199 0.843904
vt 0.033199 0.843904
vt 0.033199 0.843904
vt 0.033199 0.843904
vt 0.033199 0.843904
vt 0.033199 0.843904
vt 0.033199 0.843904
vt 0.033199 0.843904
vt 0.037156 0.029840
vt 0.037156 0.029840
vt 0.970685 0.845058
vt 0.970685 0.845058
vt 0.037156 0.029840
vt 0.037156 0.029840
vt 0.037156 0.029840
vt 0.037156 0.029840
vt 0.970685 0.845058
vt 0.970685 0.845058
vt 0.033199 0.843904
vt 0.033199 0.843904
vt 0.970685 0.845058
vt 0.037156 0.029840
vt 0.037156 0.029840
vt 0.037156 0.029840
vt 0.037156 0.029840
vt 0.970685 0.845058
vt 0.970685 0.845058
vt 0.033199 0.843904
vt 0.037156 0.029840
vt 0.037156 0.029840
vt 0.037156 0.029840
vt 0.037156 0.029840
vt 0.970685 0.845058
vt 0.970685 0.845058
vt 0.033199 0.843904
vt 0.970685 0.845058
vt 0.970685 0.845058
vt 0.970685 0.845058
vt 0.970685 0.845058
vt 0.970685 0.845058
vt 0.970685 0.845058
vt 0.033199 0.843904
vt 0.033199 0.843904
vt 0.033199 0.843904
vt 0.033199 0.843904
vt 0.970685 0.845058
vt 0.970685 0.845058
vt 0.970685 0.845058
vt 0.970685 0.845058
vt 0.970685 0.845058
vt 0.970685 0.845058
vt 0.970685 0.845058
vt 0.970685 0.845058
vt 0.343982 0.408172
vt 0.343982 0.408172
vt 0.343982 0.408172
vt 0.343982 0.408172
vt 0.219643 0.840179
vt 0.219643 0.840179
vt 0.219643 0.840179
vt 0.219643 0.840179
vt 0.219643 0.840179
vt 0.033199 0.843904
vt 0.033199 0.843904
vt 0.033199 0.843904
vt 0.033199 0.843904
vt 0.033199 0.843904
vt 0.033199 0.843904
vt 0.343982 0.408172
vt 0.343982 0.408172
vt 0.343982 0.408172
vt 0.343982 0.408172
vt 0.033199 0.843904
vt 0.033199 0.843904
vt 0.033199 0.843904
vt 0.033199 0.843904
vt 0.033199 0.843904
vt 0.033199 0.843904
vt 0.033199 0.843904
vt 0.033199 0.843904
vt 0.033199 0.843904
vt 0.033199 0.843904
vt 0.219643 0.840179
vt 0.219643 0.840179
vt 0.219643 0.840179
vt 0.219643 0.840179
vt 0.033199 0.843904
vt 0.033199 0.843904
vt 0.033199 0.843904
vt 0.033199 0.843904
vt 0.033199 0.843904
vt 0.033199 0.843904
vt 0.156672 0.842541
vt 0.156672 0.842541
vt 0.156672 0.842541
vt 0.156672 0.842541
vt 0.156672 0.842541
vt 0.156672 0.842541
vt 0.156672 0.842541
vt 0.156672 0.842541
vt 0.156672 0.842541
vt 0.156672 0.842541
vt 0.156672 0.842541
vt 0.156672 0.842541
vt 0.156672 0.842541
vt 0.156672 0.842541
vt 0.156672 0.842541
vt 0.156672 0.842541
vt 0.156672 0.842541
vt 0.156672 0.842541
vt 0.156672 0.842541
vt 0.156672 0.842541
vt 0.156672 0.842541
vt 0.156672 0.842541
vt 0.343982 0.408172
vt 0.343982 0.408172
vt 0.219643 0.840179
vt 0.219643 0.840179
vt 0.219643 0.840179
vt 0.219643 0.840179
vt 0.156672 0.842541
vt 0.156672 0.842541
vt 0.156672 0.842541
vt 0.156672 0.842541
vt 0.219643 0.840179
vt 0.219643 0.840179
vt 0.219643 0.840179
vt 0.219643 0.840179
vt 0.033199 0.843904
vt 0.033199 0.843904
vt 0.033199 0.843904
vt 0.033199 0.843904
vt 0.219643 0.840179
vt 0.219643 0.840179
vt 0.219643 0.840179
vt 0.219643 0.840179
vt 0.219643 0.840179
vt 0.219643 0.840179
vt 0.219643 0.840179
vt 0.219643 0.840179
vt 0.219643 0.840179
vt 0.219643 0.840179
vt 0.219643 0.840179
vt 0.970685 0.845058
vt 0.970685 0.845058
vt 0.970685 0.845058
vt 0.970685 0.845058
vt 0.219643 0.840179
vt 0.219643 0.840179
vt 0.219643 0.840179
vt 0.970685 0.845058
vt 0.970685 0.845058
vt 0.970685 0.845058
vt 0.970685 0.845058
vt 0.970685 0.845058
vt 0.970685 0.845058
vt 0.970685 0.845058
vt 0.970685 0.845058
vt 0.970685 0.845058
vt 0.970685 0.845058
vt 0.970685 0.845058
vt 0.970685 0.845058
vt 0.970685 0.845058
vt 0.970685 0.845058
vt 0.970685 0.845058
vt 0.970685 0.845058
vt 0.156672 0.842541
vt 0.156672 0.842541
vt 0.033199 0.843904
vt 0.033199 0.843904
vt 0.343982 0.408172
vt 0.343982 0.408172
vt 0.033199 0.843904
vt 0.033199 0.843904
vt 0.033199 0.843904
vt 0.033199 0.843904
vt 0.033199 0.843904
vt 0.033199 0.843904
vt 0.033199 0.843904
vt 0.033199 0.843904
vt 0.033199 0.843904
vt 0.156672 0.842541
vt 0.156672 0.842541
vt 0.970685 0.845058
vt 0.970685 0.845058
vt 0.219643 0.840179
vt 0.219643 0.840179
vt 0.219643 0.840179
vt 0.219643 0.840179
vt 0.219643 0.840179
vt 0.219643 0.840179
vt 0.219643 0.840179
vt 0.219643 0.840179
vt 0.219643 0.840179
vt 0.970685 0.845058
vt 0.970685 0.845058
vt 0.970685 0.845058
vt 0.970685 0.845058
vt 0.033199 0.843904
vt 0.033199 0.843904
vt 0.219643 0.840179
vt 0.219643 0.840179
vt 0.219643 0.840179
vt 0.219643 0.840179
vt 0.219643 0.840179
vt 0.219643 0.840179
vt 0.219643 0.840179
vt 0.219643 0.840179
vt 0.219643 0.840179
vt 0.219643 0.840179
vt 0.219643 0.840179
vt 0.037156 0.029840
vt 0.037156 0.029840
vt 0.037156 0.029840
vt 0.037156 0.029840
vt 0.219643 0.840179
vt 0.219643 0.840179
vt 0.219643 0.840179
vt 0.219643 0.840179
vt 0.033199 0.843904
vt 0.219643 0.840179
vt 0.219643 0.840179
vt 0.037156 0.029840
vt 0.037156 0.029840
vt 0.037156 0.029840
vt 0.037156 0.029840
vt 0.219643 0.840179
vt 0.219643 0.840179
vt 0.219643 0.840179
vt 0.219643 0.840179
vt 0.219643 0.840179
vt 0.219643 0.840179
vt 0.219643 0.840179
vt 0.219643 0.840179
vt 0.219643 0.840179
vt 0.219643 0.840179
vt 0.219643 0.840179
vt 0.219643 0.840179
vt 0.219643 0.840179
vt 0.096431 0.842087
vt 0.096431 0.842087
vt 0.096431 0.842087
vt 0.096431 0.842087
vt 0.970685 0.845058
vt 0.970685 0.845058
vt 0.970685 0.845058
vt 0.033199 0.843904
vt 0.033199 0.843904
vt 0.033199 0.843904
vt 0.033199 0.843904
vt 0.219643 0.840179
vt 0.219643 0.840179
vt 0.219643 0.840179
vt 0.219643 0.840179
vt 0.219643 0.840179
vt 0.219643 0.840179
vt 0.219643 0.840179
vt 0.219643 0.840179
vt 0.219643 0.840179
vt 0.219643 0.840179
vt 0.219643 0.840179
vt 0.037156 0.029840
vt 0.037156 0.029840
vt 0.037156 0.029840
vt 0.037156 0.029840
vt 0.219643 0.840179
vt 0.219643 0.840179
vt 0.219643 0.840179
vt 0.219643 0.840179
vt 0.033199 0.843904
vt 0.033199 0.843904
vt 0.219643 0.840179
vt 0.219643 0.840179
vt 0.037156 0.029840
vt 0.037156 0.029840
vt 0.037156 0.029840
vt 0.037156 0.029840
vt 0.219643 0.840179
vt 0.219643 0.840179
vt 0.219643 0.840179
vt 0.219643 0.840179
vt 0.343982 0.408172
vt 0.343982 0.408172
vt 0.343982 0.408172
vt 0.219643 0.840179
vt 0.219643 0.840179
vt 0.219643 0.840179
vt 0.219643 0.840179
vt 0.219643 0.840179
vt 0.343982 0.408172
vt 0.343982 0.408172
vt 0.970685 0.845058
vt 0.970685 0.845058
vt 0.033199 0.843904
vt 0.219643 0.840179
vt 0.219643 0.840179
vt 0.219643 0.840179
vt 0.219643 0.840179
vt 0.096431 0.842087
vt 0.096431 0.842087
vt 0.096431 0.842087
vt 0.096431 0.842087
vt 0.970685 0.845058
vt 0.970685 0.845058
vt 0.033199 0.843904
vt 0.033199 0.843904
vt 0.033199 0.843904
vt 0.219643 0.840179
vt 0.219643 0.840179
vt 0.219643 0.840179
vt 0.219643 0.840179
vt 0.219643 0.840179
vt 0.219643 0.840179
vt 0.219643 0.840179
vt 0.219643 0.840179
vt 0.219643 0.840179
vt 0.219643 0.840179
vt 0.219643 0.840179
vt 0.037156 0.029840
vt 0.037156 0.029840
vt 0.037156 0.029840
vt 0.037156 0.029840
vt 0.219643 0.840179
vt 0.219643 0.840179
vt 0.219643 0.840179
vt 0.219643 0.840179
vt 0.033199 0.843904
vt 0.033199 0.843904
vt 0.219643 0.840179
vt 0.219643 0.840179
vt 0.037156 0.029840
vt 0.037156 0.029840
vt 0.037156 0.029840
vt 0.037156 0.029840
vt 0.219643 0.840179
vt 0.219643 0.840179
vt 0.219643 0.840179
vt 0.219643 0.840179
vt 0.033199 0.843904
vt 0.033199 0.843904
vt 0.037156 0.029840
vt 0.037156 0.029840
vt 0.037156 0.029840
vt 0.037156 0.029840
vt 0.033199 0.843904
vt 0.033199 0.843904
vt 0.219643 0.840179
vt 0.219643 0.840179
vt 0.219643 0.840179
vt 0.219643 0.840179
vt 0.219643 0.840179
vt 0.219643 0.840179
vt 0.219643 0.840179
vt 0.219643 0.840179
vt 0.219643 0.840179
vt 0.219643 0.840179
vt 0.033199 0.843904
vt 0.033199 0.843904
vt 0.033199 0.843904
vt 0.096431 0.842087
vt 0.096431 0.842087
vt 0.096431 0.842087
vt 0.096431 0.842087
vt 0.219643 0.840179
vt 0.219643 0.840179
vt 0.219643 0.840179
vt 0.219643 0.840179
vt 0.219643 0.840179
vt 0.219643 0.840179
vt 0.219643 0.840179
vt 0.219643 0.840179
vt 0.219643 0.840179
vt 0.219643 0.840179
vt 0.219643 0.840179
vt 0.219643 0.840179
vt 0.219643 0.840179
vt 0.219643 0.840179
vt 0.219643 0.840179
vt 0.219643 0.840179
vt 0.219643 0.840179
vt 0.219643 0.840179
vt 0.219643 0.840179
vt 0.219643 0.840179
vt 0.033199 0.843904
vt 0.037156 0.029840
vt 0.037156 0.029840
vt 0.219643 0.840179
vt 0.096431 0.842087
vt 0.096431 0.842087
vt 0.096431 0.842087
vt 0.096431 0.842087
vt 0.096431 0.842087
vt 0.096431 0.842087
vt 0.096431 0.842087
vt 0.096431 0.842087
vt 0.219643 0.840179
vt 0.037156 0.029840
vt 0.037156 0.029840
vt 0.037156 0.029840
vt 0.037156 0.029840
vt 0.219643 0.840179
vt 0.219643 0.840179
vt 0.219643 0.840179
vt 0.219643 0.840179
vt 0.219643 0.840179
vt 0.096431 0.842087
vt 0.096431 0.842087
vt 0.033199 0.843904
vt 0.033199 0.843904
vt 0.033199 0.843904
vt 0.343982 0.408172
vt 0.343982 0.408172
vt 0.343982 0.408172
vt 0.343982 0.408172
vt 0.343982 0.408172
vt 0.343982 0.408172
vt 0.343982 0.408172
vt 0.343982 0.408172
vt 0.343982 0.408172
vt 0.343982 0.408172
vt 0.343982 0.408172
vt 0.343982 0.408172
vt 0.343982 0.408172
vt 0.156672 0.842541
vt 0.156672 0.842541
vt 0.343982 0.408172
vt 0.343982 0.408172
vt 0.343982 0.408172
vt 0.343982 0.408172
vt 0.343982 0.408172
vt 0.343982 0.408172
vt 0.343982 0.408172
vt 0.343982 0.408172
vt 0.343982 0.408172
vt 0.343982 0.408172
vt 0.343982 0.408172
vt 0.343982 0.408172
vt 0.343982 0.408172
vt 0.343982 0.408172
vt 0.343982 0.408172
vt 0.343982 0.408172
vt 0.343982 0.408172
vt 0.343982 0.408172
vt 0.343982 0.408172
vt 0.343982 0.408172
vt 0.343982 0.408172
vt 0.343982 0.408172
vt 0.343982 0.408172
vt 0.343982 0.408172
vt 0.343982 0.408172
vt 0.343982 0.408172
vt 0.343982 0.408172
vt 0.343982 0.408172
vt 0.343982 0.408172
vt 0.033199 0.843904
vt 0.033199 0.843904
vt 0.033199 0.843904
vt 0.033199 0.843904
vt 0.655275 0.842893
vt 0.655275 0.842893
vt 0.655275 0.842893
vt 0.655275 0.842893
vt 0.343982 0.408172
vt 0.096431 0.842087
vt 0.096431 0.842087
vt 0.096431 0.842087
vt 0.096431 0.842087
vt 0.096431 0.842087
vt 0.096431 0.842087
vt 0.096431 0.842087
vt 0.096431 0.842087
vt 0.096431 0.842087
vt 0.096431 0.842087
vt 0.096431 0.842087
vt 0.096431 0.842087
vt 0.096431 0.842087
vt 0.096431 0.842087
vt 0.033199 0.843904
vt 0.033199 0.843904
vt 0.033199 0.843904
vt 0.033199 0.843904
vt 0.096431 0.842087
vt 0.096431 0.842087
vt 0.096431 0.842087
vt 0.096431 0.842087
vt 0.096431 0.842087
vt 0.096431 0.842087
vt 0.096431 0.842087
vt 0.096431 0.842087
vt 0.096431 0.842087
vt 0.096431 0.842087
vt 0.096431 0.842087
vt 0.096431 0.842087
vt 0.096431 0.842087
vt 0.096431 0.842087
vt 0.033199 0.843904
vt 0.033199 0.843904
vt 0.033199 0.843904
vt 0.033199 0.843904
vt 0.033199 0.843904
vt 0.033199 0.843904
vt 0.033199 0.843904
vt 0.033199 0.843904
vt 0.033199 0.843904
vt 0.033199 0.843904
vt 0.033199 0.843904
vt 0.033199 0.843904
vt 0.033199 0.843904
vt 0.033199 0.843904
vt 0.033199 0.843904
vt 0.033199 0.843904
vt 0.033199 0.843904
vt 0.033199 0.843904
vt 0.033199 0.843904
vt 0.037156 0.029840
vt 0.037156 0.029840
vt 0.970685 0.845058
vt 0.970685 0.845058
vt 0.037156 0.029840
vt 0.037156 0.029840
vt 0.037156 0.029840
vt 0.037156 0.029840
vt 0.970685 0.845058
vt 0.970685 0.845058
vt 0.033199 0.843904
vt 0.033199 0.843904
vt 0.970685 0.845058
vt 0.037156 0.029840
vt 0.037156 0.029840
vt 0.037156 0.029840
vt 0.037156 0.029840
vt 0.970685 0.845058
vt 0.970685 0.845058
vt 0.033199 0.843904
vt 0.037156 0.029840
vt 0.037156 0.029840
vt 0.037156 0.029840
vt 0.037156 0.029840
vt 0.970685 0.845058
vt 0.970685 0.845058
vt 0.033199 0.843904
vt 0.970685 0.845058
vt 0.970685 0.845058
vt 0.970685 0.845058
vt 0.970685 0.845058
vt 0.970685 0.845058
vt 0.970685 0.845058
vt 0.093125 0.843125
vt 0.093125 0.843125
vt 0.093125 0.843125
vt 0.093125 0.843125
vt 0.093125 0.843125
vt 0.093125 0.843125
vt 0.093125 0.843125
vt 0.093125 0.843125
vt 0.093125 0.843125
vt 0.093125 0.843125
vt 0.093125 0.843125
vt 0.093125 0.843125
vt 0.093125 0.843125
vt 0.093125 0.843125
vt 0.033199 0.843904
vt 0.033199 0.843904
vt 0.033199 0.843904
vt 0.033199 0.843904
vt 0.093125 0.843125
vt 0.093125 0.843125
vt 0.093125 0.843125
vt 0.093125 0.843125
vt 0.093125 0.843125
vt 0.093125 0.843125
vt 0.033199 0.843904
vt 0.033199 0.843904
vt 0.033199 0.843904
vt 0.033199 0.843904
vt 0.093125 0.843125
vt 0.093125 0.843125
vt 0.093125 0.843125
vt 0.093125 0.843125
vt 0.093125 0.843125
vt 0.093125 0.843125
vt 0.093125 0.843125
vt 0.033199 0.843904
vt 0.033199 0.843904
vt 0.093125 0.843125
vt 0.093125 0.843125
vt 0.093125 0.843125
vt 0.033199 0.843904
vt 0.033199 0.843904
vt 0.033199 0.843904
vt 0.033199 0.843904
vt 0.033199 0.843904
vt 0.033199 0.843904
vt 0.033199 0.843904
vt 0.033199 0.843904
vt 0.033199 0.843904
vt 0.033199 0.843904
vt 0.033199 0.843904
vt 0.033199 0.843904
vt 0.033199 0.843904
vt 0.033199 0.843904
vt 0.093125 0.843125
vt 0.093125 0.843125
vt 0.093125 0.843125
vt 0.093125 0.843125
vt 0.093125 0.843125
vt 0.093125 0.843125
vt 0.093125 0.843125
vt 0.093125 0.843125
vt 0.093125 0.843125
vt 0.093125 0.843125
vt 0.093125 0.843125
vt 0.093125 0.843125
vt 0.033199 0.843904
vt 0.033199 0.843904
vt 0.033199 0.843904
vt 0.033199 0.843904
vt 0.219643 0.840179
vt 0.219643 0.840179
vt 0.219643 0.840179
vt 0.219643 0.840179
vt 0.037156 0.029840
vt 0.037156 0.029840
vt 0.037156 0.029840
vt 0.037156 0.029840
vt 0.219643 0.840179
vt 0.219643 0.840179
vt 0.219643 0.840179
vt 0.219643 0.840179
vt 0.219643 0.840179
vt 0.219643 0.840179
vt 0.219643 0.840179
vt 0.219643 0.840179
vt 0.219643 0.840179
vt 0.219643 0.840179
vt 0.219643 0.840179
vt 0.219643 0.840179
vt 0.219643 0.840179
vt 0.219643 0.840179
vt 0.037156 0.029840
vt 0.037156 0.029840
vt 0.037156 0.029840
vt 0.037156 0.029840
vt 0.219643 0.840179
vt 0.219643 0.840179
vt 0.219643 0.840179
vt 0.219643 0.840179
vt 0.033199 0.843904
vt 0.033199 0.843904
vt 0.033199 0.843904
vt 0.033199 0.843904
vt 0.033199 0.843904
vt 0.033199 0.843904
vt 0.093125 0.843125
vt 0.093125 0.843125
vt 0.093125 0.843125
vt 0.093125 0.843125
vt 0.093125 0.843125
vt 0.093125 0.843125
vt 0.033199 0.843904
vt 0.033199 0.843904
vt 0.219643 0.840179
vt 0.219643 0.840179
vt 0.219643 0.840179
vt 0.219643 0.840179
vt 0.037156 0.029840
vt 0.037156 0.029840
vt 0.037156 0.029840
vt 0.037156 0.029840
vt 0.219643 0.840179
vt 0.219643 0.840179
vt 0.219643 0.840179
vt 0.219643 0.840179
vt 0.219643 0.840179
vt 0.219643 0.840179
vt 0.219643 0.840179
vt 0.219643 0.840179
vt 0.219643 0.840179
vt 0.219643 0.840179
vt 0.219643 0.840179
vt 0.219643 0.840179
vt 0.037156 0.029840
vt 0.037156 0.029840
vt 0.037156 0.029840
vt 0.037156 0.029840
vt 0.219643 0.840179
vt 0.219643 0.840179
vt 0.033199 0.843904
vt 0.033199 0.843904
vt 0.033199 0.843904
vt 0.033199 0.843904
vt 0.033199 0.843904
vt 0.033199 0.843904
vt 0.033199 0.843904
vt 0.033199 0.843904
vt 0.033199 0.843904
vt 0.033199 0.843904
vt 0.033199 0.843904
vt 0.033199 0.843904
vt 0.093125 0.843125
vt 0.093125 0.843125
vt 0.093125 0.843125
vt 0.093125 0.843125
vt 0.093125 0.843125
vt 0.093125 0.843125
vt 0.093125 0.843125
vt 0.093125 0.843125
vt 0.093125 0.843125
vt 0.093125 0.843125
vt 0.093125 0.843125
vt 0.093125 0.843125
vt 0.033199 0.843904
vt 0.033199 0.843904
vt 0.033199 0.843904
vt 0.033199 0.843904
vt 0.219643 0.840179
vt 0.219643 0.840179
vt 0.219643 0.840179
vt 0.219643 0.840179
vt 0.037156 0.029840
vt 0.037156 0.029840
vt 0.037156 0.029840
vt 0.037156 0.029840
vt 0.219643 0.840179
vt 0.219643 0.840179
vt 0.219643 0.840179
vt 0.219643 0.840179
vt 0.219643 0.840179
vt 0.219643 0.840179
vt 0.219643 0.840179
vt 0.219643 0.840179
vt 0.219643 0.840179
vt 0.219643 0.840179
vt 0.219643 0.840179
vt 0.219643 0.840179
vt 0.219643 0.840179
vt 0.219643 0.840179
vt 0.037156 0.029840
vt 0.037156 0.029840
vt 0.037156 0.029840
vt 0.037156 0.029840
vt 0.219643 0.840179
vt 0.219643 0.840179
vt 0.219643 0.840179
vt 0.219643 0.840179
vt 0.033199 0.843904
vt 0.033199 0.843904
vt 0.033199 0.843904
vt 0.033199 0.843904
vt 0.033199 0.843904
vt 0.033199 0.843904
vt 0.093125 0.843125
vt 0.093125 0.843125
vt 0.093125 0.843125
vt 0.093125 0.843125
vt 0.093125 0.843125
vt 0.093125 0.843125
vt 0.033199 0.843904
vt 0.033199 0.843904
vt 0.219643 0.840179
vt 0.219643 0.840179
vt 0.219643 0.840179
vt 0.219643 0.840179
vt 0.037156 0.029840
vt 0.037156 0.029840
vt 0.037156 0.029840
vt 0.037156 0.029840
vt 0.219643 0.840179
vt 0.219643 0.840179
vt 0.219643 0.840179
vt 0.219643 0.840179
vt 0.219643 0.840179
vt 0.219643 0.840179
vt 0.219643 0.840179
vt 0.219643 0.840179
vt 0.219643 0.840179
vt 0.219643 0.840179
vt 0.219643 0.840179
vt 0.219643 0.840179
vt 0.037156 0.029840
vt 0.037156 0.029840
vt 0.037156 0.029840
vt 0.037156 0.029840
vt 0.219643 0.840179
vt 0.219643 0.840179
vt 0.285709 0.841291
vt 0.285709 0.841291
vt 0.285709 0.841291
vt 0.285709 0.841291
vt 0.285709 0.841291
vt 0.285709 0.841291
vt 0.285709 0.841291
vt 0.285709 0.841291
vt 0.285709 0.841291
vt 0.285709 0.841291
vt 0.285709 0.841291
vt 0.285709 0.841291
vt 0.285709 0.841291
vt 0.285709 0.841291
vt 0.285709 0.841291
vt 0.285709 0.841291
vt 0.285709 0.841291
vt 0.285709 0.841291
vt 0.285709 0.841291
vt 0.285709 0.841291
vt 0.285709 0.841291
vt 0.285709 0.841291
vt 0.285709 0.841291
vt 0.285709 0.841291
vt 0.285709 0.841291
vt 0.285709 0.841291
vt 0.285709 0.841291
vt 0.285709 0.841291
vt 0.285709 0.841291
vt 0.285709 0.841291
vt 0.285709 0.841291
vt 0.285709 0.841291
vt 0.285709 0.841291
vt 0.285709 0.841291
vt 0.285709 0.841291
vt 0.285709 0.841291
vt 0.285709 0.841291
vt 0.285709 0.841291
vt 0.285709 0.841291
vt 0.285709 0.841291
vt 0.285709 0.841291
vt 0.285709 0.841291
vt 0.285709 0.841291
vt 0.285709 0.841291
vt 0.285709 0.841291
vt 0.285709 0.841291
vt 0.285709 0.841291
vt 0.285709 0.841291
vt 0.285709 0.841291
vt 0.285709 0.841291
vt 0.285709 0.841291
vt 0.285709 0.841291
vt 0.285709 0.841291
vt 0.285709 0.841291
vt 0.285709 0.841291
vt 0.285709 0.841291
vt 0.285709 0.841291
vt 0.285709 0.841291
vt 0.285709 0.841291
vt 0.285709 0.841291
vt 0.285709 0.841291
vt 0.285709 0.841291
vt 0.285709 0.841291
vt 0.285709 0.841291
vt 0.285709 0.841291
vt 0.285709 0.841291
vt 0.285709 0.841291
vt 0.285709 0.841291
vt 0.285709 0.841291
vt 0.285709 0.841291
vt 0.285709 0.841291
vt 0.285709 0.841291
vt 0.285709 0.841291
vt 0.285709 0.841291
vt 0.285709 0.841291
vt 0.285709 0.841291
vt 0.285709 0.841291
vt 0.285709 0.841291
vt 0.285709 0.841291
vt 0.285709 0.841291
vt 0.285709 0.841291
vt 0.285709 0.841291
vt 0.285709 0.841291
vt 0.285709 0.841291
vt 0.285709 0.841291
vt 0.285709 0.841291
vt 0.285709 0.841291
vt 0.285709 0.841291
vt 0.285709 0.841291
vt 0.285709 0.841291
vt 0.285709 0.841291
vt 0.285709 0.841291
vt 0.285709 0.841291
vt 0.285709 0.841291
vt 0.285709 0.841291
vt 0.285709 0.841291
vt 0.285709 0.841291
vt 0.285709 0.841291
vt 0.285709 0.841291
vt 0.285709 0.841291
vt 0.285709 0.841291
vt 0.285709 0.841291
vt 0.285709 0.841291
vt 0.285709 0.841291
vt 0.285709 0.841291
vt 0.285709 0.841291
vt 0.285709 0.841291
vt 0.285709 0.841291
vt 0.285709 0.841291
vt 0.285709 0.841291
vt 0.285709 0.841291
vt 0.285709 0.841291
vt 0.285709 0.841291
vt 0.285709 0.841291
vt 0.285709 0.841291
vt 0.285709 0.841291
vt 0.285709 0.841291
vt 0.285709 0.841291
vt 0.285709 0.841291
vt 0.285709 0.841291
vt 0.285709 0.841291
vt 0.285709 0.841291
vt 0.285709 0.841291
vt 0.285709 0.841291
vt 0.285709 0.841291
vt 0.285709 0.841291
vt 0.285709 0.841291
vt 0.285709 0.841291
vt 0.285709 0.841291
vt 0.285709 0.841291
vt 0.285709 0.841291
vt 0.285709 0.841291
vt 0.285709 0.841291
vt 0.285709 0.841291
vt 0.285709 0.841291
vt 0.285709 0.841291
vt 0.285709 0.841291
vt 0.285709 0.841291
vt 0.285709 0.841291
vt 0.285709 0.841291
vt 0.285709 0.841291
vt 0.285709 0.841291
vt 0.285709 0.841291
vt 0.285709 0.841291
vt 0.285709 0.841291
vt 0.285709 0.841291
vt 0.285709 0.841291
vt 0.285709 0.841291
vt 0.285709 0.841291
vt 0.285709 0.841291
vt 0.285709 0.841291
vt 0.285709 0.841291
vt 0.285709 0.841291
vt 0.285709 0.841291
vt 0.285709 0.841291
vt 0.285709 0.841291
vt 0.285709 0.841291
vt 0.285709 0.841291
vt 0.285709 0.841291
vt 0.285709 0.841291
vt 0.285709 0.841291
vt 0.285709 0.841291
vt 0.285709 0.841291
vt 0.285709 0.841291
vt 0.285709 0.841291
vt 0.285709 0.841291
vt 0.285709 0.841291
vt 0.285709 0.841291
vt 0.285709 0.841291
vt 0.285709 0.841291
vt 0.285709 0.841291
vt 0.285709 0.841291
vt 0.285709 0.841291
vt 0.285709 0.841291
vt 0.285709 0.841291
vt 0.285709 0.841291
vt 0.285709 0.841291
vt 0.285709 0.841291
vt 0.285709 0.841291
vt 0.285709 0.841291
vt 0.285709 0.841291
vt 0.285709 0.841291
vt 0.285709 0.841291
vt 0.285709 0.841291
vt 0.285709 0.841291
vt 0.285709 0.841291
vt 0.285709 0.841291
vt 0.285709 0.841291
vt 0.285709 0.841291
vt 0.285709 0.841291
vt 0.285709 0.841291
vt 0.285709 0.841291
vt 0.285709 0.841291
vt 0.285709 0.841291
vt 0.285709 0.841291
vt 0.285709 0.841291
vt 0.285709 0.841291
vt 0.285709 0.841291
vt 0.285709 0.841291
vt 0.285709 0.841291
vt 0.285709 0.841291
vt 0.285709 0.841291
vt 0.285709 0.841291
vt 0.285709 0.841291
vt 0.285709 0.841291
vt 0.285709 0.841291
vt 0.285709 0.841291
vt 0.285709 0.841291
vt 0.285709 0.841291
vt 0.285709 0.841291
vt 0.285709 0.841291
vt 0.285709 0.841291
vt 0.285709 0.841291
vt 0.285709 0.841291
vt 0.285709 0.841291
vt 0.285709 0.841291
vt 0.285709 0.841291
vt 0.285709 0.841291
vt 0.285709 0.841291
vt 0.285709 0.841291
vt 0.285709 0.841291
vt 0.285709 0.841291
vt 0.285709 0.841291
vt 0.285709 0.841291
vt 0.285709 0.841291
vt 0.285709 0.841291
vt 0.285709 0.841291
vt 0.285709 0.841291
vt 0.285709 0.841291
vt 0.285709 0.841291
vt 0.285709 0.841291
vt 0.285709 0.841291
vt 0.285709 0.841291
vt 0.285709 0.841291
vt 0.285709 0.841291
vt 0.285709 0.841291
vt 0.285709 0.841291
vt 0.285709 0.841291
vt 0.285709 0.841291
vt 0.285709 0.841291
vt 0.285709 0.841291
vt 0.285709 0.841291
vt 0.285709 0.841291
vt 0.285709 0.841291
vt 0.285709 0.841291
vt 0.285709 0.841291
vt 0.285709 0.841291
vt 0.285709 0.841291
vt 0.285709 0.841291
vt 0.285709 0.841291
vt 0.285709 0.841291
vt 0.285709 0.841291
vt 0.285709 0.841291
vt 0.285709 0.841291
vt 0.285709 0.841291
vt 0.285709 0.841291
vt 0.285709 0.841291
vt 0.285709 0.841291
vt 0.285709 0.841291
vt 0.285709 0.841291
vt 0.285709 0.841291
vt 0.285709 0.841291
vt 0.285709 0.841291
vt 0.285709 0.841291
vt 0.285709 0.841291
vt 0.285709 0.841291
vt 0.285709 0.841291
vt 0.285709 0.841291
vt 0.285709 0.841291
vt 0.285709 0.841291
vt 0.285709 0.841291
vt 0.285709 0.841291
vt 0.285709 0.841291
vt 0.285709 0.841291
vt 0.285709 0.841291
vt 0.285709 0.841291
vt 0.285709 0.841291
vt 0.285709 0.841291
vt 0.285709 0.841291
vt 0.285709 0.841291
vt 0.285709 0.841291
vt 0.285709 0.841291
vt 0.285709 0.841291
vt 0.285709 0.841291
vt 0.285709 0.841291
vt 0.285709 0.841291
vt 0.285709 0.841291
vt 0.285709 0.841291
vt 0.285709 0.841291
vt 0.285709 0.841291
vt 0.285709 0.841291
vt 0.285709 0.841291
vt 0.285709 0.841291
vt 0.285709 0.841291
vt 0.285709 0.841291
vt 0.285709 0.841291
vt 0.285709 0.841291
vt 0.285709 0.841291
vt 0.285709 0.841291
vt 0.285709 0.841291
vt 0.285709 0.841291
vt 0.285709 0.841291
vt 0.285709 0.841291
vt 0.285709 0.841291
vt 0.285709 0.841291
vt 0.285709 0.841291
vt 0.285709 0.841291
vt 0.285709 0.841291
vt 0.285709 0.841291
vt 0.285709 0.841291
vt 0.285709 0.841291
vt 0.285709 0.841291
vt 0.285709 0.841291
vt 0.285709 0.841291
vt 0.285709 0.841291
vt 0.285709 0.841291
vt 0.285709 0.841291
vt 0.285709 0.841291
vt 0.285709 0.841291
vt 0.285709 0.841291
vt 0.285709 0.841291
vt 0.285709 0.841291
vt 0.285709 0.841291
vt 0.285709 0.841291
vt 0.347213 0.839223
vt 0.347213 0.839223
vt 0.347213 0.839223
vt 0.347213 0.839223
vt 0.347213 0.839223
vt 0.347213 0.839223
vt 0.347213 0.839223
vt 0.347213 0.839223
vt 0.347213 0.839223
vt 0.347213 0.839223
vt 0.347213 0.839223
vt 0.347213 0.839223
vt 0.347213 0.839223
vt 0.347213 0.839223
vt 0.347213 0.839223
vt 0.347213 0.839223
vt 0.348593 0.409695
vt 0.348593 0.409695
vt 0.348593 0.409695
vt 0.348593 0.409695
vt 0.348593 0.409695
vt 0.348593 0.409695
vt 0.348593 0.409695
vt 0.348593 0.409695
vt 0.348593 0.409695
vt 0.348593 0.409695
vt 0.348593 0.409695
vt 0.348593 0.409695
vt 0.348593 0.409695
vt 0.348593 0.409695
vt 0.348593 0.409695
vt 0.348593 0.409695
vt 0.348593 0.409695
vt 0.348593 0.409695
vt 0.348593 0.409695
vt 0.348593 0.409695
vt 0.348593 0.409695
vt 0.348593 0.409695
vt 0.348593 0.409695
vt 0.348593 0.409695
vt 0.348593 0.409695
vt 0.348593 0.409695
vt 0.348593 0.409695
vt 0.348593 0.409695
vt 0.348593 0.409695
vt 0.348593 0.409695
vt 0.348593 0.409695
vt 0.348593 0.409695
vt 0.348593 0.409695
vt 0.348593 0.409695
vt 0.348593 0.409695
vt 0.348593 0.409695
vt 0.348593 0.409695
vt 0.348593 0.409695
vt 0.348593 0.409695
vt 0.348593 0.409695
vt 0.348593 0.409695
vt 0.348593 0.409695
vt 0.348593 0.409695
vt 0.348593 0.409695
vt 0.348593 0.409695
vt 0.348593 0.409695
vt 0.348593 0.409695
vt 0.348593 0.409695
vt 0.348593 0.409695
vt 0.348593 0.409695
vt 0.348593 0.409695
vt 0.348593 0.409695
vt 0.348593 0.409695
vt 0.348593 0.409695
vt 0.348593 0.409695
vt 0.348593 0.409695
vt 0.348593 0.409695
vt 0.348593 0.409695
vt 0.348593 0.409695
vt 0.348593 0.409695
vt 0.348593 0.409695
vt 0.348593 0.409695
vt 0.348593 0.409695
vt 0.348593 0.409695
vt 0.348593 0.409695
vt 0.348593 0.409695
vt 0.348593 0.409695
vt 0.348593 0.409695
vt 0.348593 0.409695
vt 0.348593 0.409695
vt 0.348593 0.409695
vt 0.348593 0.409695
vt 0.348593 0.409695
vt 0.348593 0.409695
vt 0.156672 0.842541
vt 0.156672 0.842541
vt 0.156672 0.842541
vt 0.156672 0.842541
vt 0.156672 0.842541
vt 0.156672 0.842541
vt 0.156672 0.842541
vt 0.156672 0.842541
vt 0.156672 0.842541
vt 0.156672 0.842541
vt 0.156672 0.842541
vt 0.156672 0.842541
vt 0.156672 0.842541
vt 0.156672 0.842541
vt 0.156672 0.842541
vt 0.156672 0.842541
vt 0.156672 0.842541
vt 0.156672 0.842541
vt 0.156672 0.842541
vt 0.156672 0.842541
vt 0.156672 0.842541
vt 0.156672 0.842541
vt 0.156672 0.842541
vt 0.156672 0.842541
vt 0.156672 0.842541
vt 0.156672 0.842541
vt 0.156672 0.842541
vt 0.156672 0.842541
vt 0.156672 0.842541
vt 0.156672 0.842541
vt 0.156672 0.842541
vt 0.156672 0.842541
vt 0.156672 0.842541
vt 0.156672 0.842541
vt 0.156672 0.842541
vt 0.156672 0.842541
vt 0.156672 0.842541
vt 0.156672 0.842541
vt 0.156672 0.842541
vt 0.156672 0.842541
vt 0.156672 0.842541
vt 0.156672 0.842541
vt 0.156672 0.842541
vt 0.156672 0.842541
vt 0.156672 0.842541
vt 0.156672 0.842541
vt 0.156672 0.842541
vt 0.156672 0.842541
vt 0.156672 0.842541
vt 0.156672 0.842541
vt 0.156672 0.842541
vt 0.156672 0.842541
vt 0.156672 0.842541
vt 0.156672 0.842541
vt 0.156672 0.842541
vt 0.156672 0.842541
vt 0.156672 0.842541
vt 0.156672 0.842541
vt 0.156672 0.842541
vt 0.156672 0.842541
vt 0.156672 0.842541
vt 0.156672 0.842541
vt 0.156672 0.842541
vt 0.156672 0.842541
vt 0.156672 0.842541
vt 0.156672 0.842541
vt 0.156672 0.842541
vt 0.156672 0.842541
vt 0.156672 0.842541
vt 0.156672 0.842541
vt 0.156672 0.842541
vt 0.156672 0.842541
vt 0.156672 0.842541
vt 0.156672 0.842541
vt 0.156672 0.842541
vt 0.156672 0.842541
vt 0.156672 0.842541
vt 0.156672 0.842541
vt 0.156672 0.842541
vt 0.156672 0.842541
vt 0.156672 0.842541
vt 0.156672 0.842541
vt 0.156672 0.842541
vt 0.156672 0.842541
vt 0.156672 0.842541
vt 0.156672 0.842541
vt 0.156672 0.842541
vt 0.156672 0.842541
vt 0.156672 0.842541
vt 0.156672 0.842541
vt 0.156672 0.842541
vt 0.156672 0.842541
vt 0.156672 0.842541
vt 0.156672 0.842541
vt 0.156672 0.842541
vt 0.156672 0.842541
vt 0.156672 0.842541
vt 0.156672 0.842541
vt 0.156672 0.842541
vt 0.156672 0.842541
vt 0.156672 0.842541
vt 0.156672 0.842541
vt 0.156672 0.842541
vt 0.156672 0.842541
vt 0.156672 0.842541
vt 0.156672 0.842541
vt 0.156672 0.842541
vt 0.156672 0.842541
vt 0.156672 0.842541
vt 0.156672 0.842541
vt 0.156672 0.842541
vt 0.156672 0.842541
vt 0.156672 0.842541
vt 0.156672 0.842541
vt 0.156672 0.842541
vt 0.156672 0.842541
vt 0.156672 0.842541
vt 0.156672 0.842541
vt 0.156672 0.842541
vt 0.156672 0.842541
vt 0.156672 0.842541
vt 0.156672 0.842541
vt 0.156672 0.842541
vt 0.156672 0.842541
vt 0.156672 0.842541
vt 0.156672 0.842541
vt 0.156672 0.842541
vt 0.156672 0.842541
vt 0.156672 0.842541
vt 0.156672 0.842541
vt 0.156672 0.842541
vt 0.156672 0.842541
vt 0.156672 0.842541
vt 0.156672 0.842541
vt 0.156672 0.842541
vt 0.156672 0.842541
vt 0.156672 0.842541
vt 0.156672 0.842541
vt 0.156672 0.842541
vt 0.156672 0.842541
vt 0.156672 0.842541
vt 0.156672 0.842541
vt 0.156672 0.842541
vt 0.156672 0.842541
vt 0.156672 0.842541
vt 0.156672 0.842541
vt 0.156672 0.842541
vt 0.156672 0.842541
vt 0.156672 0.842541
vt 0.156672 0.842541
vt 0.156672 0.842541
vt 0.156672 0.842541
vt 0.156672 0.842541
vt 0.156672 0.842541
vt 0.156672 0.842541
vt 0.156672 0.842541
vt 0.156672 0.842541
vt 0.156672 0.842541
vt 0.156672 0.842541
vt 0.156672 0.842541
vt 0.156672 0.842541
vt 0.156672 0.842541
vt 0.156672 0.842541
vt 0.156672 0.842541
vt 0.156672 0.842541
vt 0.156672 0.842541
vt 0.156672 0.842541
vt 0.156672 0.842541
vt 0.156672 0.842541
vt 0.156672 0.842541
vt 0.156672 0.842541
vt 0.156672 0.842541
vt 0.156672 0.842541
vt 0.156672 0.842541
vt 0.156672 0.842541
vt 0.156672 0.842541
vt 0.156672 0.842541
vt 0.156672 0.842541
vt 0.156672 0.842541
vt 0.156672 0.842541
vt 0.156672 0.842541
vt 0.156672 0.842541
vt 0.156672 0.842541
vt 0.156672 0.842541
vt 0.156672 0.842541
vt 0.156672 0.842541
vt 0.156672 0.842541
vt 0.156672 0.842541
vt 0.156672 0.842541
vt 0.156672 0.842541
vt 0.156672 0.842541
vt 0.156672 0.842541
vt 0.156672 0.842541
vt 0.156672 0.842541
vt 0.156672 0.842541
vt 0.156672 0.842541
vt 0.156672 0.842541
vt 0.156672 0.842541
vt 0.156672 0.842541
vt 0.156672 0.842541
vt 0.156672 0.842541
vt 0.156672 0.842541
vt 0.156672 0.842541
vt 0.156672 0.842541
vt 0.156672 0.842541
vt 0.156672 0.842541
vt 0.156672 0.842541
vt 0.156672 0.842541
vt 0.156672 0.842541
vt 0.156672 0.842541
vt 0.156672 0.842541
vt 0.156672 0.842541
vt 0.156672 0.842541
vt 0.156672 0.842541
vt 0.156672 0.842541
vt 0.156672 0.842541
vt 0.156672 0.842541
vt 0.156672 0.842541
vt 0.156672 0.842541
vt 0.156672 0.842541
vt 0.156672 0.842541
vt 0.156672 0.842541
vt 0.156672 0.842541
vt 0.156672 0.842541
vt 0.156672 0.842541
vt 0.156672 0.842541
vt 0.156672 0.842541
vt 0.156672 0.842541
vt 0.156672 0.842541
vt 0.156672 0.842541
vt 0.156672 0.842541
vt 0.156672 0.842541
vt 0.156672 0.842541
vt 0.156672 0.842541
vt 0.156672 0.842541
vt 0.156672 0.842541
vt 0.156672 0.842541
vt 0.156672 0.842541
vt 0.156672 0.842541
vt 0.156672 0.842541
vt 0.156672 0.842541
vt 0.156672 0.842541
vt 0.156672 0.842541
vt 0.156672 0.842541
vt 0.156672 0.842541
vt 0.156672 0.842541
vt 0.156672 0.842541
vt 0.156672 0.842541
vt 0.156672 0.842541
vt 0.156672 0.842541
vt 0.156672 0.842541
vt 0.156672 0.842541
vt 0.156672 0.842541
vt 0.156672 0.842541
vt 0.156672 0.842541
vt 0.156672 0.842541
vt 0.156672 0.842541
vt 0.156672 0.842541
vt 0.156672 0.842541
vt 0.156672 0.842541
vt 0.156672 0.842541
vt 0.156672 0.842541
vt 0.156672 0.842541
vt 0.156672 0.842541
vt 0.156672 0.842541
vt 0.156672 0.842541
vt 0.156672 0.842541
vt 0.156672 0.842541
vt 0.156672 0.842541
vt 0.156672 0.842541
vt 0.156672 0.842541
vt 0.156672 0.842541
vt 0.156672 0.842541
vt 0.156672 0.842541
vt 0.156672 0.842541
vt 0.156672 0.842541
vt 0.156672 0.842541
vt 0.156672 0.842541
vt 0.156672 0.842541
vt 0.156672 0.842541
vt 0.156672 0.842541
vt 0.156672 0.842541
vt 0.156672 0.842541
vt 0.156672 0.842541
vt 0.156672 0.842541
vt 0.156672 0.842541
vt 0.156672 0.842541
vt 0.156672 0.842541
vt 0.156672 0.842541
vt 0.156672 0.842541
vt 0.156672 0.842541
vt 0.156672 0.842541
vt 0.156672 0.842541
vt 0.156672 0.842541
vt 0.156672 0.842541
vt 0.156672 0.842541
vt 0.156672 0.842541
vt 0.156672 0.842541
vt 0.156672 0.842541
vt 0.156672 0.842541
vt 0.156672 0.842541
vt 0.156672 0.842541
vt 0.156672 0.842541
vt 0.156672 0.842541
vt 0.156672 0.842541
vt 0.156672 0.842541
vt 0.156672 0.842541
vt 0.156672 0.842541
vt 0.156672 0.842541
vt 0.156672 0.842541
vt 0.156672 0.842541
vt 0.156672 0.842541
vt 0.156672 0.842541
vt 0.156672 0.842541
vt 0.156672 0.842541
vt 0.156672 0.842541
vt 0.156672 0.842541
vt 0.156672 0.842541
vt 0.156672 0.842541
vt 0.156672 0.842541
vt 0.156672 0.842541
vt 0.156672 0.842541
vt 0.156672 0.842541
vt 0.156672 0.842541
vt 0.156672 0.842541
vt 0.156672 0.842541
vt 0.156672 0.842541
vt 0.156672 0.842541
vt 0.156672 0.842541
vt 0.156672 0.842541
vt 0.156672 0.842541
vt 0.156672 0.842541
vt 0.156672 0.842541
vt 0.156672 0.842541
vt 0.156672 0.842541
vt 0.156672 0.842541
vt 0.156672 0.842541
vt 0.156672 0.842541
vt 0.156672 0.842541
vt 0.156672 0.842541
vt 0.156672 0.842541
vt 0.156672 0.842541
vt 0.156672 0.842541
vt 0.156672 0.842541
vt 0.156672 0.842541
vt 0.156672 0.842541
vt 0.156672 0.842541
vt 0.156672 0.842541
vt 0.156672 0.842541
vt 0.156672 0.842541
vt 0.156672 0.842541
vt 0.156672 0.842541
vt 0.156672 0.842541
vt 0.156672 0.842541
vt 0.156672 0.842541
vt 0.156672 0.842541
vt 0.156672 0.842541
vt 0.156672 0.842541
vt 0.156672 0.842541
vt 0.156672 0.842541
vt 0.156672 0.842541
vt 0.156672 0.842541
vt 0.156672 0.842541
vt 0.156672 0.842541
vt 0.156672 0.842541
vt 0.156672 0.842541
vt 0.156672 0.842541
vt 0.156672 0.842541
vt 0.156672 0.842541
vt 0.156672 0.842541
vt 0.156672 0.842541
vt 0.156672 0.842541
vt 0.156672 0.842541
vt 0.156672 0.842541
vt 0.156672 0.842541
vt 0.156672 0.842541
vt 0.156672 0.842541
vt 0.156672 0.842541
vt 0.156672 0.842541
vt 0.156672 0.842541
vt 0.156672 0.842541
vt 0.156672 0.842541
vt 0.156672 0.842541
vt 0.156672 0.842541
vt 0.033199 0.843904
vt 0.033199 0.843904
vt 0.033199 0.843904
vt 0.033199 0.843904
vt 0.033199 0.843904
vt 0.033199 0.843904
vt 0.033199 0.843904
vt 0.033199 0.843904
vt 0.092865 0.842963
vt 0.092865 0.842963
vt 0.092865 0.842963
vt 0.092865 0.842963
vt 0.092865 0.842963
vt 0.092865 0.842963
vt 0.092865 0.842963
vt 0.092865 0.842963
vt 0.092865 0.842963
vt 0.092865 0.842963
vt 0.092865 0.842963
vt 0.092865 0.842963
vt 0.092865 0.842963
vt 0.092865 0.842963
vt 0.033199 0.843904
vt 0.033199 0.843904
vt 0.033199 0.843904
vt 0.033199 0.843904
vt 0.092865 0.842963
vt 0.092865 0.842963
vt 0.033199 0.843904
vt 0.033199 0.843904
vt 0.033199 0.843904
vt 0.033199 0.843904
vt 0.092865 0.842963
vt 0.092865 0.842963
vt 0.092865 0.842963
vt 0.092865 0.842963
vt 0.907995 0.843271
vt 0.907995 0.843271
vt 0.907995 0.843271
vt 0.907995 0.843271
vt 0.907995 0.843271
vt 0.907995 0.843271
vt 0.907995 0.843271
vt 0.907995 0.843271
vt 0.907995 0.843271
vt 0.907995 0.843271
vt 0.907995 0.843271
vt 0.907995 0.843271
vt 0.907995 0.843271
vt 0.907995 0.843271
vt 0.907995 0.843271
vt 0.907995 0.843271
vt 0.347213 0.839223
vt 0.347213 0.839223
vt 0.347213 0.839223
vt 0.347213 0.839223
vt 0.347213 0.839223
vt 0.347213 0.839223
vt 0.347213 0.839223
vt 0.347213 0.839223
vt 0.347213 0.839223
vt 0.347213 0.839223
vt 0.347213 0.839223
vt 0.347213 0.839223
vt 0.347213 0.839223
vt 0.347213 0.839223
vt 0.347213 0.839223
vt 0.347213 0.839223
vt 0.348593 0.409695
vt 0.348593 0.409695
vt 0.348593 0.409695
vt 0.348593 0.409695
vt 0.348593 0.409695
vt 0.348593 0.409695
vt 0.348593 0.409695
vt 0.348593 0.409695
vt 0.348593 0.409695
vt 0.348593 0.409695
vt 0.348593 0.409695
vt 0.348593 0.409695
vt 0.348593 0.409695
vt 0.348593 0.409695
vt 0.348593 0.409695
vt 0.348593 0.409695
vt 0.348593 0.409695
vt 0.348593 0.409695
vt 0.348593 0.409695
vt 0.348593 0.409695
vt 0.348593 0.409695
vt 0.348593 0.409695
vt 0.348593 0.409695
vt 0.348593 0.409695
vt 0.348593 0.409695
vt 0.348593 0.409695
vt 0.348593 0.409695
vt 0.348593 0.409695
vt 0.348593 0.409695
vt 0.348593 0.409695
vt 0.348593 0.409695
vt 0.348593 0.409695
vt 0.348593 0.409695
vt 0.348593 0.409695
vt 0.348593 0.409695
vt 0.348593 0.409695
vt 0.348593 0.409695
vt 0.348593 0.409695
vt 0.348593 0.409695
vt 0.348593 0.409695
vt 0.348593 0.409695
vt 0.348593 0.409695
vt 0.348593 0.409695
vt 0.348593 0.409695
vt 0.348593 0.409695
vt 0.348593 0.409695
vt 0.348593 0.409695
vt 0.348593 0.409695
vt 0.348593 0.409695
vt 0.348593 0.409695
vt 0.348593 0.409695
vt 0.348593 0.409695
vt 0.348593 0.409695
vt 0.348593 0.409695
vt 0.348593 0.409695
vt 0.348593 0.409695
vt 0.348593 0.409695
vt 0.348593 0.409695
vt 0.348593 0.409695
vt 0.348593 0.409695
vt 0.348593 0.409695
vt 0.348593 0.409695
vt 0.348593 0.409695
vt 0.348593 0.409695
vt 0.348593 0.409695
vt 0.348593 0.409695
vt 0.348593 0.409695
vt 0.348593 0.409695
vt 0.348593 0.409695
vt 0.348593 0.409695
vt 0.348593 0.409695
vt 0.348593 0.409695
vt 0.348593 0.409695
vt 0.348593 0.409695
vt 0.593166 0.844532
vt 0.593166 0.844532
vt 0.593166 0.844532
vt 0.593166 0.844532
vt 0.593166 0.844532
vt 0.593166 0.844532
vt 0.593166 0.844532
vt 0.593166 0.844532
vt 0.593166 0.844532
vt 0.593166 0.844532
vt 0.593166 0.844532
vt 0.593166 0.844532
vt 0.593166 0.844532
vt 0.593166 0.844532
vt 0.593166 0.844532
vt 0.593166 0.844532
vt 0.593166 0.844532
vt 0.593166 0.844532
vt 0.593166 0.844532
vt 0.593166 0.844532
vt 0.593166 0.844532
vt 0.593166 0.844532
vt 0.593166 0.844532
vt 0.593166 0.844532
vt 0.593166 0.844532
vt 0.593166 0.844532
vt 0.593166 0.844532
vt 0.593166 0.844532
vt 0.593166 0.844532
vt 0.593166 0.844532
vt 0.593166 0.844532
vt 0.593166 0.844532
vt 0.593166 0.844532
vt 0.593166 0.844532
vt 0.593166 0.844532
vt 0.593166 0.844532
vt 0.593166 0.844532
vt 0.593166 0.844532
vt 0.593166 0.844532
vt 0.593166 0.844532
vt 0.593166 0.844532
vt 0.593166 0.844532
vt 0.593166 0.844532
vt 0.593166 0.844532
vt 0.593166 0.844532
vt 0.593166 0.844532
vt 0.593166 0.844532
vt 0.593166 0.844532
vt 0.593166 0.844532
vt 0.593166 0.844532
vt 0.593166 0.844532
vt 0.593166 0.844532
vt 0.593166 0.844532
vt 0.593166 0.844532
vt 0.593166 0.844532
vt 0.593166 0.844532
vt 0.593166 0.844532
vt 0.593166 0.844532
vt 0.593166 0.844532
vt 0.593166 0.844532
vt 0.593166 0.844532
vt 0.593166 0.844532
vt 0.593166 0.844532
vt 0.593166 0.844532
vt 0.593166 0.844532
vt 0.593166 0.844532
vt 0.593166 0.844532
vt 0.593166 0.844532
vt 0.593166 0.844532
vt 0.593166 0.844532
vt 0.593166 0.844532
vt 0.593166 0.844532
vt 0.593166 0.844532
vt 0.593166 0.844532
vt 0.593166 0.844532
vt 0.593166 0.844532
vt 0.593166 0.844532
vt 0.593166 0.844532
vt 0.593166 0.844532
vt 0.593166 0.844532
vt 0.593166 0.844532
vt 0.593166 0.844532
vt 0.593166 0.844532
vt 0.593166 0.844532
vt 0.593166 0.844532
vt 0.593166 0.844532
vt 0.593166 0.844532
vt 0.593166 0.844532
vt 0.593166 0.844532
vt 0.593166 0.844532
vt 0.593166 0.844532
vt 0.593166 0.844532
vt 0.593166 0.844532
vt 0.593166 0.844532
vt 0.593166 0.844532
vt 0.593166 0.844532
vt 0.593166 0.844532
vt 0.593166 0.844532
vt 0.593166 0.844532
vt 0.593166 0.844532
vt 0.593166 0.844532
vt 0.593166 0.844532
vt 0.593166 0.844532
vt 0.593166 0.844532
vt 0.593166 0.844532
vt 0.593166 0.844532
vt 0.593166 0.844532
vt 0.593166 0.844532
vt 0.593166 0.844532
vt 0.593166 0.844532
vt 0.593166 0.844532
vt 0.593166 0.844532
vt 0.593166 0.844532
vt 0.593166 0.844532
vt 0.593166 0.844532
vt 0.593166 0.844532
vt 0.593166 0.844532
vt 0.593166 0.844532
vt 0.593166 0.844532
vt 0.593166 0.844532
vt 0.593166 0.844532
vt 0.593166 0.844532
vt 0.593166 0.844532
vt 0.593166 0.844532
vt 0.593166 0.844532
vt 0.593166 0.844532
vt 0.593166 0.844532
vt 0.593166 0.844532
vt 0.593166 0.844532
vt 0.593166 0.844532
vt 0.593166 0.844532
vt 0.593166 0.844532
vt 0.593166 0.844532
vt 0.593166 0.844532
vt 0.593166 0.844532
vt 0.593166 0.844532
vt 0.593166 0.844532
vt 0.593166 0.844532
vt 0.593166 0.844532
vt 0.593166 0.844532
vt 0.593166 0.844532
vt 0.593166 0.844532
vt 0.593166 0.844532
vt 0.593166 0.844532
vt 0.593166 0.844532
vt 0.593166 0.844532
vt 0.593166 0.844532
vt 0.593166 0.844532
vt 0.593166 0.844532
vt 0.593166 0.844532
vt 0.593166 0.844532
vt 0.593166 0.844532
vt 0.593166 0.844532
vt 0.593166 0.844532
vt 0.593166 0.844532
vt 0.593166 0.844532
vt 0.593166 0.844532
vt 0.593166 0.844532
vt 0.593166 0.844532
vt 0.593166 0.844532
vt 0.593166 0.844532
vt 0.593166 0.844532
vt 0.593166 0.844532
vt 0.593166 0.844532
vt 0.593166 0.844532
vt 0.593166 0.844532
vt 0.593166 0.844532
vt 0.593166 0.844532
vt 0.593166 0.844532
vt 0.593166 0.844532
vt 0.593166 0.844532
vt 0.593166 0.844532
vt 0.593166 0.844532
vt 0.593166 0.844532
vt 0.593166 0.844532
vt 0.593166 0.844532
vt 0.593166 0.844532
vt 0.593166 0.844532
vt 0.593166 0.844532
vt 0.593166 0.844532
vt 0.593166 0.844532
vt 0.593166 0.844532
vt 0.593166 0.844532
vt 0.593166 0.844532
vt 0.593166 0.844532
vt 0.593166 0.844532
vt 0.593166 0.844532
vt 0.593166 0.844532
vt 0.593166 0.844532
vt 0.593166 0.844532
vt 0.593166 0.844532
vt 0.593166 0.844532
vt 0.593166 0.844532
vt 0.593166 0.844532
vt 0.593166 0.844532
vt 0.593166 0.844532
vt 0.593166 0.844532
vt 0.593166 0.844532
vt 0.593166 0.844532
vt 0.593166 0.844532
vt 0.593166 0.844532
vt 0.593166 0.844532
vt 0.593166 0.844532
vt 0.593166 0.844532
vt 0.593166 0.844532
vt 0.593166 0.844532
vt 0.593166 0.844532
vt 0.593166 0.844532
vt 0.593166 0.844532
vt 0.593166 0.844532
vt 0.593166 0.844532
vt 0.593166 0.844532
vt 0.593166 0.844532
vt 0.593166 0.844532
vt 0.593166 0.844532
vt 0.593166 0.844532
vt 0.593166 0.844532
vt 0.593166 0.844532
vt 0.593166 0.844532
vt 0.593166 0.844532
vt 0.593166 0.844532
vt 0.593166 0.844532
vt 0.593166 0.844532
vt 0.593166 0.844532
vt 0.593166 0.844532
vt 0.593166 0.844532
vt 0.593166 0.844532
vt 0.593166 0.844532
vt 0.593166 0.844532
vt 0.593166 0.844532
vt 0.593166 0.844532
vt 0.593166 0.844532
vt 0.593166 0.844532
vt 0.593166 0.844532
vt 0.593166 0.844532
vt 0.593166 0.844532
vt 0.593166 0.844532
vt 0.593166 0.844532
vt 0.593166 0.844532
vt 0.593166 0.844532
vt 0.593166 0.844532
vt 0.593166 0.844532
vt 0.593166 0.844532
vt 0.593166 0.844532
vt 0.593166 0.844532
vt 0.593166 0.844532
vt 0.593166 0.844532
vt 0.593166 0.844532
vt 0.593166 0.844532
vt 0.593166 0.844532
vt 0.593166 0.844532
vt 0.593166 0.844532
vt 0.593166 0.844532
vt 0.593166 0.844532
vt 0.593166 0.844532
vt 0.593166 0.844532
vt 0.593166 0.844532
vt 0.593166 0.844532
vt 0.593166 0.844532
vt 0.593166 0.844532
vt 0.593166 0.844532
vt 0.593166 0.844532
vt 0.593166 0.844532
vt 0.593166 0.844532
vt 0.593166 0.844532
vt 0.593166 0.844532
vt 0.593166 0.844532
vt 0.593166 0.844532
vt 0.593166 0.844532
vt 0.593166 0.844532
vt 0.593166 0.844532
vt 0.593166 0.844532
vt 0.593166 0.844532
vt 0.593166 0.844532
vt 0.593166 0.844532
vt 0.593166 0.844532
vt 0.593166 0.844532
vt 0.593166 0.844532
vt 0.593166 0.844532
vt 0.593166 0.844532
vt 0.593166 0.844532
vt 0.593166 0.844532
vt 0.593166 0.844532
vt 0.593166 0.844532
vt 0.593166 0.844532
vt 0.593166 0.844532
vt 0.593166 0.844532
vt 0.593166 0.844532
vt 0.593166 0.844532
vt 0.593166 0.844532
vt 0.593166 0.844532
vt 0.593166 0.844532
vt 0.593166 0.844532
vt 0.593166 0.844532
vt 0.593166 0.844532
vt 0.593166 0.844532
vt 0.593166 0.844532
vt 0.593166 0.844532
vt 0.593166 0.844532
vt 0.593166 0.844532
vt 0.593166 0.844532
vt 0.593166 0.844532
vt 0.593166 0.844532
vt 0.593166 0.844532
vt 0.593166 0.844532
vt 0.593166 0.844532
vt 0.593166 0.844532
vt 0.593166 0.844532
vt 0.593166 0.844532
vt 0.593166 0.844532
vt 0.593166 0.844532
vt 0.593166 0.844532
vt 0.593166 0.844532
vt 0.593166 0.844532
vt 0.593166 0.844532
vt 0.593166 0.844532
vt 0.593166 0.844532
vt 0.593166 0.844532
vt 0.593166 0.844532
vt 0.593166 0.844532
vt 0.593166 0.844532
vt 0.593166 0.844532
vt 0.593166 0.844532
vt 0.593166 0.844532
vt 0.593166 0.844532
vt 0.593166 0.844532
vt 0.593166 0.844532
vt 0.593166 0.844532
vt 0.593166 0.844532
vt 0.593166 0.844532
vt 0.593166 0.844532
vt 0.593166 0.844532
vt 0.593166 0.844532
vt 0.593166 0.844532
vt 0.593166 0.844532
vt 0.593166 0.844532
vt 0.593166 0.844532
vt 0.593166 0.844532
vt 0.593166 0.844532
vt 0.593166 0.844532
vt 0.593166 0.844532
vt 0.593166 0.844532
vt 0.593166 0.844532
vt 0.593166 0.844532
vt 0.593166 0.844532
vt 0.593166 0.844532
vt 0.593166 0.844532
vt 0.593166 0.844532
vt 0.593166 0.844532
vt 0.593166 0.844532
vt 0.593166 0.844532
vt 0.593166 0.844532
vt 0.593166 0.844532
vt 0.593166 0.844532
vt 0.593166 0.844532
vt 0.593166 0.844532
vt 0.593166 0.844532
vt 0.593166 0.844532
vt 0.593166 0.844532
vt 0.593166 0.844532
vt 0.593166 0.844532
vt 0.593166 0.844532
vt 0.593166 0.844532
vt 0.593166 0.844532
vt 0.593166 0.844532
vt 0.593166 0.844532
vt 0.593166 0.844532
vt 0.593166 0.844532
vt 0.593166 0.844532
vt 0.593166 0.844532
vt 0.593166 0.844532
vt 0.593166 0.844532
vt 0.593166 0.844532
vt 0.593166 0.844532
vt 0.593166 0.844532
vt 0.593166 0.844532
vt 0.593166 0.844532
vt 0.593166 0.844532
vt 0.593166 0.844532
vt 0.593166 0.844532
vt 0.593166 0.844532
vt 0.593166 0.844532
vt 0.593166 0.844532
vt 0.593166 0.844532
vt 0.219643 0.840179
vt 0.219643 0.840179
vt 0.219643 0.840179
vt 0.219643 0.840179
vt 0.219643 0.840179
vt 0.219643 0.840179
vt 0.219643 0.840179
vt 0.219643 0.840179
vt 0.219643 0.840179
vt 0.219643 0.840179
vt 0.219643 0.840179
vt 0.219643 0.840179
vt 0.219643 0.840179
vt 0.219643 0.840179
vt 0.219643 0.840179
vt 0.219643 0.840179
vt 0.219643 0.840179
vt 0.219643 0.840179
vt 0.219643 0.840179
vt 0.219643 0.840179
vt 0.219643 0.840179
vt 0.219643 0.840179
vt 0.219643 0.840179
vt 0.219643 0.840179
vt 0.219643 0.840179
vt 0.219643 0.840179
vt 0.219643 0.840179
vt 0.219643 0.840179
vt 0.219643 0.840179
vt 0.219643 0.840179
vt 0.219643 0.840179
vt 0.219643 0.840179
vt 0.219643 0.840179
vt 0.219643 0.840179
vt 0.219643 0.840179
vt 0.219643 0.840179
vt 0.219643 0.840179
vt 0.219643 0.840179
vt 0.219643 0.840179
vt 0.219643 0.840179
vt 0.219643 0.840179
vt 0.219643 0.840179
vt 0.219643 0.840179
vt 0.219643 0.840179
vt 0.219643 0.840179
vt 0.219643 0.840179
vt 0.219643 0.840179
vt 0.219643 0.840179
vt 0.219643 0.840179
vt 0.219643 0.840179
vt 0.219643 0.840179
vt 0.219643 0.840179
vt 0.219643 0.840179
vt 0.219643 0.840179
vt 0.219643 0.840179
vt 0.219643 0.840179
vt 0.219643 0.840179
vt 0.219643 0.840179
vt 0.219643 0.840179
vt 0.219643 0.840179
vt 0.219643 0.840179
vt 0.219643 0.840179
vt 0.219643 0.840179
vt 0.219643 0.840179
vt 0.219643 0.840179
vt 0.219643 0.840179
vt 0.219643 0.840179
vt 0.219643 0.840179
vt 0.219643 0.840179
vt 0.219643 0.840179
vt 0.219643 0.840179
vt 0.219643 0.840179
vt 0.219643 0.840179
vt 0.219643 0.840179
vt 0.219643 0.840179
vt 0.219643 0.840179
vt 0.219643 0.840179
vt 0.219643 0.840179
vt 0.219643 0.840179
vt 0.219643 0.840179
vt 0.219643 0.840179
vt 0.219643 0.840179
vt 0.219643 0.840179
vt 0.219643 0.840179
vt 0.219643 0.840179
vt 0.219643 0.840179
vt 0.219643 0.840179
vt 0.219643 0.840179
vt 0.219643 0.840179
vt 0.219643 0.840179
vt 0.219643 0.840179
vt 0.219643 0.840179
vt 0.219643 0.840179
vt 0.219643 0.840179
vt 0.219643 0.840179
vt 0.219643 0.840179
vt 0.219643 0.840179
vt 0.219643 0.840179
vt 0.219643 0.840179
vt 0.219643 0.840179
vt 0.219643 0.840179
vt 0.219643 0.840179
vt 0.219643 0.840179
vt 0.219643 0.840179
vt 0.219643 0.840179
vt 0.219643 0.840179
vt 0.219643 0.840179
vt 0.219643 0.840179
vt 0.219643 0.840179
vt 0.219643 0.840179
vt 0.219643 0.840179
vt 0.219643 0.840179
vt 0.219643 0.840179
vt 0.219643 0.840179
vt 0.219643 0.840179
vt 0.219643 0.840179
vt 0.219643 0.840179
vt 0.219643 0.840179
vt 0.219643 0.840179
vt 0.219643 0.840179
vt 0.219643 0.840179
vt 0.219643 0.840179
vt 0.219643 0.840179
vt 0.219643 0.840179
vt 0.219643 0.840179
vt 0.219643 0.840179
vt 0.219643 0.840179
vt 0.219643 0.840179
vt 0.219643 0.840179
vt 0.219643 0.840179
vt 0.219643 0.840179
vt 0.219643 0.840179
vt 0.219643 0.840179
vt 0.219643 0.840179
vt 0.219643 0.840179
vt 0.219643 0.840179
vt 0.219643 0.840179
vt 0.219643 0.840179
vt 0.219643 0.840179
vt 0.219643 0.840179
vt 0.219643 0.840179
vt 0.219643 0.840179
vt 0.219643 0.840179
vt 0.219643 0.840179
vt 0.219643 0.840179
vt 0.219643 0.840179
vt 0.219643 0.840179
vt 0.219643 0.840179
vt 0.219643 0.840179
vt 0.219643 0.840179
vt 0.219643 0.840179
vt 0.219643 0.840179
vt 0.219643 0.840179
vt 0.219643 0.840179
vt 0.219643 0.840179
vt 0.219643 0.840179
vt 0.219643 0.840179
vt 0.219643 0.840179
vt 0.219643 0.840179
vt 0.219643 0.840179
vt 0.219643 0.840179
vt 0.219643 0.840179
vt 0.219643 0.840179
vt 0.219643 0.840179
vt 0.219643 0.840179
vt 0.219643 0.840179
vt 0.219643 0.840179
vt 0.219643 0.840179
vt 0.219643 0.840179
vt 0.219643 0.840179
vt 0.219643 0.840179
vt 0.219643 0.840179
vt 0.219643 0.840179
vt 0.219643 0.840179
vt 0.219643 0.840179
vt 0.219643 0.840179
vt 0.219643 0.840179
vt 0.219643 0.840179
vt 0.844903 0.843328
vt 0.844903 0.843328
vt 0.844903 0.843328
vt 0.844903 0.843328
vt 0.844903 0.843328
vt 0.844903 0.843328
vt 0.844903 0.843328
vt 0.844903 0.843328
vt 0.844903 0.843328
vt 0.844903 0.843328
vt 0.844903 0.843328
vt 0.844903 0.843328
vt 0.844903 0.843328
vt 0.844903 0.843328
vt 0.844903 0.843328
vt 0.844903 0.843328
vt 0.781764 0.843275
vt 0.781764 0.843275
vt 0.781764 0.843275
vt 0.781764 0.843275
vt 0.781764 0.843275
vt 0.781764 0.843275
vt 0.781764 0.843275
vt 0.781764 0.843275
vt 0.781764 0.843275
vt 0.781764 0.843275
vt 0.781764 0.843275
vt 0.781764 0.843275
vt 0.781764 0.843275
vt 0.781764 0.843275
vt 0.781764 0.843275
vt 0.781764 0.843275
vt 0.781764 0.843275
vt 0.781764 0.843275
vt 0.781764 0.843275
vt 0.781764 0.843275
vt 0.781764 0.843275
vt 0.781764 0.843275
vt 0.781764 0.843275
vt 0.781764 0.843275
vt 0.781764 0.843275
vt 0.781764 0.843275
vt 0.781764 0.843275
vt 0.781764 0.843275
vt 0.781764 0.843275
vt 0.781764 0.843275
vt 0.781764 0.843275
vt 0.781764 0.843275
vt 0.781764 0.843275
vt 0.781764 0.843275
vt 0.781764 0.843275
vt 0.781764 0.843275
vt 0.781764 0.843275
vt 0.781764 0.843275
vt 0.781764 0.843275
vt 0.781764 0.843275
vt 0.781764 0.843275
vt 0.781764 0.843275
vt 0.781764 0.843275
vt 0.781764 0.843275
vt 0.781764 0.843275
vt 0.781764 0.843275
vt 0.781764 0.843275
vt 0.781764 0.843275
vt 0.781764 0.843275
vt 0.781764 0.843275
vt 0.781764 0.843275
vt 0.781764 0.843275
vt 0.781764 0.843275
vt 0.781764 0.843275
vt 0.781764 0.843275
vt 0.781764 0.843275
vt 0.781764 0.843275
vt 0.781764 0.843275
vt 0.781764 0.843275
vt 0.781764 0.843275
vt 0.781764 0.843275
vt 0.781764 0.843275
vt 0.781764 0.843275
vt 0.781764 0.843275
vt 0.781764 0.843275
vt 0.781764 0.843275
vt 0.781764 0.843275
vt 0.781764 0.843275
vt 0.781764 0.843275
vt 0.781764 0.843275
vt 0.781764 0.843275
vt 0.781764 0.843275
vt 0.781764 0.843275
vt 0.781764 0.843275
vt 0.781764 0.843275
vt 0.781764 0.843275
vt 0.781764 0.843275
vt 0.781764 0.843275
vt 0.781764 0.843275
vt 0.781764 0.843275
vt 0.781764 0.843275
vt 0.781764 0.843275
vt 0.781764 0.843275
vt 0.781764 0.843275
vt 0.781764 0.843275
vt 0.781764 0.843275
vt 0.781764 0.843275
vt 0.781764 0.843275
vt 0.781764 0.843275
vt 0.781764 0.843275
vt 0.781764 0.843275
vt 0.781764 0.843275
vt 0.781764 0.843275
vt 0.781764 0.843275
vt 0.781764 0.843275
vt 0.781764 0.843275
vt 0.781764 0.843275
vt 0.781764 0.843275
vt 0.781764 0.843275
vt 0.781764 0.843275
vt 0.781764 0.843275
vt 0.781764 0.843275
vt 0.781764 0.843275
vt 0.781764 0.843275
vt 0.781764 0.843275
vt 0.781764 0.843275
vt 0.781764 0.843275
vt 0.781764 0.843275
vt 0.781764 0.843275
vt 0.781764 0.843275
vt 0.781764 0.843275
vt 0.781764 0.843275
vt 0.781764 0.843275
vt 0.781764 0.843275
vt 0.781764 0.843275
vt 0.781764 0.843275
vt 0.781764 0.843275
vt 0.781764 0.843275
vt 0.781764 0.843275
vt 0.781764 0.843275
vt 0.781764 0.843275
vt 0.781764 0.843275
vt 0.781764 0.843275
vt 0.781764 0.843275
vt 0.781764 0.843275
vt 0.781764 0.843275
vt 0.781764 0.843275
vt 0.781764 0.843275
vt 0.781764 0.843275
vt 0.781764 0.843275
vt 0.781764 0.843275
vt 0.781764 0.843275
vt 0.781764 0.843275
vt 0.781764 0.843275
vt 0.781764 0.843275
vt 0.781764 0.843275
vt 0.781764 0.843275
vt 0.781764 0.843275
vt 0.781764 0.843275
vt 0.781764 0.843275
vt 0.781764 0.843275
vt 0.781764 0.843275
vt 0.781764 0.843275
vt 0.781764 0.843275
vt 0.781764 0.843275
vt 0.781764 0.843275
vt 0.781764 0.843275
vt 0.781764 0.843275
vt 0.781764 0.843275
vt 0.781764 0.843275
vt 0.781764 0.843275
vt 0.781764 0.843275
vt 0.781764 0.843275
vt 0.781764 0.843275
vt 0.781764 0.843275
vt 0.781764 0.843275
vt 0.781764 0.843275
vt 0.781764 0.843275
vt 0.781764 0.843275
vt 0.781764 0.843275
vt 0.781764 0.843275
vt 0.781764 0.843275
vt 0.781764 0.843275
vt 0.781764 0.843275
vt 0.781764 0.843275
vt 0.781764 0.843275
vt 0.781764 0.843275
vt 0.781764 0.843275
vt 0.781764 0.843275
vt 0.781764 0.843275
vt 0.781764 0.843275
vt 0.781764 0.843275
vt 0.781764 0.843275
vt 0.781764 0.843275
vt 0.781764 0.843275
vt 0.781764 0.843275
vt 0.781764 0.843275
vt 0.781764 0.843275
vt 0.781764 0.843275
vt 0.781764 0.843275
vt 0.781764 0.843275
vt 0.781764 0.843275
vt 0.781764 0.843275
vt 0.781764 0.843275
vt 0.781764 0.843275
vt 0.781764 0.843275
vt 0.781764 0.843275
vt 0.781764 0.843275
vt 0.781764 0.843275
vt 0.781764 0.843275
vn -1.0000 -0.0000 0.0000
vn 0.0000 0.0000 -1.0000
vn 0.0000 -1.0000 -0.0000
vn 0.9753 0.2026 -0.0876
vn 1.0000 -0.0000 0.0000
vn 0.0000 1.0000 0.0000
vn 0.0000 -0.0000 1.0000
vn -0.9998 0.0000 -0.0209
vn 1.0000 -0.0000 -0.0045
vn -1.0000 0.0000 -0.0081
vn 0.9994 -0.0000 -0.0359
vn -0.9615 0.2749 0.0000
vn 0.9615 -0.2749 0.0000
vn 0.0000 -0.9169 0.3992
vn 0.9704 -0.0000 -0.2416
vn 0.0000 -0.9188 0.3946
vn -0.9753 -0.2026 0.0876
vn 0.0130 -0.0007 -0.9999
vn -0.9704 -0.0000 0.2416
vn 0.0040 -0.0009 -1.0000
vn 0.9920 0.1262 0.0000
vn 0.0000 -0.0207 -0.9998
vn 0.0000 0.1128 -0.9936
vn 0.9753 0.2026 0.0876
vn -0.9998 0.0000 0.0209
vn 1.0000 0.0000 0.0045
vn -1.0000 0.0000 0.0081
vn 0.9994 0.0000 0.0359
vn 0.0000 -0.9169 -0.3992
vn 0.9704 0.0000 0.2416
vn -0.0000 -0.9188 -0.3946
vn -0.9753 -0.2026 -0.0876
vn 0.0131 -0.0007 0.9999
vn -0.9704 0.0000 -0.2416
vn 0.0040 -0.0009 1.0000
vn 0.0000 -0.0207 0.9998
vn 0.0000 0.1128 0.9936
vn 0.0000 0.8761 -0.4822
vn 0.0000 -0.8770 0.4804
vn 0.0000 -0.4620 -0.8869
vn -0.0078 -0.8714 0.4905
vn 0.0078 -0.8714 0.4905
vn 0.0083 -0.8711 0.4911
vn -0.0083 -0.8711 0.4911
vn 0.0000 0.8761 0.4822
vn 0.0000 -0.8770 -0.4804
vn 0.0000 -0.4620 0.8869
vn -0.0078 -0.8714 -0.4905
vn 0.0078 -0.8714 -0.4905
vn 0.0083 -0.8711 -0.4911
vn -0.0083 -0.8711 -0.4911
vn -0.7727 -0.2210 0.5950
vn -0.6831 0.7303 0.0000
vn 0.5368 -0.8437 0.0000
vn -0.9124 -0.4092 0.0000
vn -0.8095 -0.1345 0.5715
vn 0.6770 -0.7279 -0.1090
vn 0.6285 -0.7759 0.0540
vn 0.9999 0.0107 0.0000
vn 0.6758 -0.7371 0.0000
vn 0.6726 -0.7400 0.0047
vn -0.0005 1.0000 0.0017
vn -0.9999 -0.0005 -0.0154
vn -1.0000 -0.0021 -0.0063
vn 0.0005 -1.0000 -0.0019
vn 0.6873 -0.7264 0.0015
vn 0.7727 -0.2210 0.5950
vn 0.6831 0.7303 0.0000
vn -0.5368 -0.8437 0.0000
vn 0.9125 -0.4092 0.0000
vn 0.8095 -0.1345 0.5715
vn -0.6770 -0.7279 -0.1090
vn -0.6285 -0.7759 0.0540
vn -0.9999 0.0107 0.0000
vn -0.6758 -0.7371 0.0000
vn -0.6726 -0.7400 0.0047
vn 0.0005 1.0000 0.0017
vn 0.9999 -0.0005 -0.0154
vn 1.0000 -0.0021 -0.0063
vn -0.0005 -1.0000 -0.0019
vn -0.6873 -0.7264 0.0015
vn -0.7727 -0.2210 -0.5950
vn -0.8095 -0.1345 -0.5715
vn 0.6770 -0.7279 0.1090
vn 0.6285 -0.7759 -0.0540
vn 0.6726 -0.7400 -0.0047
vn -0.0005 1.0000 -0.0017
vn -0.9999 -0.0005 0.0154
vn -1.0000 -0.0021 0.0063
vn 0.0005 -1.0000 0.0019
vn 0.6873 -0.7264 -0.0015
vn 0.7727 -0.2210 -0.5950
vn 0.8095 -0.1345 -0.5715
vn -0.6770 -0.7279 0.1090
vn -0.6285 -0.7759 -0.0540
vn -0.6726 -0.7400 -0.0047
vn 0.0005 1.0000 -0.0017
vn 0.9999 -0.0005 0.0154
vn 1.0000 -0.0021 0.0063
vn -0.0005 -1.0000 0.0019
vn -0.6873 -0.7264 -0.0015
vn 0.7593 0.6508 0.0000
vn -0.7593 0.6508 0.0000
vn 0.0000 0.6385 0.7697
vn 0.0000 0.6385 -0.7697
vn 0.0000 0.6384 -0.7697
vn 0.7071 -0.0000 0.7071
vn -0.7071 -0.0000 0.7071
vn -0.7071 0.0000 -0.7071
vn 0.7071 0.0000 -0.7071
vn -0.1856 -0.2039 0.9612
vn -0.9911 0.0303 -0.1296
vn 0.3818 0.1490 -0.9122
vn 0.6724 0.0122 0.7401
vn -0.7784 -0.6266 0.0396
vn 0.5021 0.1374 0.8538
vn 0.7151 0.2826 -0.6394
vn 0.7261 0.3617 0.5847
vn 0.3642 0.1825 0.9133
vn 0.0046 -0.9941 0.1079
vn -0.2993 -0.9505 -0.0831
vn -0.6485 -0.7610 0.0192
vn 0.9143 0.1017 -0.3920
vn 0.9923 0.1231 -0.0161
vn 0.6634 -0.0073 0.7482
vn -0.9885 -0.0404 0.1455
vn -0.9322 -0.0107 0.3618
vn -0.9991 0.0416 0.0011
vn -0.6435 -0.7614 -0.0785
vn -0.3197 -0.4593 -0.8288
vn -0.3044 -0.9457 0.1141
vn -0.5431 0.3066 0.7817
vn -0.8295 0.2771 0.4848
vn -0.5584 0.3569 -0.7489
vn -0.3775 0.2572 0.8896
vn -0.3047 -0.6656 0.6813
vn -0.0939 0.0837 -0.9921
vn 0.4071 -0.0677 0.9109
vn 0.1469 -0.2156 0.9654
vn -0.1168 -0.3272 -0.9377
vn -0.9817 -0.1836 -0.0499
vn -0.9814 -0.1884 0.0377
vn -0.9716 -0.2130 0.1034
vn 0.9188 -0.3628 0.1553
vn 0.9448 -0.2903 -0.1518
vn 0.9251 -0.1402 -0.3529
vn 0.8920 -0.3106 0.3285
vn 0.2807 -0.2561 -0.9250
vn -0.9676 -0.2482 -0.0466
vn -0.0521 -0.1978 0.9788
vn 0.8154 -0.2998 0.4953
vn -0.9188 -0.2173 0.3296
vn -0.3531 0.2080 0.9122
vn -0.1797 -0.9833 -0.0300
vn -0.9326 -0.0970 0.3475
vn 0.2245 -0.7639 0.6050
vn 0.3607 0.1244 0.9243
vn 0.9383 0.0295 0.3445
vn -0.9784 -0.2031 0.0383
vn 0.9810 -0.1175 -0.1542
vn -0.2940 -0.6321 -0.7170
vn -0.3580 0.3999 -0.8438
vn 0.8679 0.0985 -0.4869
vn 0.6597 0.3415 -0.6695
vn -0.7141 -0.5418 -0.4433
vn -0.9992 0.0366 -0.0134
vn 0.6128 -0.1618 -0.7735
vn -0.9516 -0.1931 0.2393
vn -0.8973 0.2918 -0.3312
vn -0.5335 -0.4711 0.7024
vn -0.9833 0.0679 -0.1690
vn 0.9504 0.1257 -0.2846
vn -0.3277 -0.5247 0.7857
vn 0.7934 0.2390 -0.5597
vn 0.9194 -0.3415 -0.1954
vn -0.9811 -0.1711 -0.0904
vn -0.6509 0.2899 0.7016
vn -0.2472 -0.8954 0.3704
vn -0.9989 -0.0066 -0.0454
vn 0.9453 0.1025 0.3096
vn -0.1365 -0.7732 0.6193
vn 0.4889 0.3088 0.8158
vn 0.9952 -0.0000 -0.0979
vn -0.0279 0.0000 0.9996
vn -0.9364 -0.0000 0.3510
vn -0.0535 0.0000 -0.9986
vn -0.4918 -0.0000 0.8707
vn -0.7213 0.0000 0.6926
vn 0.3529 -0.0000 -0.9357
vn 0.9032 -0.0000 -0.4292
vn -0.6347 -0.0000 -0.7728
vn -0.2183 0.0000 -0.9759
vn 0.8238 -0.0000 0.5669
vn 0.4807 0.0000 0.8769
vn -0.5185 0.0000 0.8551
vn -0.9793 -0.0000 -0.2026
vn 0.6891 -0.0000 -0.7247
vn 0.9956 0.0000 0.0937
vn -0.0908 -0.0000 -0.9959
vn 0.2848 0.0000 -0.9586
vn 0.1241 0.0000 0.9923
vn -0.2023 0.0000 0.9793
vn 0.7781 0.0000 -0.6281
vn 0.9664 0.0000 -0.2572
vn -0.9131 0.0000 0.4076
vn -0.9970 0.0000 0.0771
vn 0.9033 0.0000 0.4290
vn -0.6055 0.0000 0.7959
vn -0.9385 0.0000 -0.3453
vn 0.7955 0.0000 -0.6059
vn -0.9961 0.0000 0.0885
vn -0.9934 0.0000 -0.1145
vn 0.9782 0.0000 -0.2079
vn 0.9974 0.0000 0.0724
vn 0.3312 0.0000 -0.9436
vn 0.6132 0.0000 -0.7899
vn -0.0063 0.0000 1.0000
vn -0.2105 0.0000 0.9776
vn 0.9964 0.0000 -0.0852
vn 0.1112 0.0000 0.9938
vn -0.9803 0.0000 0.1977
vn 0.0979 0.0000 -0.9952
vn -0.7370 0.0000 0.6759
vn -0.8784 0.0000 0.4780
vn 0.6343 0.0000 -0.7731
vn 0.8517 0.0000 -0.5241
vn -0.6315 0.0000 -0.7754
vn -0.2722 0.0000 -0.9622
vn 0.7962 0.0000 0.6051
vn 0.5296 0.0000 0.8483
vn 0.8819 0.0000 0.4714
vn -0.4420 0.0000 0.8970
vn -0.9234 0.0000 -0.3838
vn 0.8084 0.0000 -0.5886
vn -0.9919 0.0000 0.1273
vn -0.9951 0.0000 -0.0985
vn 0.9646 0.0000 -0.2638
vn 1.0000 0.0000 0.0036
vn -0.3430 0.0000 -0.9393
vn -0.1071 0.0000 -0.9943
vn -0.0212 0.0000 0.9998
vn 0.0367 0.0000 0.9993
vn 0.6544 0.0000 -0.7561
vn 0.8911 0.0000 0.4538
vn -0.3597 0.0000 0.9331
vn -0.8604 -0.0000 -0.5095
vn 0.2198 0.0000 0.9756
vn -0.0460 0.0000 0.9989
vn 0.0331 0.0000 -0.9995
vn 0.3707 -0.0000 -0.9288
vn -0.9843 0.0000 0.1762
vn -0.9832 0.0000 -0.1828
vn 0.9780 0.0000 -0.2084
vn 0.9921 0.0000 0.1256
vn 0.9992 0.0000 -0.0409
vn 0.3663 0.0000 0.9305
vn -0.9499 0.0000 0.3125
vn -0.2940 0.0000 -0.9558
vn -0.7494 0.0000 0.6621
vn -0.8588 0.0000 0.5123
vn 0.6482 0.0000 -0.7615
vn 0.8786 0.0000 -0.4775
vn -0.8396 0.0000 -0.5431
vn -0.5997 0.0000 -0.8002
vn 0.9303 0.0000 0.3668
vn 0.7058 0.0000 0.7084
vn 0.4223 0.0000 -0.9064
vn 0.9958 0.0000 0.0916
vn -0.3752 0.0000 0.9269
vn -0.9000 0.0000 -0.4358
vn -0.0903 0.0000 0.9959
vn -0.2126 0.0000 0.9771
vn -0.4473 0.0000 -0.8944
vn -0.0335 0.0000 -0.9994
vn -0.9563 0.0000 0.2923
vn -0.9965 0.0000 -0.0835
vn 0.9684 0.0000 -0.2495
vn 0.9988 0.0000 -0.0481
vn 0.6338 0.0000 -0.7735
vn 0.9763 0.0000 0.2166
vn -0.4522 0.0000 0.8919
vn -0.9849 0.0000 -0.1729
vn -0.0573 -0.0000 0.9984
vn -0.2545 0.0000 0.9671
vn -0.0203 0.0000 -0.9998
vn 0.2911 0.0000 -0.9567
vn -0.9281 0.0000 0.3725
vn -0.9969 0.0000 0.0787
vn 0.8719 0.0000 -0.4896
vn 0.9898 0.0000 -0.1423
vn 0.9624 0.0000 0.2716
vn -0.6293 0.0000 0.7771
vn -0.9693 0.0000 -0.2457
vn 0.8034 0.0000 -0.5954
vn -0.9973 0.0000 -0.0731
vn -0.9969 0.0000 0.0786
vn 0.9996 0.0000 0.0273
vn 0.3337 0.0000 -0.9427
vn 0.6110 0.0000 -0.7917
vn 0.4716 -0.0000 0.8818
vn -0.0362 -0.0000 0.9993
vn 0.9598 0.0000 -0.2807
vn -0.0632 0.0000 0.9980
vn -0.9200 -0.0000 0.3920
vn 0.1129 0.0000 -0.9936
vn -0.5430 -0.0000 0.8397
vn -0.7315 -0.0000 0.6819
vn 0.6220 0.0000 -0.7830
vn 0.7232 0.0000 -0.6906
vn -0.6002 -0.0000 -0.7999
vn -0.1215 0.0000 -0.9926
vn 0.8530 0.0000 0.5219
vn 0.5226 0.0000 0.8526
vn 0.9950 0.0000 -0.1001
vn 0.0100 -0.0000 1.0000
vn -0.9928 -0.0000 0.1197
vn -0.1217 0.0000 -0.9926
vn -0.4206 -0.0000 0.9072
vn -0.6693 -0.0000 0.7430
vn 0.3100 0.0000 -0.9507
vn 0.8937 0.0000 -0.4487
vn -0.7470 0.0000 -0.6648
vn -0.3267 0.0000 -0.9451
vn 0.8032 -0.0000 0.5957
vn 0.4675 0.0000 0.8840
vn 0.6634 -0.0073 0.7483
vn -0.9885 -0.0404 0.1454
vn -0.9817 -0.1836 -0.0498
vn 0.9448 -0.2903 -0.1519
vn 0.8920 -0.3106 0.3284
vn -0.9784 -0.2031 0.0382
vn 0.8679 0.0986 -0.4869
vn -0.3276 -0.5247 0.7857
vn 0.7934 0.2390 -0.5598
vn -0.9811 -0.1711 -0.0903
vn 0.9453 0.1025 0.3095
vn 0.9970 -0.0777 -0.0000
vn 0.9239 -0.0000 0.3827
vn 0.9228 -0.0721 0.3784
vn 0.7107 -0.0561 0.7013
vn 0.3827 -0.0000 0.9239
vn 0.3906 -0.0314 0.9200
vn 0.0098 -0.0015 1.0000
vn -0.3827 -0.0000 0.9239
vn -0.3741 0.0290 0.9269
vn -0.7010 0.0553 0.7110
vn -0.9239 -0.0000 0.3827
vn -0.9199 0.0730 0.3852
vn -0.9969 0.0792 -0.0000
vn -0.9239 0.0000 -0.3827
vn -0.9199 0.0730 -0.3852
vn -0.7010 0.0553 -0.7110
vn -0.3827 0.0000 -0.9239
vn -0.3741 0.0291 -0.9269
vn 0.0098 -0.0015 -1.0000
vn 0.3827 0.0000 -0.9239
vn 0.3907 -0.0314 -0.9200
vn 0.7107 -0.0561 -0.7013
vn 0.9239 0.0000 -0.3827
vn 0.9228 -0.0721 -0.3784
vn 0.0185 -0.0060 0.9998
vn 0.3795 -0.1233 0.9169
vn 0.0185 -0.0060 -0.9998
vn 0.3795 -0.1233 -0.9169
vn 0.3229 -0.2346 -0.9169
vn 0.0158 -0.0115 -0.9998
vn -0.8759 0.2846 -0.3897
vn -0.9511 0.3090 -0.0000
vn 0.6815 -0.2214 -0.6975
vn 0.6815 -0.2214 0.6975
vn 0.8813 -0.2863 0.3760
vn -0.8759 0.2846 0.3897
vn -0.6630 0.2154 0.7170
vn -0.3479 0.1131 -0.9307
vn -0.3479 0.1130 0.9307
vn -0.6630 0.2154 -0.7170
vn 0.8813 -0.2863 -0.3760
vn 0.9511 -0.3090 -0.0000
vn -0.5640 0.4098 -0.7170
vn -0.2959 0.2150 -0.9307
vn -0.2150 0.2959 -0.9307
vn -0.4097 0.5640 -0.7170
vn -0.5640 0.4097 0.7170
vn -0.2959 0.2150 0.9307
vn 0.5797 -0.4212 -0.6975
vn -0.7451 0.5413 0.3897
vn 0.7497 -0.5447 -0.3760
vn -0.8090 0.5878 0.0000
vn 0.7497 -0.5447 0.3760
vn 0.8090 -0.5878 0.0000
vn -0.7450 0.5413 -0.3897
vn 0.5797 -0.4212 0.6975
vn 0.3229 -0.2346 0.9169
vn 0.0158 -0.0115 0.9998
vn 0.5878 -0.8090 -0.0000
vn 0.5447 -0.7497 0.3760
vn 0.2863 -0.8813 0.3760
vn 0.3090 -0.9511 0.0000
vn 0.0115 -0.0158 0.9998
vn 0.2346 -0.3229 0.9169
vn 0.0115 -0.0158 -0.9998
vn -0.2150 0.2959 0.9307
vn 0.2346 -0.3229 -0.9169
vn -0.4098 0.5640 0.7170
vn 0.4212 -0.5797 -0.6975
vn -0.5413 0.7450 0.3897
vn 0.5447 -0.7497 -0.3760
vn -0.5878 0.8090 -0.0000
vn -0.5413 0.7450 -0.3897
vn 0.4212 -0.5797 0.6975
vn -0.1130 0.3479 0.9307
vn -0.2154 0.6630 0.7170
vn -0.0553 0.7010 0.7110
vn -0.0290 0.3741 0.9269
vn 0.2863 -0.8813 -0.3760
vn -0.2846 0.8759 -0.3897
vn -0.3090 0.9511 0.0000
vn 0.2214 -0.6815 0.6975
vn -0.2154 0.6630 -0.7170
vn 0.1233 -0.3796 0.9169
vn -0.1130 0.3479 -0.9307
vn 0.0060 -0.0186 0.9998
vn 0.0060 -0.0186 -0.9998
vn 0.1233 -0.3795 -0.9169
vn 0.2214 -0.6815 -0.6975
vn -0.2846 0.8759 0.3897
vn -0.0553 0.7010 -0.7110
vn -0.0290 0.3741 -0.9269
vn 0.0000 0.3827 -0.9239
vn 0.0000 0.7071 -0.7071
vn 0.0561 -0.7107 -0.7013
vn 0.0314 -0.3907 -0.9200
vn -0.0730 0.9199 0.3852
vn 0.0722 -0.9228 -0.3784
vn -0.0792 0.9969 0.0000
vn 0.0722 -0.9228 0.3784
vn 0.0777 -0.9970 0.0000
vn -0.0730 0.9199 -0.3852
vn 0.0561 -0.7107 0.7013
vn 0.0314 -0.3907 0.9200
vn 0.0015 -0.0098 1.0000
vn 0.0015 -0.0098 -1.0000
vn 0.0000 -0.3827 0.9239
vn 0.0000 0.3827 0.9239
vn -0.0000 -0.3827 -0.9239
vn 0.0000 0.7071 0.7071
vn 0.0000 -0.7071 -0.7071
vn 0.0000 0.9239 0.3827
vn 0.0000 -0.9239 -0.3827
vn 0.0000 -0.9239 0.3827
vn 0.0000 0.9239 -0.3827
vn 0.0000 -0.7071 0.7071
vn 0.3906 -0.0314 -0.9200
vn 0.0097 -0.0015 -1.0000
vn -0.3741 0.0290 -0.9269
vn 0.3907 -0.0314 0.9200
vn -0.3479 0.1130 -0.9307
vn -0.5640 0.4098 0.7170
vn -0.4097 0.5640 0.7170
vn -0.5640 0.4097 -0.7170
vn -0.7450 0.5413 0.3897
vn -0.4098 0.5640 -0.7170
vn 0.1233 -0.3796 -0.9169
vn 0.1233 -0.3795 0.9169
vn -1.0000 0.0001 0.0000
vn 0.2549 0.9670 0.0000
vn 0.4931 0.8700 0.0000
vn 0.4931 0.8038 -0.3329
vn 0.2549 0.8934 -0.3701
vn -0.9618 0.2739 -0.0000
vn -0.9618 0.2530 -0.1048
vn 0.8590 0.5120 0.0000
vn 0.9618 0.2739 -0.0000
vn 0.9618 0.2531 -0.1048
vn 0.8590 0.4730 -0.1959
vn -0.6991 0.7151 0.0000
vn -0.4931 0.8700 0.0000
vn -0.4931 0.8037 -0.3329
vn -0.6991 0.6606 -0.2737
vn 0.6991 0.7151 0.0000
vn 0.6991 0.6606 -0.2737
vn -0.8590 0.5120 0.0000
vn -0.8590 0.4730 -0.1959
vn -0.2549 0.9670 0.0000
vn -0.2549 0.8934 -0.3701
vn 0.8590 0.3621 -0.3620
vn 0.6991 0.5056 -0.5056
vn -0.6991 0.5056 -0.5056
vn -0.8590 0.3621 -0.3620
vn -0.2549 0.6838 -0.6838
vn 0.4931 0.6152 -0.6152
vn -0.9618 0.1937 -0.1937
vn 0.9618 0.1937 -0.1937
vn -0.4931 0.6152 -0.6152
vn 0.2549 0.6838 -0.6838
vn -0.9618 0.1048 -0.2530
vn 0.9618 0.1048 -0.2531
vn 0.8590 0.1959 -0.4730
vn -0.4931 0.3329 -0.8037
vn -0.6991 0.2736 -0.6606
vn 0.2549 0.3701 -0.8934
vn 0.6991 0.2736 -0.6606
vn -0.8590 0.1959 -0.4730
vn -0.2549 0.3701 -0.8934
vn 0.4931 0.3329 -0.8038
vn 0.6991 -0.0000 -0.7151
vn 0.4931 -0.0000 -0.8700
vn -0.8590 -0.0000 -0.5120
vn -0.9618 0.0000 -0.2739
vn 0.9618 0.0000 -0.2739
vn -0.2549 -0.0000 -0.9670
vn -0.4931 -0.0000 -0.8700
vn 0.2549 -0.0000 -0.9670
vn 0.8590 -0.0000 -0.5120
vn -0.6991 -0.0000 -0.7151
vn 0.8590 -0.1959 -0.4730
vn 0.6991 -0.2736 -0.6606
vn -0.6991 -0.2736 -0.6606
vn -0.8590 -0.1959 -0.4730
vn -0.2548 -0.3700 -0.8934
vn 0.4931 -0.3329 -0.8038
vn -0.9618 -0.1048 -0.2530
vn 0.9618 -0.1048 -0.2531
vn -0.4931 -0.3329 -0.8037
vn 0.2548 -0.3700 -0.8934
vn 0.4931 -0.6152 -0.6152
vn 0.2548 -0.6838 -0.6838
vn -0.9618 -0.1937 -0.1937
vn 0.9618 -0.1937 -0.1937
vn 0.8590 -0.3620 -0.3621
vn -0.4931 -0.6152 -0.6152
vn -0.6991 -0.5056 -0.5056
vn 0.6991 -0.5056 -0.5056
vn -0.8590 -0.3621 -0.3621
vn -0.2548 -0.6838 -0.6838
vn 0.6991 -0.6606 -0.2736
vn 0.4931 -0.8038 -0.3329
vn -0.8590 -0.4731 -0.1959
vn -0.9618 -0.2530 -0.1048
vn 0.9618 -0.2531 -0.1048
vn -0.2549 -0.8934 -0.3700
vn -0.4931 -0.8037 -0.3329
vn 0.2549 -0.8934 -0.3700
vn 0.8590 -0.4730 -0.1959
vn -0.6991 -0.6606 -0.2736
vn 0.2549 -0.9670 0.0000
vn 0.8590 -0.5120 0.0000
vn 0.6991 -0.7151 0.0000
vn -0.6991 -0.7151 0.0000
vn -0.8590 -0.5120 0.0000
vn -0.2549 -0.9670 0.0000
vn 0.4931 -0.8700 0.0000
vn -0.9618 -0.2739 -0.0000
vn 0.9618 -0.2739 -0.0000
vn -0.4931 -0.8700 0.0000
vn 0.4931 -0.8038 0.3329
vn 0.2548 -0.8934 0.3700
vn -0.9618 -0.2530 0.1048
vn 0.9618 -0.2531 0.1048
vn 0.8590 -0.4731 0.1959
vn -0.4931 -0.8037 0.3329
vn -0.6991 -0.6606 0.2736
vn 0.6991 -0.6606 0.2736
vn -0.8590 -0.4731 0.1959
vn -0.2548 -0.8934 0.3700
vn -0.2548 -0.6838 0.6838
vn 0.6991 -0.5056 0.5056
vn 0.4931 -0.6152 0.6152
vn -0.8590 -0.3621 0.3621
vn -0.9618 -0.1937 0.1937
vn 0.9618 -0.1937 0.1937
vn -0.4931 -0.6152 0.6152
vn 0.2548 -0.6838 0.6838
vn 0.8590 -0.3621 0.3620
vn -0.6991 -0.5056 0.5056
vn 0.2548 -0.3700 0.8934
vn 0.8590 -0.1959 0.4731
vn 0.6991 -0.2736 0.6606
vn -0.6991 -0.2736 0.6606
vn -0.8590 -0.1959 0.4731
vn -0.2548 -0.3700 0.8934
vn 0.4931 -0.3329 0.8038
vn -0.9618 -0.1048 0.2530
vn 0.9618 -0.1048 0.2531
vn -0.4931 -0.3329 0.8037
vn -0.2548 -0.0000 0.9670
vn -0.4931 -0.0000 0.8700
vn 0.4931 -0.0000 0.8700
vn 0.2548 -0.0000 0.9670
vn -0.9618 0.0000 0.2739
vn 0.9618 0.0000 0.2739
vn 0.8590 0.0000 0.5120
vn -0.6991 -0.0000 0.7151
vn 0.6991 -0.0000 0.7151
vn -0.8590 -0.0000 0.5120
vn -0.2548 0.3700 0.8934
vn 0.6991 0.2736 0.6606
vn 0.4931 0.3329 0.8038
vn -0.8590 0.1959 0.4730
vn -0.9618 0.1048 0.2530
vn 0.9618 0.1048 0.2531
vn -0.4931 0.3329 0.8037
vn 0.2548 0.3700 0.8934
vn 0.8590 0.1959 0.4730
vn -0.6991 0.2736 0.6606
vn -0.4931 0.6152 0.6152
vn -0.6991 0.5056 0.5056
vn 0.2549 0.6838 0.6838
vn 0.8590 0.3621 0.3620
vn 0.6991 0.5056 0.5056
vn -0.8590 0.3621 0.3620
vn -0.2549 0.6838 0.6838
vn 0.4931 0.6152 0.6152
vn -0.9618 0.1937 0.1937
vn 0.9618 0.1937 0.1937
vn 0.9618 0.2531 0.1048
vn -0.2549 0.8934 0.3700
vn -0.4931 0.8037 0.3329
vn 0.4931 0.8038 0.3329
vn 0.2549 0.8934 0.3700
vn -0.9618 0.2530 0.1048
vn 0.8590 0.4730 0.1959
vn -0.6991 0.6606 0.2736
vn 0.6991 0.6606 0.2736
vn -0.8590 0.4730 0.1959
vn 0.9239 0.3827 0.0000
vn 0.7071 0.7071 0.0000
vn -0.9952 0.0980 0.0000
vn -0.3822 0.9241 0.0000
vn -0.7071 0.7071 0.0000
vn -0.9239 0.3827 0.0000
vn 0.3822 0.9241 0.0000
vn 0.9952 0.0980 0.0000
vn -0.4097 -0.0000 0.9122
vn -0.7226 -0.0000 0.6913
vn -0.6258 -0.3613 0.6913
vn -0.3548 -0.2048 0.9122
vn -0.9283 -0.0000 0.3718
vn -0.8660 -0.5000 0.0000
vn -0.8039 -0.4642 0.3717
vn -0.9283 -0.0000 -0.3717
vn -0.7225 -0.0000 -0.6913
vn -0.6257 -0.3613 -0.6913
vn -0.8040 -0.4642 -0.3717
vn -0.4097 -0.0000 -0.9122
vn -0.3548 -0.2048 -0.9122
vn -0.3613 -0.6257 -0.6913
vn -0.4641 -0.8040 -0.3717
vn -0.2048 -0.3548 -0.9122
vn -0.2048 -0.3548 0.9122
vn -0.4641 -0.8040 0.3717
vn -0.3613 -0.6258 0.6913
vn -0.5000 -0.8660 0.0000
vn 0.0000 -0.4097 0.9122
vn -0.0000 -0.9283 0.3717
vn -0.0000 -0.7226 0.6913
vn -0.0000 -0.9283 -0.3717
vn 0.0000 -0.4097 -0.9122
vn -0.0000 -0.7225 -0.6913
vn 0.2048 -0.3548 -0.9122
vn 0.3613 -0.6257 -0.6914
vn 0.3613 -0.6258 0.6913
vn 0.2048 -0.3548 0.9122
vn 0.5000 -0.8660 0.0000
vn 0.4642 -0.8040 0.3717
vn 0.4642 -0.8040 -0.3717
vn 0.6258 -0.3613 0.6913
vn 0.3548 -0.2048 0.9122
vn 0.8660 -0.5000 0.0000
vn 0.8040 -0.4642 0.3717
vn 0.6257 -0.3612 -0.6914
vn 0.8040 -0.4642 -0.3717
vn 0.3548 -0.2048 -0.9122
vn 0.4097 -0.0000 -0.9122
vn 0.4097 -0.0000 0.9122
vn 0.9283 -0.0000 0.3718
vn 0.7226 -0.0000 0.6913
vn 0.9283 -0.0000 -0.3717
vn 0.7225 -0.0000 -0.6913
vn 0.8040 0.4642 0.3718
vn 0.6258 0.3613 0.6913
vn 0.8040 0.4642 -0.3717
vn 0.8660 0.5000 0.0000
vn 0.3548 0.2048 -0.9122
vn 0.6257 0.3612 -0.6914
vn 0.3548 0.2048 0.9122
vn 0.3613 0.6258 0.6913
vn 0.2049 0.3548 0.9122
vn 0.5000 0.8660 0.0000
vn 0.4642 0.8039 0.3718
vn 0.3613 0.6257 -0.6913
vn 0.4642 0.8040 -0.3718
vn 0.2049 0.3548 -0.9122
vn -0.0000 0.9283 0.3718
vn -0.0000 0.7225 -0.6913
vn -0.0000 0.9283 -0.3718
vn 0.0000 0.4097 -0.9122
vn -0.0000 0.4097 0.9122
vn -0.0000 0.7226 0.6913
vn -0.2049 0.3548 0.9122
vn -0.4641 0.8040 0.3718
vn -0.3613 0.6258 0.6913
vn -0.4641 0.8040 -0.3718
vn -0.5000 0.8660 0.0000
vn -0.2049 0.3548 -0.9122
vn -0.3613 0.6257 -0.6913
vn -0.8040 0.4642 -0.3717
vn -0.8660 0.5000 0.0000
vn -0.3548 0.2048 -0.9122
vn -0.6257 0.3613 -0.6913
vn -0.6258 0.3613 0.6913
vn -0.3548 0.2048 0.9122
vn -0.8039 0.4642 0.3718
usemtl Pack3.001
s off
f 1/1/1 2/2/1 3/3/1 4/4/1
f 5/5/2 6/6/2 7/7/2 8/8/2 9/9/2 10/10/2 11/11/2 12/12/2
f 13/13/3 14/14/3 15/15/3 16/16/3
f 17/17/4 18/18/4 19/19/4 20/20/4 21/21/4
f 22/22/5 23/23/5 24/24/5 25/25/5 26/26/5 27/27/5
f 28/28/3 29/29/3 30/30/3 31/31/3
f 32/32/1 33/33/1 34/34/1 35/35/1
f 36/36/1 32/32/1 35/35/1 37/37/1
f 38/38/5 39/39/5 40/40/5 41/41/5
f 42/42/1 43/43/1 44/44/1 45/45/1
f 4/4/2 3/3/2 46/46/2 47/47/2 48/48/2 49/49/2
f 50/50/1 1/1/1 4/4/1 51/51/1
f 52/52/1 53/53/1 54/54/1 55/55/1
f 56/56/2 5/57/2 12/58/2 57/59/2
f 58/60/2 59/61/2 60/62/2 61/63/2
f 62/64/5 63/65/5 59/61/5 58/60/5
f 64/66/1 65/67/1 66/68/1 67/69/1
f 61/63/5 60/62/5 68/70/5 69/71/5 70/72/5
f 59/61/6 71/73/6 68/70/6 60/62/6
f 31/31/3 30/30/3 72/74/3 73/75/3
f 74/76/7 75/77/7 76/78/7 77/79/7
f 78/80/6 79/81/6 80/82/6 81/83/6
f 82/84/1 80/85/1 83/86/1 84/87/1
f 41/41/7 40/40/7 85/88/7 86/89/7
f 71/73/6 59/61/6 79/81/6 78/80/6
f 40/40/3 87/90/3 88/91/3 85/88/3
f 89/92/3 90/93/3 45/45/3 44/44/3
f 91/94/7 89/92/7 44/44/7 92/95/7
f 85/96/5 88/97/5 90/93/5 89/92/5
f 86/98/5 85/96/5 89/92/5 91/94/5
f 80/85/3 79/99/3 93/100/3 83/86/3
f 79/99/5 94/101/5 95/102/5 93/100/5
f 93/100/7 95/102/7 84/87/7 83/86/7
f 59/103/7 96/104/7 94/105/7 79/106/7
f 97/107/1 82/84/1 84/87/1 92/95/1
f 80/85/5 82/84/5 98/108/5 81/109/5
f 53/110/1 99/111/1 100/112/1 54/113/1
f 54/113/2 100/112/2 101/114/2 102/115/2 103/116/2 104/117/2 6/6/2 5/5/2
f 63/118/5 105/119/5 96/104/5 59/103/5
f 65/120/1 106/121/1 107/122/1 66/123/1
f 66/123/1 107/122/1 108/124/1 109/125/1
f 67/69/1 66/68/1 109/126/1 110/127/1
f 37/37/1 35/35/1 111/128/1 112/129/1
f 29/29/3 113/130/3 114/131/3 30/30/3
f 35/35/1 34/34/1 115/132/1 111/128/1
f 116/133/5 117/134/5 118/135/5 119/136/5
f 120/137/5 121/138/5 122/139/5 123/140/5
f 57/59/5 12/58/5 124/141/5 125/142/5
f 12/12/5 11/11/5 126/143/5 124/144/5
f 109/125/1 108/124/1 99/111/1 53/110/1
f 110/127/1 109/126/1 53/53/1 52/52/1
f 112/129/1 111/128/1 1/1/1 50/50/1
f 113/130/3 13/13/3 16/16/3 114/131/3
f 111/128/1 115/132/1 2/2/1 1/1/1
f 127/145/5 128/146/5 129/147/5 130/148/5 131/149/5
f 132/150/5 133/151/5 134/152/5 135/153/5
f 105/119/6 126/143/6 136/154/6 137/155/6
f 38/156/2 105/119/2 137/155/2 138/157/2
f 123/140/7 122/139/7 127/158/7 139/159/7
f 140/160/7 131/149/7 141/161/7 142/162/7
f 131/149/3 130/148/3 143/163/3 141/161/3
f 144/164/2 145/165/2 146/166/2 147/167/2
f 137/168/5 133/151/5 145/165/5
f 139/169/5 127/145/5 131/149/5 140/160/5
f 138/170/5 137/168/5 145/165/5 144/164/5
f 142/171/5 141/172/5 143/173/5 148/174/5
f 134/152/6 149/175/6 150/176/6 151/177/6
f 145/165/6 133/151/6 152/178/6 146/166/6
f 122/139/3 39/39/3 128/179/3 127/158/3
f 128/146/5 153/180/5 129/147/5
f 137/168/5 136/181/5 149/175/5 134/152/5 133/151/5
f 154/182/5 155/183/5 156/184/5 147/185/5
f 119/136/5 118/135/5 23/23/5 22/22/5
f 129/147/3 153/180/3 156/186/3 155/187/3
f 125/142/5 124/141/5 63/65/5 62/64/5
f 124/144/5 126/143/5 105/119/5 63/118/5
f 148/188/2 143/163/2 130/148/2 135/153/2
f 154/189/7 152/178/7 133/151/7 132/150/7
f 157/190/2 158/191/2 159/192/2 160/193/2 161/194/2
f 162/195/2 163/196/2 164/197/2 165/198/2
f 10/199/6 7/200/6 166/201/6 167/202/6
f 168/203/8 10/10/8 167/204/8 169/205/8
f 170/206/9 171/207/9 157/208/9 172/209/9
f 173/210/5 161/194/5 174/211/5 175/212/5
f 161/194/3 160/193/3 176/213/3 174/211/3
f 177/214/1 178/215/1 179/216/1 180/217/1
f 167/218/2 163/196/2 178/215/2
f 172/219/2 157/190/2 161/194/2 173/210/2
f 169/220/2 167/218/2 178/215/2 177/214/2
f 175/221/2 174/222/2 176/223/2 181/224/2
f 164/197/6 182/225/6 183/226/6 184/227/6
f 178/215/6 163/196/6 185/228/6 179/216/6
f 171/207/3 186/229/3 158/230/3 157/208/3
f 158/191/2 187/231/2 159/192/2
f 167/218/2 166/232/2 182/225/2 164/197/2 163/196/2
f 188/233/2 189/234/2 190/235/2 180/236/2
f 159/192/3 187/231/3 190/237/3 189/238/3
f 181/239/1 176/213/1 160/193/1 165/198/1
f 188/240/5 185/228/5 163/196/5 162/195/5
f 191/241/3 192/242/3 13/13/3 113/130/3
f 193/243/3 191/241/3 113/130/3 29/29/3
f 194/244/2 195/245/2 196/246/2 197/247/2 198/248/2
f 55/55/2 54/54/2 5/57/2 56/56/2
f 199/249/3 193/243/3 29/29/3 28/28/3
f 192/242/3 200/250/3 14/14/3 13/13/3
f 104/117/2 7/7/2 6/6/2
f 170/251/2 7/7/2 104/117/2 201/252/2
f 168/253/2 186/229/2 121/138/2 120/137/2
f 202/254/2 203/255/2 204/256/2 205/257/2
f 104/258/6 101/259/6 206/260/6 207/261/6
f 201/252/10 104/117/10 207/262/10 208/263/10
f 209/264/11 49/49/11 194/265/11 210/266/11
f 211/267/5 198/248/5 212/268/5 213/269/5
f 198/248/3 197/247/3 214/270/3 212/268/3
f 215/271/1 216/272/1 217/273/1 218/274/1
f 207/275/2 203/255/2 216/272/2
f 210/276/2 194/244/2 198/248/2 211/267/2
f 208/277/2 207/275/2 216/272/2 215/271/2
f 213/278/2 212/279/2 214/280/2 219/281/2
f 204/256/6 220/282/6 221/283/6 222/284/6
f 216/272/6 203/255/6 223/285/6 217/273/6
f 49/49/3 224/286/3 195/287/3 194/265/3
f 195/245/2 225/288/2 196/246/2
f 207/275/2 206/289/2 220/282/2 204/256/2 203/255/2
f 226/290/2 227/291/2 228/292/2 218/293/2
f 196/246/3 225/288/3 228/294/3 227/295/3
f 219/296/1 214/270/1 197/247/1 205/257/1
f 226/297/5 223/285/5 203/255/5 202/254/5
f 51/51/2 4/4/2 49/49/2 209/264/2
f 122/139/2 119/136/2 229/298/2
f 121/138/5 116/133/5 119/136/5 122/139/5
f 39/39/5 22/22/5 230/299/5 40/40/5
f 231/300/5 232/301/5 233/302/5 234/303/5
f 235/304/5 25/25/5 24/24/5 236/305/5
f 237/306/12 238/307/12 239/308/12 240/309/12 241/310/12
f 242/311/13 243/312/13 244/313/13 245/314/13 246/315/13
f 25/25/14 235/304/14 18/316/14 17/317/14
f 26/26/7 25/25/7 17/317/7 247/318/7
f 248/319/6 27/320/6 243/321/6 242/322/6
f 20/20/5 19/19/5 249/323/5 250/324/5 251/325/5
f 243/312/15 247/326/15 252/327/15 253/328/15 244/313/15
f 21/21/16 20/20/16 254/329/16 255/330/16
f 233/331/17 232/332/17 255/330/17 254/329/17 256/333/17
f 254/329/18 20/20/18 251/325/18 257/334/18
f 258/335/7 21/21/7 255/330/7 259/336/7
f 260/337/5 250/324/5 249/323/5 246/315/5 245/314/5
f 249/323/7 261/338/7 239/308/7 246/315/7
f 240/309/6 245/314/6 244/313/6 241/310/6
f 256/333/1 254/329/1 257/334/1 262/339/1 261/338/1
f 231/340/19 237/306/19 241/310/19 263/341/19 264/342/19
f 247/326/15 17/17/15 21/21/15 258/335/15 252/327/15
f 232/332/19 231/340/19 264/342/19 259/336/19 255/330/19
f 27/27/7 26/26/7 247/318/7 243/343/7
f 237/344/5 231/300/5 234/303/5 238/345/5
f 265/346/20 260/337/20 245/314/20 240/309/20
f 19/19/7 256/333/7 261/338/7 249/323/7
f 261/338/1 262/339/1 265/346/1 240/309/1 239/308/1
f 260/337/3 265/346/3 263/341/3 253/328/3
f 263/341/19 259/336/19 264/342/19
f 258/335/15 253/328/15 252/327/15
f 257/334/1 265/346/1 262/339/1
f 260/337/5 251/325/5 250/324/5
f 251/325/5 260/337/5 253/328/5 258/335/5
f 257/334/6 251/325/6 258/335/6 259/336/6
f 244/313/7 253/328/7 263/341/7 241/310/7
f 265/346/1 257/334/1 259/336/1 263/341/1
f 266/347/5 267/348/5 268/349/5 269/350/5
f 270/351/3 271/352/3 267/348/3 266/347/3
f 27/320/6 248/319/6 269/350/6 268/349/6
f 268/349/5 267/348/5 272/353/5 273/354/5
f 274/355/5 75/77/5 43/43/5 42/42/5
f 77/356/5 76/357/5 275/358/5 276/359/5
f 74/76/5 277/360/5 82/84/5 97/107/5
f 277/360/5 278/361/5 98/108/5 82/84/5
f 75/77/3 274/355/3 275/362/3 76/78/3
f 278/361/6 277/360/6 279/363/6 280/364/6
f 281/365/2 282/366/2 273/354/2 272/353/2
f 271/367/1 27/27/1 282/368/1 281/369/1
f 27/320/6 268/349/6 273/354/6 282/366/6
f 267/348/3 271/352/3 281/365/3 272/353/3
f 193/243/3 199/249/3 283/370/3 284/371/3
f 14/14/3 200/250/3 285/372/3 286/373/3
f 192/242/3 191/241/3 287/374/3 288/375/3
f 289/376/6 61/377/6 290/378/6 291/379/6
f 125/380/6 62/381/6 289/376/6 292/382/6
f 30/383/2 58/60/2 61/63/2 70/72/2 72/384/2
f 55/385/6 56/386/6 293/387/6 294/388/6
f 52/389/6 55/385/6 294/388/6 295/390/6
f 73/75/3 72/74/3 296/391/3 297/392/3
f 298/393/3 299/394/3 300/395/3 301/396/3
f 72/74/3 298/393/3 301/396/3 296/391/3
f 30/30/3 114/131/3 298/393/3 72/74/3
f 16/16/3 15/15/3 302/397/3 299/394/3
f 62/381/6 58/398/6 61/377/6 289/376/6
f 114/131/3 16/16/3 299/394/3 298/393/3
f 57/399/6 125/380/6 292/382/6 303/400/6
f 300/395/5 304/401/5 291/379/5 301/396/5
f 305/402/5 306/403/5 304/401/5 300/395/5
f 301/396/5 291/379/5 290/378/5 307/404/5 296/391/5
f 292/382/6 289/376/6 291/379/6 304/401/6
f 290/378/7 61/377/7 70/405/7 307/404/7
f 299/394/3 302/397/3 305/402/3 300/395/3
f 303/400/6 292/382/6 304/401/6 306/403/6
f 285/372/2 294/388/2 293/387/2 286/373/2
f 308/406/2 309/407/2 306/403/2 305/402/2
f 286/373/2 293/387/2 309/407/2 308/406/2
f 15/15/3 14/14/3 286/373/3 308/406/3
f 57/399/6 303/400/6 306/403/6 309/407/6
f 302/397/3 15/15/3 308/406/3 305/402/3
f 56/386/6 57/399/6 309/407/6 293/387/6
f 287/374/1 310/408/1 295/390/1 288/375/1
f 284/371/1 311/409/1 310/408/1 287/374/1
f 283/370/1 312/410/1 311/409/1 284/371/1
f 288/375/1 295/390/1 294/388/1 285/372/1
f 67/411/6 110/412/6 310/408/6 311/409/6
f 191/241/3 193/243/3 284/371/3 287/374/3
f 200/250/3 192/242/3 288/375/3 285/372/3
f 110/412/6 52/389/6 295/390/6 310/408/6
f 64/413/6 67/411/6 311/409/6 312/410/6
f 313/414/21 230/299/21 314/415/21 315/416/21
f 230/299/5 22/22/5 27/27/5 271/367/5
f 314/415/5 230/299/5 271/367/5 270/417/5
f 87/90/3 40/40/3 313/414/3 315/416/3
f 40/40/22 230/299/22 313/414/22
f 70/418/6 69/419/6 316/420/6 307/421/6
f 296/391/5 307/404/5 316/422/5 297/392/5
f 317/423/2 318/424/2 319/425/2 320/426/2
f 103/427/3 102/428/3 321/429/3 322/430/3
f 101/259/6 104/258/6 323/431/6 324/432/6
f 323/431/2 322/430/2 321/429/2 324/432/2
f 7/200/6 10/199/6 317/423/6 320/426/6
f 322/430/2 323/431/2 325/433/2 326/434/2
f 317/423/6 10/199/6 327/435/6 328/436/6
f 104/437/7 103/438/7 329/439/7 330/440/7
f 320/426/2 319/425/2 331/441/2 332/442/2
f 9/443/3 8/444/3 319/425/3 318/424/3
f 333/445/1 334/446/1 332/442/1 331/441/1
f 327/435/5 335/447/5 336/448/5 328/436/5
f 337/449/1 338/450/1 339/451/1 340/452/1
f 330/453/5 329/454/5 326/434/5 325/433/5
f 7/200/6 320/426/6 332/442/6 334/446/6
f 102/455/7 101/456/7 338/457/7 337/458/7
f 319/425/3 8/444/3 333/445/3 331/441/3
f 324/432/2 321/429/2 340/452/2 339/451/2
f 9/443/3 318/424/3 336/448/3 335/447/3
f 323/431/6 104/258/6 330/453/6 325/433/6
f 10/459/7 9/460/7 335/461/7 327/462/7
f 101/259/6 324/432/6 339/451/6 338/450/6
f 318/424/2 317/423/2 328/436/2 336/448/2
f 321/429/3 102/428/3 337/449/3 340/452/3
f 8/463/7 7/464/7 334/465/7 333/466/7
f 103/427/3 322/430/3 326/434/3 329/454/3
f 341/467/23 342/468/23 343/469/23 344/470/23
f 224/286/3 49/49/3 345/471/3 346/472/3
f 345/471/23 48/48/23 47/47/23 346/472/23
f 186/229/3 171/207/3 344/470/3 343/469/3
f 342/468/5 186/229/5 343/469/5
f 171/207/1 341/467/1 344/470/1
f 49/49/1 48/48/1 345/471/1
f 47/47/5 224/286/5 346/472/5
f 46/46/2 117/134/2 116/133/2 121/138/2 186/229/2 342/468/2 341/467/2
f 47/47/2 341/467/2 171/207/2 224/286/2
f 341/467/2 47/47/2 46/46/2
f 229/298/21 119/136/21 22/22/21 347/473/21
f 22/22/7 39/39/7 347/473/7
f 39/39/3 122/139/3 229/298/3 347/473/3
f 75/77/5 74/76/5 97/107/5 43/43/5
f 279/474/5 77/356/5 276/359/5 280/475/5
f 100/112/2 51/476/2 209/477/2 101/114/2
f 227/295/5 226/297/5 202/254/5 196/246/5
f 222/284/1 219/296/1 205/257/1 204/256/1
f 223/478/2 226/290/2 218/293/2 217/479/2
f 221/480/2 213/278/2 219/281/2 222/481/2
f 195/245/2 208/277/2 215/271/2 225/288/2
f 206/289/2 210/276/2 211/267/2 220/282/2
f 225/288/1 215/271/1 218/274/1 228/294/1
f 220/282/5 211/267/5 213/269/5 221/283/5
f 101/114/11 209/477/11 210/482/11 206/483/11
f 224/286/10 201/484/10 208/485/10 195/287/10
f 196/246/2 202/254/2 205/257/2 197/247/2
f 10/10/2 168/203/2 120/486/2 11/11/2
f 171/207/2 170/206/2 201/484/2 224/286/2
f 189/238/5 188/240/5 162/195/5 159/192/5
f 184/227/1 181/239/1 165/198/1 164/197/1
f 185/487/2 188/233/2 180/236/2 179/488/2
f 183/489/2 175/221/2 181/224/2 184/490/2
f 158/191/2 169/220/2 177/214/2 187/231/2
f 166/232/2 172/219/2 173/210/2 182/225/2
f 187/231/1 177/214/1 180/217/1 190/237/1
f 182/225/5 173/210/5 175/212/5 183/226/5
f 7/7/9 170/251/9 172/491/9 166/492/9
f 186/229/8 168/253/8 169/493/8 158/230/8
f 159/192/2 162/195/2 165/198/2 160/193/2
f 155/187/7 154/189/7 132/150/7 129/147/7
f 151/177/2 148/188/2 135/153/2 134/152/2
f 152/494/5 154/182/5 147/185/5 146/495/5
f 150/496/5 142/171/5 148/174/5 151/497/5
f 128/146/5 138/170/5 144/164/5 153/180/5
f 136/181/5 139/169/5 140/160/5 149/175/5
f 153/180/2 144/164/2 147/167/2 156/186/2
f 149/175/7 140/160/7 142/162/7 150/176/7
f 126/143/7 123/498/7 139/499/7 136/154/7
f 39/39/2 38/38/2 138/500/2 128/179/2
f 129/147/5 132/150/5 135/153/5 130/148/5
f 108/124/1 112/501/1 50/502/1 99/111/1
f 11/11/5 120/486/5 123/498/5 126/143/5
f 107/122/1 37/503/1 112/501/1 108/124/1
f 43/43/1 97/107/1 92/95/1 44/44/1
f 94/101/5 86/98/5 91/94/5 95/102/5
f 95/102/7 91/94/7 92/95/7 84/87/7
f 96/104/7 41/504/7 86/505/7 94/105/7
f 277/360/7 74/76/7 77/79/7 279/363/7
f 99/111/1 50/502/1 51/476/1 100/112/1
f 105/119/5 38/156/5 41/504/5 96/104/5
f 106/121/1 36/506/1 37/503/1 107/122/1
f 348/507/1 349/508/1 350/509/1 351/510/1
f 352/511/7 353/512/7 354/513/7 355/514/7 356/515/7 357/516/7 358/517/7 359/518/7
f 360/519/3 361/520/3 362/521/3 363/522/3
f 364/523/24 365/524/24 366/525/24 367/526/24 368/527/24
f 369/528/5 370/529/5 371/530/5 372/531/5 373/532/5 374/533/5
f 375/534/3 376/535/3 377/536/3 378/537/3
f 379/538/1 380/539/1 381/540/1 382/541/1
f 383/542/1 384/543/1 380/539/1 379/538/1
f 385/544/5 386/545/5 387/546/5 388/547/5
f 389/548/1 390/549/1 391/550/1 392/551/1
f 349/508/7 393/552/7 394/553/7 395/554/7 396/555/7 350/509/7
f 397/556/1 398/557/1 349/508/1 348/507/1
f 399/558/1 400/559/1 401/560/1 402/561/1
f 403/562/7 404/563/7 353/564/7 352/565/7
f 405/566/7 406/567/7 407/568/7 408/569/7
f 409/570/5 405/566/5 408/569/5 410/571/5
f 411/572/1 412/573/1 413/574/1 414/575/1
f 406/567/5 415/576/5 416/577/5 417/578/5 407/568/5
f 408/569/6 407/568/6 417/578/6 418/579/6
f 376/535/3 419/580/3 420/581/3 377/536/3
f 421/582/2 422/583/2 423/584/2 424/585/2
f 425/586/6 426/587/6 427/588/6 428/589/6
f 429/590/1 430/591/1 431/592/1 427/593/1
f 386/545/2 432/594/2 433/595/2 387/546/2
f 418/579/6 425/586/6 428/589/6 408/569/6
f 387/546/3 433/595/3 434/596/3 435/597/3
f 436/598/3 391/550/3 390/549/3 437/599/3
f 438/600/2 439/601/2 391/550/2 436/598/2
f 433/602/5 436/598/5 437/599/5 434/603/5
f 432/604/5 438/600/5 436/598/5 433/602/5
f 427/593/3 431/592/3 440/605/3 428/606/3
f 428/606/5 440/605/5 441/607/5 442/608/5
f 440/605/2 431/592/2 430/591/2 441/607/2
f 408/609/2 428/610/2 442/611/2 443/612/2
f 444/613/1 439/601/1 430/591/1 429/590/1
f 427/593/5 426/614/5 445/615/5 429/590/5
f 402/616/1 401/617/1 446/618/1 447/619/1
f 401/617/7 352/511/7 359/518/7 448/620/7 449/621/7 450/622/7 451/623/7 446/618/7
f 410/624/5 408/609/5 443/612/5 452/625/5
f 414/626/1 413/627/1 453/628/1 454/629/1
f 413/627/1 455/630/1 456/631/1 453/628/1
f 412/573/1 457/632/1 455/633/1 413/574/1
f 384/543/1 458/634/1 459/635/1 380/539/1
f 378/537/3 377/536/3 460/636/3 461/637/3
f 380/539/1 459/635/1 462/638/1 381/540/1
f 463/639/5 464/640/5 465/641/5 466/642/5
f 467/643/5 468/644/5 469/645/5 470/646/5
f 404/563/5 471/647/5 472/648/5 353/564/5
f 353/512/5 472/649/5 473/650/5 354/513/5
f 455/630/1 402/616/1 447/619/1 456/631/1
f 457/632/1 399/558/1 402/561/1 455/633/1
f 458/634/1 397/556/1 348/507/1 459/635/1
f 461/637/3 460/636/3 361/520/3 360/519/3
f 459/635/1 348/507/1 351/510/1 462/638/1
f 474/651/5 475/652/5 476/653/5 477/654/5 478/655/5
f 479/656/5 480/657/5 481/658/5 482/659/5
f 452/625/6 483/660/6 484/661/6 473/650/6
f 385/662/7 485/663/7 483/660/7 452/625/7
f 468/644/2 486/664/2 474/665/2 469/645/2
f 487/666/2 488/667/2 489/668/2 475/652/2
f 475/652/3 489/668/3 490/669/3 476/653/3
f 491/670/7 492/671/7 493/672/7 494/673/7
f 483/674/5 494/673/5 482/659/5
f 486/675/5 487/666/5 475/652/5 474/651/5
f 485/676/5 491/670/5 494/673/5 483/674/5
f 488/677/5 495/678/5 490/679/5 489/680/5
f 481/658/6 496/681/6 497/682/6 498/683/6
f 494/673/6 493/672/6 499/684/6 482/659/6
f 469/645/3 474/665/3 478/685/3 388/547/3
f 478/655/5 477/654/5 500/686/5
f 483/674/5 482/659/5 481/658/5 498/683/5 484/687/5
f 501/688/5 492/689/5 502/690/5 503/691/5
f 464/640/5 369/528/5 374/533/5 465/641/5
f 477/654/3 503/692/3 502/693/3 500/686/3
f 471/647/5 409/570/5 410/571/5 472/648/5
f 472/649/5 410/624/5 452/625/5 473/650/5
f 495/694/7 480/657/7 476/653/7 490/669/7
f 501/695/2 479/656/2 482/659/2 499/684/2
f 504/696/7 505/697/7 506/698/7 507/699/7 508/700/7
f 509/701/7 510/702/7 511/703/7 512/704/7
f 355/705/6 513/706/6 514/707/6 358/708/6
f 515/709/25 516/710/25 513/711/25 355/514/25
f 517/712/26 518/713/26 504/714/26 519/715/26
f 520/716/5 521/717/5 522/718/5 505/697/5
f 505/697/3 522/718/3 523/719/3 506/698/3
f 524/720/1 525/721/1 526/722/1 527/723/1
f 513/724/7 527/723/7 512/704/7
f 518/725/7 520/716/7 505/697/7 504/696/7
f 516/726/7 524/720/7 527/723/7 513/724/7
f 521/727/7 528/728/7 523/729/7 522/730/7
f 511/703/6 529/731/6 530/732/6 531/733/6
f 527/723/6 526/722/6 532/734/6 512/704/6
f 519/715/3 504/714/3 508/735/3 533/736/3
f 508/700/7 507/699/7 534/737/7
f 513/724/7 512/704/7 511/703/7 531/733/7 514/738/7
f 535/739/7 525/740/7 536/741/7 537/742/7
f 507/699/3 537/743/3 536/744/3 534/737/3
f 528/745/1 510/702/1 506/698/1 523/719/1
f 535/746/5 509/701/5 512/704/5 532/734/5
f 538/747/3 461/637/3 360/519/3 539/748/3
f 540/749/3 378/537/3 461/637/3 538/747/3
f 541/750/7 542/751/7 543/752/7 544/753/7 545/754/7
f 400/559/7 403/562/7 352/565/7 401/560/7
f 546/755/3 375/534/3 378/537/3 540/749/3
f 539/748/3 360/519/3 363/522/3 547/756/3
f 448/620/7 359/518/7 358/517/7
f 517/757/7 548/758/7 448/620/7 358/517/7
f 515/759/7 467/643/7 470/646/7 533/736/7
f 549/760/7 550/761/7 551/762/7 552/763/7
f 448/764/6 553/765/6 554/766/6 451/767/6
f 548/758/27 555/768/27 553/769/27 448/620/27
f 556/770/28 557/771/28 541/772/28 393/552/28
f 558/773/5 559/774/5 560/775/5 542/751/5
f 542/751/3 560/775/3 561/776/3 543/752/3
f 562/777/1 563/778/1 564/779/1 565/780/1
f 553/781/7 565/780/7 552/763/7
f 557/782/7 558/773/7 542/751/7 541/750/7
f 555/783/7 562/777/7 565/780/7 553/781/7
f 559/784/7 566/785/7 561/786/7 560/787/7
f 551/762/6 567/788/6 568/789/6 569/790/6
f 565/780/6 564/779/6 570/791/6 552/763/6
f 393/552/3 541/772/3 545/792/3 571/793/3
f 545/754/7 544/753/7 572/794/7
f 553/781/7 552/763/7 551/762/7 569/790/7 554/795/7
f 573/796/7 563/797/7 574/798/7 575/799/7
f 544/753/3 575/800/3 574/801/3 572/794/3
f 566/802/1 550/761/1 543/752/1 561/776/1
f 573/803/5 549/760/5 552/763/5 570/791/5
f 398/557/7 556/770/7 393/552/7 349/508/7
f 469/645/7 576/804/7 464/640/7
f 470/646/5 469/645/5 464/640/5 463/639/5
f 388/547/5 387/546/5 577/805/5 369/528/5
f 578/806/5 579/807/5 580/808/5 581/809/5
f 582/810/5 583/811/5 373/532/5 372/531/5
f 584/812/12 585/813/12 586/814/12 587/815/12 588/816/12
f 589/817/13 590/818/13 591/819/13 592/820/13 593/821/13
f 372/531/29 364/822/29 368/823/29 582/810/29
f 371/530/2 594/824/2 364/822/2 372/531/2
f 595/825/6 589/826/6 593/827/6 370/828/6
f 366/525/5 596/829/5 597/830/5 598/831/5 367/526/5
f 593/821/30 592/820/30 599/832/30 600/833/30 594/834/30
f 365/524/31 601/835/31 602/836/31 366/525/31
f 580/837/32 603/838/32 602/836/32 601/835/32 581/839/32
f 602/836/33 604/840/33 596/829/33 366/525/33
f 605/841/2 606/842/2 601/835/2 365/524/2
f 607/843/5 591/819/5 590/818/5 598/831/5 597/830/5
f 598/831/2 590/818/2 587/815/2 608/844/2
f 586/814/6 585/813/6 592/820/6 591/819/6
f 603/838/1 608/844/1 609/845/1 604/840/1 602/836/1
f 578/846/34 610/847/34 611/848/34 585/813/34 584/812/34
f 594/834/30 600/833/30 605/841/30 365/524/30 364/523/30
f 581/839/34 601/835/34 606/842/34 610/847/34 578/846/34
f 370/529/2 593/849/2 594/824/2 371/530/2
f 584/850/5 588/851/5 579/807/5 578/806/5
f 612/852/35 586/814/35 591/819/35 607/843/35
f 367/526/2 598/831/2 608/844/2 603/838/2
f 608/844/1 587/815/1 586/814/1 612/852/1 609/845/1
f 607/843/3 599/832/3 611/848/3 612/852/3
f 611/848/34 610/847/34 606/842/34
f 605/841/30 600/833/30 599/832/30
f 604/840/1 609/845/1 612/852/1
f 607/843/5 597/830/5 596/829/5
f 596/829/5 605/841/5 599/832/5 607/843/5
f 604/840/6 606/842/6 605/841/6 596/829/6
f 592/820/2 585/813/2 611/848/2 599/832/2
f 612/852/1 611/848/1 606/842/1 604/840/1
f 613/853/5 614/854/5 615/855/5 616/856/5
f 617/857/3 613/853/3 616/856/3 618/858/3
f 370/828/6 615/855/6 614/854/6 595/825/6
f 615/855/5 619/859/5 620/860/5 616/856/5
f 621/861/5 389/548/5 392/551/5 424/585/5
f 422/862/5 622/863/5 623/864/5 423/865/5
f 421/582/5 444/613/5 429/590/5 624/866/5
f 624/866/5 429/590/5 445/615/5 625/867/5
f 424/585/3 423/584/3 623/868/3 621/861/3
f 625/867/6 626/869/6 627/870/6 624/866/6
f 628/871/7 620/860/7 619/859/7 629/872/7
f 618/873/1 628/874/1 629/875/1 370/529/1
f 370/828/6 629/872/6 619/859/6 615/855/6
f 616/856/3 620/860/3 628/871/3 618/858/3
f 540/749/3 630/876/3 631/877/3 546/755/3
f 363/522/3 632/878/3 633/879/3 547/756/3
f 539/748/3 634/880/3 635/881/3 538/747/3
f 636/882/6 637/883/6 638/884/6 406/885/6
f 471/886/6 639/887/6 636/882/6 409/888/6
f 377/889/7 420/890/7 415/576/7 406/567/7 405/566/7
f 400/891/6 640/892/6 641/893/6 403/894/6
f 399/895/6 642/896/6 640/892/6 400/891/6
f 419/580/3 643/897/3 644/898/3 420/581/3
f 645/899/3 646/900/3 647/901/3 648/902/3
f 420/581/3 644/898/3 646/900/3 645/899/3
f 377/536/3 420/581/3 645/899/3 460/636/3
f 361/520/3 648/902/3 649/903/3 362/521/3
f 409/888/6 636/882/6 406/885/6 405/904/6
f 460/636/3 645/899/3 648/902/3 361/520/3
f 404/905/6 650/906/6 639/887/6 471/886/6
f 647/901/5 646/900/5 637/883/5 651/907/5
f 652/908/5 647/901/5 651/907/5 653/909/5
f 646/900/5 644/898/5 654/910/5 638/884/5 637/883/5
f 639/887/6 651/907/6 637/883/6 636/882/6
f 638/884/2 654/910/2 415/911/2 406/885/2
f 648/902/3 647/901/3 652/908/3 649/903/3
f 650/906/6 653/909/6 651/907/6 639/887/6
f 633/879/7 632/878/7 641/893/7 640/892/7
f 655/912/7 652/908/7 653/909/7 656/913/7
f 632/878/7 655/912/7 656/913/7 641/893/7
f 362/521/3 655/912/3 632/878/3 363/522/3
f 404/905/6 656/913/6 653/909/6 650/906/6
f 649/903/3 652/908/3 655/912/3 362/521/3
f 403/894/6 641/893/6 656/913/6 404/905/6
f 635/881/1 634/880/1 642/896/1 657/914/1
f 630/876/1 635/881/1 657/914/1 658/915/1
f 631/877/1 630/876/1 658/915/1 659/916/1
f 634/880/1 633/879/1 640/892/1 642/896/1
f 412/917/6 658/915/6 657/914/6 457/918/6
f 538/747/3 635/881/3 630/876/3 540/749/3
f 547/756/3 633/879/3 634/880/3 539/748/3
f 457/918/6 657/914/6 642/896/6 399/895/6
f 411/919/6 659/916/6 658/915/6 412/917/6
f 660/920/21 661/921/21 662/922/21 577/805/21
f 577/805/5 618/873/5 370/529/5 369/528/5
f 662/922/5 617/923/5 618/873/5 577/805/5
f 435/597/3 661/921/3 660/920/3 387/546/3
f 387/546/36 660/920/36 577/805/36
f 415/924/6 654/925/6 663/926/6 416/927/6
f 644/898/5 643/897/5 663/928/5 654/910/5
f 664/929/7 665/930/7 666/931/7 667/932/7
f 449/933/3 668/934/3 669/935/3 450/936/3
f 451/767/6 670/937/6 671/938/6 448/764/6
f 671/938/7 670/937/7 669/935/7 668/934/7
f 358/708/6 665/930/6 664/929/6 355/705/6
f 668/934/7 672/939/7 673/940/7 671/938/7
f 664/929/6 674/941/6 675/942/6 355/705/6
f 448/943/2 676/944/2 677/945/2 449/946/2
f 665/930/7 678/947/7 679/948/7 666/931/7
f 356/949/3 667/932/3 666/931/3 357/950/3
f 680/951/1 679/948/1 678/947/1 681/952/1
f 675/942/5 674/941/5 682/953/5 683/954/5
f 684/955/1 685/956/1 686/957/1 687/958/1
f 676/959/5 673/940/5 672/939/5 677/960/5
f 358/708/6 681/952/6 678/947/6 665/930/6
f 450/961/2 684/962/2 687/963/2 451/964/2
f 666/931/3 679/948/3 680/951/3 357/950/3
f 670/937/7 686/957/7 685/956/7 669/935/7
f 356/949/3 683/954/3 682/953/3 667/932/3
f 671/938/6 673/940/6 676/959/6 448/764/6
f 355/965/2 675/966/2 683/967/2 356/968/2
f 451/767/6 687/958/6 686/957/6 670/937/6
f 667/932/7 682/953/7 674/941/7 664/929/7
f 669/935/3 685/956/3 684/955/3 450/936/3
f 357/969/2 680/970/2 681/971/2 358/972/2
f 449/933/3 677/960/3 672/939/3 668/934/3
f 688/973/37 689/974/37 690/975/37 691/976/37
f 571/793/3 692/977/3 693/978/3 393/552/3
f 693/978/37 692/977/37 395/554/37 394/553/37
f 533/736/3 690/975/3 689/974/3 519/715/3
f 691/976/5 690/975/5 533/736/5
f 519/715/1 689/974/1 688/973/1
f 393/552/1 693/978/1 394/553/1
f 395/554/5 692/977/5 571/793/5
f 396/555/7 688/973/7 691/976/7 533/736/7 470/646/7 463/639/7 466/642/7
f 395/554/7 571/793/7 519/715/7 688/973/7
f 688/973/7 396/555/7 395/554/7
f 576/804/21 694/979/21 369/528/21 464/640/21
f 369/528/2 694/979/2 388/547/2
f 388/547/3 694/979/3 576/804/3 469/645/3
f 424/585/5 392/551/5 444/613/5 421/582/5
f 627/980/5 626/981/5 622/863/5 422/862/5
f 446/618/7 451/623/7 556/982/7 398/983/7
f 575/800/5 544/753/5 549/760/5 573/803/5
f 567/788/1 551/762/1 550/761/1 566/802/1
f 570/984/7 564/985/7 563/797/7 573/796/7
f 568/986/7 567/987/7 566/785/7 559/784/7
f 545/754/7 572/794/7 562/777/7 555/783/7
f 554/795/7 569/790/7 558/773/7 557/782/7
f 572/794/1 574/801/1 563/778/1 562/777/1
f 569/790/5 568/789/5 559/774/5 558/773/5
f 451/623/28 554/988/28 557/989/28 556/982/28
f 571/793/27 545/792/27 555/990/27 548/991/27
f 544/753/7 543/752/7 550/761/7 549/760/7
f 355/514/7 354/513/7 467/992/7 515/709/7
f 519/715/7 571/793/7 548/991/7 517/712/7
f 537/743/5 507/699/5 509/701/5 535/746/5
f 529/731/1 511/703/1 510/702/1 528/745/1
f 532/993/7 526/994/7 525/740/7 535/739/7
f 530/995/7 529/996/7 528/728/7 521/727/7
f 508/700/7 534/737/7 524/720/7 516/726/7
f 514/738/7 531/733/7 520/716/7 518/725/7
f 534/737/1 536/744/1 525/721/1 524/720/1
f 531/733/5 530/732/5 521/717/5 520/716/5
f 358/517/26 514/997/26 518/998/26 517/757/26
f 533/736/25 508/735/25 516/999/25 515/759/25
f 507/699/7 506/698/7 510/702/7 509/701/7
f 503/692/2 477/654/2 479/656/2 501/695/2
f 496/681/7 481/658/7 480/657/7 495/694/7
f 499/1000/5 493/1001/5 492/689/5 501/688/5
f 497/1002/5 496/1003/5 495/678/5 488/677/5
f 478/655/5 500/686/5 491/670/5 485/676/5
f 484/687/5 498/683/5 487/666/5 486/675/5
f 500/686/7 502/693/7 492/671/7 491/670/7
f 498/683/2 497/682/2 488/667/2 487/666/2
f 473/650/2 484/661/2 486/1004/2 468/1005/2
f 388/547/7 478/685/7 485/1006/7 385/544/7
f 477/654/5 476/653/5 480/657/5 479/656/5
f 456/631/1 447/619/1 397/1007/1 458/1008/1
f 354/513/5 473/650/5 468/1005/5 467/992/5
f 453/628/1 456/631/1 458/1008/1 384/1009/1
f 392/551/1 391/550/1 439/601/1 444/613/1
f 442/608/5 441/607/5 438/600/5 432/604/5
f 441/607/2 430/591/2 439/601/2 438/600/2
f 443/612/2 442/611/2 432/1010/2 386/1011/2
f 624/866/2 627/870/2 422/583/2 421/582/2
f 447/619/1 446/618/1 398/983/1 397/1007/1
f 452/625/5 443/612/5 386/1011/5 385/662/5
f 454/629/1 453/628/1 384/1009/1 383/1012/1
f 695/1013/38 696/1014/38 697/1015/38 698/1016/38
f 699/1017/39 700/1018/39 701/1019/39 702/1020/39
f 702/1020/40 701/1019/40 695/1013/40 698/1016/40
f 701/1019/1 703/1021/1 696/1014/1 695/1013/1
f 704/1022/5 702/1020/5 698/1016/5 697/1015/5
f 700/1018/41 705/1023/41 703/1021/41 701/1019/41
f 706/1024/42 699/1017/42 702/1020/42 704/1022/42
f 705/1023/1 700/1018/1 707/1025/1 708/1026/1
f 709/1027/5 710/1028/5 711/1029/5 712/1030/5
f 699/1017/5 706/1024/5 713/1031/5 714/1032/5
f 715/1033/43 716/1034/43 714/1032/43 713/1031/43
f 712/1035/44 711/1036/44 708/1026/44 707/1025/44
f 716/1034/39 712/1035/39 707/1025/39 714/1032/39
f 717/1037/7 709/1027/7 712/1030/7 716/1038/7
f 700/1018/2 699/1017/2 714/1032/2 707/1025/2
f 718/1039/1 717/1037/1 716/1038/1 715/1040/1
f 719/1041/45 720/1042/45 697/1015/45 696/1014/45
f 721/1043/46 722/1044/46 723/1045/46 724/1046/46
f 722/1044/47 720/1042/47 719/1041/47 723/1045/47
f 723/1045/1 719/1041/1 696/1014/1 703/1021/1
f 704/1022/5 697/1015/5 720/1042/5 722/1044/5
f 724/1046/48 723/1045/48 703/1021/48 705/1023/48
f 706/1024/49 704/1022/49 722/1044/49 721/1043/49
f 705/1023/1 708/1026/1 725/1047/1 724/1046/1
f 726/1048/5 727/1049/5 711/1029/5 710/1028/5
f 721/1043/5 728/1050/5 713/1031/5 706/1024/5
f 715/1033/50 713/1031/50 728/1050/50 729/1051/50
f 727/1052/51 725/1047/51 708/1026/51 711/1036/51
f 729/1051/46 728/1050/46 725/1047/46 727/1052/46
f 730/1053/2 729/1054/2 727/1049/2 726/1048/2
f 724/1046/7 725/1047/7 728/1050/7 721/1043/7
f 718/1039/1 715/1040/1 729/1054/1 730/1053/1
f 731/1055/2 732/1056/2 733/1057/2 734/1058/2 735/1059/2 736/1060/2 737/1061/2 738/1062/2
f 732/1056/1 739/1063/1 740/1064/1 733/1057/1
f 731/1055/3 741/1065/3 739/1063/3 732/1056/3
f 739/1063/52 741/1065/52 742/1066/52 740/1064/52
f 743/1067/53 744/1068/53 745/1069/53 746/1070/53
f 740/1071/54 747/1072/54 748/1073/54 733/1074/54
f 747/1072/55 744/1068/55 743/1067/55 748/1073/55
f 748/1073/2 743/1067/2 746/1070/2 749/1075/2
f 750/1076/56 745/1069/56 744/1068/56 747/1072/56
f 733/1074/57 748/1073/57 749/1075/57 734/1077/57
f 742/1078/58 750/1076/58 747/1072/58 740/1071/58
f 736/1060/59 751/1079/59 752/1080/59 737/1061/59
f 737/1061/6 752/1080/6 753/1081/6 738/1062/6
f 735/1059/60 754/1082/60 751/1079/60 736/1060/60
f 755/1083/61 756/1084/61 757/1085/61 758/1086/61
f 759/1087/2 760/1088/2 761/1089/2 762/1090/2
f 763/1091/2 764/1092/2 765/1093/2 766/1094/2
f 767/1095/62 768/1096/62 755/1083/62 758/1086/62
f 757/1085/63 756/1084/63 768/1096/63 767/1095/63
f 756/1084/2 769/1097/2 763/1091/2 766/1094/2 770/1098/2 768/1096/2
f 765/1093/5 771/1099/5 772/1100/5 760/1101/5
f 759/1102/6 766/1094/6 765/1093/6 760/1101/6
f 762/1103/64 770/1098/64 766/1094/64 759/1102/64
f 764/1092/2 773/1104/2 771/1099/2 765/1093/2
f 758/1105/7 767/1106/7 757/1107/7
f 761/1089/2 760/1088/2 772/1108/2
f 769/1097/5 774/1109/5 775/1110/5 763/1091/5
f 773/1104/2 769/1097/2 756/1084/2 755/1083/2 776/1111/2 771/1099/2
f 774/1109/7 757/1085/7 767/1095/7 762/1103/7 759/1102/7 775/1110/7
f 762/1103/7 767/1095/7 758/1086/7 761/1112/7
f 770/1098/65 762/1103/65 761/1112/65 776/1111/65
f 771/1099/66 776/1111/66 761/1112/66 772/1100/66
f 768/1096/2 770/1098/2 776/1111/2 755/1083/2
f 731/1055/2 738/1062/2 777/1113/2 778/1114/2 735/1059/2 734/1058/2 779/1115/2 780/1116/2
f 780/1116/5 779/1115/5 781/1117/5 782/1118/5
f 731/1055/3 780/1116/3 782/1118/3 741/1065/3
f 782/1118/67 781/1117/67 742/1066/67 741/1065/67
f 783/1119/68 746/1070/68 745/1069/68 784/1120/68
f 781/1121/69 779/1122/69 785/1123/69 786/1124/69
f 786/1124/70 785/1123/70 783/1119/70 784/1120/70
f 785/1123/2 749/1075/2 746/1070/2 783/1119/2
f 750/1076/71 786/1124/71 784/1120/71 745/1069/71
f 779/1122/72 734/1077/72 749/1075/72 785/1123/72
f 742/1078/73 781/1121/73 786/1124/73 750/1076/73
f 778/1114/74 777/1113/74 787/1125/74 788/1126/74
f 777/1113/6 738/1062/6 753/1081/6 787/1125/6
f 735/1059/75 778/1114/75 788/1126/75 754/1082/75
f 789/1127/76 790/1128/76 791/1129/76 792/1130/76
f 793/1131/2 794/1132/2 795/1133/2 796/1134/2
f 763/1091/2 797/1135/2 798/1136/2 799/1137/2
f 800/1138/77 790/1128/77 789/1127/77 801/1139/77
f 791/1129/78 800/1138/78 801/1139/78 792/1130/78
f 792/1130/2 801/1139/2 802/1140/2 797/1135/2 763/1091/2 769/1097/2
f 798/1136/1 796/1141/1 803/1142/1 804/1143/1
f 793/1144/6 796/1141/6 798/1136/6 797/1135/6
f 794/1145/79 793/1144/79 797/1135/79 802/1140/79
f 799/1137/2 798/1136/2 804/1143/2 805/1146/2
f 790/1147/7 791/1148/7 800/1149/7
f 795/1133/2 803/1150/2 796/1134/2
f 805/1146/2 804/1143/2 806/1151/2 789/1127/2 792/1130/2 769/1097/2
f 774/1109/7 775/1110/7 793/1144/7 794/1145/7 800/1138/7 791/1129/7
f 794/1145/7 795/1152/7 790/1128/7 800/1138/7
f 802/1140/80 806/1151/80 795/1152/80 794/1145/80
f 804/1143/81 803/1142/81 795/1152/81 806/1151/81
f 801/1139/2 789/1127/2 806/1151/2 802/1140/2
f 807/1153/7 808/1154/7 809/1155/7 810/1156/7 811/1157/7 812/1158/7 813/1159/7 814/1160/7
f 814/1160/1 813/1159/1 815/1161/1 816/1162/1
f 807/1153/3 814/1160/3 816/1162/3 817/1163/3
f 816/1162/82 815/1161/82 818/1164/82 817/1163/82
f 819/1165/53 820/1166/53 821/1167/53 822/1168/53
f 815/1169/54 813/1170/54 823/1171/54 824/1172/54
f 824/1172/55 823/1171/55 819/1165/55 822/1168/55
f 823/1171/7 825/1173/7 820/1166/7 819/1165/7
f 826/1174/83 824/1172/83 822/1168/83 821/1167/83
f 813/1170/84 812/1175/84 825/1173/84 823/1171/84
f 818/1176/85 815/1169/85 824/1172/85 826/1174/85
f 810/1156/59 809/1155/59 827/1177/59 828/1178/59
f 809/1155/6 808/1154/6 829/1179/6 827/1177/6
f 811/1157/60 810/1156/60 828/1178/60 830/1180/60
f 831/1181/86 832/1182/86 833/1183/86 834/1184/86
f 835/1185/7 836/1186/7 837/1187/7 838/1188/7
f 839/1189/7 840/1190/7 841/1191/7 842/1192/7
f 843/1193/87 832/1182/87 831/1181/87 844/1194/87
f 833/1183/88 843/1193/88 844/1194/88 834/1184/88
f 834/1184/7 844/1194/7 845/1195/7 840/1190/7 839/1189/7 846/1196/7
f 841/1191/5 838/1197/5 847/1198/5 848/1199/5
f 835/1200/6 838/1197/6 841/1191/6 840/1190/6
f 836/1201/89 835/1200/89 840/1190/89 845/1195/89
f 842/1192/7 841/1191/7 848/1199/7 849/1202/7
f 832/1203/2 833/1204/2 843/1205/2
f 837/1187/7 847/1206/7 838/1188/7
f 846/1196/5 839/1189/5 850/1207/5 851/1208/5
f 849/1202/7 848/1199/7 852/1209/7 831/1181/7 834/1184/7 846/1196/7
f 851/1208/2 850/1207/2 835/1200/2 836/1201/2 843/1193/2 833/1183/2
f 836/1201/2 837/1210/2 832/1182/2 843/1193/2
f 845/1195/90 852/1209/90 837/1210/90 836/1201/90
f 848/1199/91 847/1198/91 837/1210/91 852/1209/91
f 844/1194/7 831/1181/7 852/1209/7 845/1195/7
f 807/1153/7 853/1211/7 854/1212/7 812/1158/7 811/1157/7 855/1213/7 856/1214/7 808/1154/7
f 853/1211/5 857/1215/5 858/1216/5 854/1212/5
f 807/1153/3 817/1163/3 857/1215/3 853/1211/3
f 857/1215/92 817/1163/92 818/1164/92 858/1216/92
f 859/1217/68 860/1218/68 821/1167/68 820/1166/68
f 858/1219/69 861/1220/69 862/1221/69 854/1222/69
f 861/1220/70 860/1218/70 859/1217/70 862/1221/70
f 862/1221/7 859/1217/7 820/1166/7 825/1173/7
f 826/1174/93 821/1167/93 860/1218/93 861/1220/93
f 854/1222/94 862/1221/94 825/1173/94 812/1175/94
f 818/1176/95 826/1174/95 861/1220/95 858/1219/95
f 855/1213/74 863/1223/74 864/1224/74 856/1214/74
f 856/1214/6 864/1224/6 829/1179/6 808/1154/6
f 811/1157/75 830/1180/75 863/1223/75 855/1213/75
f 865/1225/96 866/1226/96 867/1227/96 868/1228/96
f 869/1229/7 870/1230/7 871/1231/7 872/1232/7
f 839/1189/7 873/1233/7 874/1234/7 875/1235/7
f 876/1236/97 877/1237/97 865/1225/97 868/1228/97
f 867/1227/98 866/1226/98 877/1237/98 876/1236/98
f 866/1226/7 846/1196/7 839/1189/7 875/1235/7 878/1238/7 877/1237/7
f 874/1234/1 879/1239/1 880/1240/1 870/1241/1
f 869/1242/6 875/1235/6 874/1234/6 870/1241/6
f 872/1243/99 878/1238/99 875/1235/99 869/1242/99
f 873/1233/7 881/1244/7 879/1239/7 874/1234/7
f 868/1245/2 876/1246/2 867/1247/2
f 871/1231/7 870/1230/7 880/1248/7
f 881/1244/7 846/1196/7 866/1226/7 865/1225/7 882/1249/7 879/1239/7
f 851/1208/2 867/1227/2 876/1236/2 872/1243/2 869/1242/2 850/1207/2
f 872/1243/2 876/1236/2 868/1228/2 871/1250/2
f 878/1238/100 872/1243/100 871/1250/100 882/1249/100
f 879/1239/101 882/1249/101 871/1250/101 880/1240/101
f 877/1237/7 878/1238/7 882/1249/7 865/1225/7
f 883/1251/7 884/1252/7 885/1253/7 886/1254/7
f 886/1254/1 885/1253/1 887/1255/1 888/1256/1
f 888/1256/2 887/1255/2 889/1257/2 890/1258/2
f 890/1258/5 889/1257/5 884/1252/5 883/1251/5
f 889/1257/2 887/1255/2 891/1259/2
f 885/1253/7 884/1252/7 892/1260/7
f 884/1252/102 889/1257/102 891/1259/102 892/1260/102
f 887/1255/103 885/1253/103 892/1260/103 891/1259/103
f 893/1261/7 894/1262/7 895/1263/7 896/1264/7
f 896/1264/1 895/1263/1 897/1265/1 898/1266/1
f 898/1266/2 897/1265/2 899/1267/2 900/1268/2
f 900/1268/5 899/1267/5 894/1262/5 893/1261/5
f 899/1267/2 897/1265/2 901/1269/2
f 895/1263/7 894/1262/7 902/1270/7
f 894/1262/102 899/1267/102 901/1269/102 902/1270/102
f 897/1265/103 895/1263/103 902/1270/103 901/1269/103
f 903/1271/7 904/1272/7 905/1273/7 906/1274/7
f 906/1274/1 905/1273/1 907/1275/1 908/1276/1
f 908/1276/2 907/1275/2 909/1277/2 910/1278/2
f 910/1278/5 909/1277/5 904/1272/5 903/1271/5
f 909/1277/2 907/1275/2 911/1279/2
f 905/1273/7 904/1272/7 912/1280/7
f 904/1272/102 909/1277/102 911/1279/102 912/1280/102
f 907/1275/103 905/1273/103 912/1280/103 911/1279/103
f 913/1281/7 914/1282/7 915/1283/7 916/1284/7
f 916/1284/1 915/1283/1 917/1285/1 918/1286/1
f 918/1286/2 917/1285/2 919/1287/2 920/1288/2
f 920/1288/5 919/1287/5 914/1282/5 913/1281/5
f 919/1287/2 917/1285/2 921/1289/2
f 915/1283/7 914/1282/7 922/1290/7
f 914/1282/102 919/1287/102 921/1289/102 922/1290/102
f 917/1285/103 915/1283/103 922/1290/103 921/1289/103
f 923/1291/7 924/1292/7 925/1293/7 926/1294/7
f 926/1294/1 925/1293/1 927/1295/1 928/1296/1
f 928/1296/2 927/1295/2 929/1297/2 930/1298/2
f 930/1298/5 929/1297/5 924/1292/5 923/1291/5
f 929/1297/2 927/1295/2 931/1299/2
f 925/1293/7 924/1292/7 932/1300/7
f 924/1292/102 929/1297/102 931/1299/102 932/1300/102
f 927/1295/103 925/1293/103 932/1300/103 931/1299/103
f 933/1301/7 934/1302/7 935/1303/7 936/1304/7
f 936/1304/1 935/1303/1 937/1305/1 938/1306/1
f 938/1306/2 937/1305/2 939/1307/2 940/1308/2
f 940/1308/5 939/1307/5 934/1302/5 933/1301/5
f 939/1307/2 937/1305/2 941/1309/2
f 935/1303/7 934/1302/7 942/1310/7
f 934/1302/102 939/1307/102 941/1309/102 942/1310/102
f 937/1305/103 935/1303/103 942/1310/103 941/1309/103
f 943/1311/2 944/1312/2 945/1313/2 946/1314/2
f 944/1312/1 947/1315/1 948/1316/1 945/1313/1
f 947/1315/7 949/1317/7 950/1318/7 948/1316/7
f 949/1317/5 943/1311/5 946/1314/5 950/1318/5
f 950/1318/7 951/1319/7 948/1316/7
f 945/1313/2 952/1320/2 946/1314/2
f 946/1314/102 952/1320/102 951/1319/102 950/1318/102
f 948/1316/103 951/1319/103 952/1320/103 945/1313/103
f 953/1321/2 954/1322/2 955/1323/2 956/1324/2
f 954/1322/1 957/1325/1 958/1326/1 955/1323/1
f 957/1325/7 959/1327/7 960/1328/7 958/1326/7
f 959/1327/5 953/1321/5 956/1324/5 960/1328/5
f 960/1328/7 961/1329/7 958/1326/7
f 955/1323/2 962/1330/2 956/1324/2
f 956/1324/102 962/1330/102 961/1329/102 960/1328/102
f 958/1326/103 961/1329/103 962/1330/103 955/1323/103
f 963/1331/2 964/1332/2 965/1333/2 966/1334/2
f 964/1332/1 967/1335/1 968/1336/1 965/1333/1
f 967/1335/7 969/1337/7 970/1338/7 968/1336/7
f 969/1337/5 963/1331/5 966/1334/5 970/1338/5
f 970/1338/7 971/1339/7 968/1336/7
f 965/1333/2 972/1340/2 966/1334/2
f 966/1334/102 972/1340/102 971/1339/102 970/1338/102
f 968/1336/103 971/1339/103 972/1340/103 965/1333/103
f 973/1341/2 974/1342/2 975/1343/2 976/1344/2
f 974/1342/1 977/1345/1 978/1346/1 975/1343/1
f 977/1345/7 979/1347/7 980/1348/7 978/1346/7
f 979/1347/5 973/1341/5 976/1344/5 980/1348/5
f 980/1348/7 981/1349/7 978/1346/7
f 975/1343/2 982/1350/2 976/1344/2
f 976/1344/102 982/1350/102 981/1349/102 980/1348/102
f 978/1346/103 981/1349/103 982/1350/103 975/1343/103
f 983/1351/2 984/1352/2 985/1353/2 986/1354/2
f 984/1352/1 987/1355/1 988/1356/1 985/1353/1
f 987/1355/7 989/1357/7 990/1358/7 988/1356/7
f 989/1357/5 983/1351/5 986/1354/5 990/1358/5
f 990/1358/7 991/1359/7 988/1356/7
f 985/1353/2 992/1360/2 986/1354/2
f 986/1354/102 992/1360/102 991/1359/102 990/1358/102
f 988/1356/103 991/1359/103 992/1360/103 985/1353/103
f 993/1361/2 994/1362/2 995/1363/2 996/1364/2
f 994/1362/1 997/1365/1 998/1366/1 995/1363/1
f 997/1365/7 999/1367/7 1000/1368/7 998/1366/7
f 999/1367/5 993/1361/5 996/1364/5 1000/1368/5
f 1000/1368/7 1001/1369/7 998/1366/7
f 995/1363/2 1002/1370/2 996/1364/2
f 996/1364/102 1002/1370/102 1001/1369/102 1000/1368/102
f 998/1366/103 1001/1369/103 1002/1370/103 995/1363/103
f 1003/1371/7 1004/1372/7 1005/1373/7 1006/1374/7
f 1006/1374/6 1005/1373/6 1007/1375/6 1008/1376/6
f 1008/1376/2 1007/1375/2 1009/1377/2 1010/1378/2
f 1010/1378/3 1009/1377/3 1004/1372/3 1003/1371/3
f 1006/1374/1 1008/1376/1 1010/1378/1 1003/1371/1
f 1004/1372/5 1009/1377/5 1007/1375/5 1005/1373/5
f 1011/1379/2 1012/1380/2 1013/1381/2 1014/1382/2
f 1012/1380/6 1015/1383/6 1016/1384/6 1013/1381/6
f 1015/1383/7 1017/1385/7 1018/1386/7 1016/1384/7
f 1017/1385/3 1011/1379/3 1014/1382/3 1018/1386/3
f 1012/1380/1 1011/1379/1 1017/1385/1 1015/1383/1
f 1014/1382/5 1013/1381/5 1016/1384/5 1018/1386/5
f 1019/1387/7 1020/1388/7 1021/1389/7 1022/1390/7
f 1022/1390/6 1021/1389/6 1023/1391/6 1024/1392/6
f 1024/1392/2 1023/1391/2 1025/1393/2 1026/1394/2
f 1026/1394/3 1025/1393/3 1020/1388/3 1019/1387/3
f 1022/1390/1 1024/1392/1 1026/1394/1 1019/1387/1
f 1020/1388/5 1025/1393/5 1023/1391/5 1021/1389/5
f 1027/1395/2 1028/1396/2 1029/1397/2 1030/1398/2
f 1028/1396/6 1031/1399/6 1032/1400/6 1029/1397/6
f 1031/1399/7 1033/1401/7 1034/1402/7 1032/1400/7
f 1033/1401/3 1027/1395/3 1030/1398/3 1034/1402/3
f 1028/1396/1 1027/1395/1 1033/1401/1 1031/1399/1
f 1030/1398/5 1029/1397/5 1032/1400/5 1034/1402/5
f 1035/1403/1 1036/1404/1 1037/1405/1 1038/1406/1
f 1038/1406/2 1037/1405/2 1039/1407/2 1040/1408/2
f 1040/1408/5 1039/1407/5 1041/1409/5 1042/1410/5
f 1042/1410/7 1041/1409/7 1036/1404/7 1035/1403/7
f 1041/1409/5 1039/1407/5 1043/1411/5
f 1037/1405/1 1036/1404/1 1044/1412/1
f 1036/1404/104 1041/1409/104 1043/1411/104 1044/1412/104
f 1039/1407/105 1037/1405/105 1044/1412/105 1043/1411/105
f 1045/1413/1 1046/1414/1 1047/1415/1 1048/1416/1
f 1048/1416/2 1047/1415/2 1049/1417/2 1050/1418/2
f 1050/1418/5 1049/1417/5 1051/1419/5 1052/1420/5
f 1052/1420/7 1051/1419/7 1046/1414/7 1045/1413/7
f 1051/1419/5 1049/1417/5 1053/1421/5
f 1047/1415/1 1046/1414/1 1054/1422/1
f 1046/1414/104 1051/1419/104 1053/1421/104 1054/1422/104
f 1049/1417/105 1047/1415/105 1054/1422/105 1053/1421/105
f 1055/1423/1 1056/1424/1 1057/1425/1 1058/1426/1
f 1058/1426/2 1057/1425/2 1059/1427/2 1060/1428/2
f 1060/1428/5 1059/1427/5 1061/1429/5 1062/1430/5
f 1062/1430/7 1061/1429/7 1056/1424/7 1055/1423/7
f 1061/1429/5 1059/1427/5 1063/1431/5
f 1057/1425/1 1056/1424/1 1064/1432/1
f 1056/1424/104 1061/1429/104 1063/1431/104 1064/1432/104
f 1059/1427/105 1057/1425/105 1064/1432/105 1063/1431/105
f 1065/1433/1 1066/1434/1 1067/1435/1 1068/1436/1
f 1068/1436/2 1067/1435/2 1069/1437/2 1070/1438/2
f 1070/1438/5 1069/1437/5 1071/1439/5 1072/1440/5
f 1072/1440/7 1071/1439/7 1066/1434/7 1065/1433/7
f 1071/1439/5 1069/1437/5 1073/1441/5
f 1067/1435/1 1066/1434/1 1074/1442/1
f 1066/1434/104 1071/1439/104 1073/1441/104 1074/1442/104
f 1069/1437/105 1067/1435/105 1074/1442/105 1073/1441/105
f 1075/1443/1 1076/1444/1 1077/1445/1 1078/1446/1
f 1078/1446/2 1077/1445/2 1079/1447/2 1080/1448/2
f 1080/1448/5 1079/1447/5 1081/1449/5 1082/1450/5
f 1082/1450/7 1081/1449/7 1076/1444/7 1075/1443/7
f 1081/1449/5 1079/1447/5 1083/1451/5
f 1077/1445/1 1076/1444/1 1084/1452/1
f 1076/1444/104 1081/1449/104 1083/1451/104 1084/1452/104
f 1079/1447/106 1077/1445/106 1084/1452/106 1083/1451/106
f 1085/1453/1 1086/1454/1 1087/1455/1 1088/1456/1
f 1088/1456/2 1087/1455/2 1089/1457/2 1090/1458/2
f 1090/1458/5 1089/1457/5 1091/1459/5 1092/1460/5
f 1092/1460/7 1091/1459/7 1086/1454/7 1085/1453/7
f 1091/1459/5 1089/1457/5 1093/1461/5
f 1087/1455/1 1086/1454/1 1094/1462/1
f 1086/1454/104 1091/1459/104 1093/1461/104 1094/1462/104
f 1089/1457/106 1087/1455/106 1094/1462/106 1093/1461/106
f 1095/1463/1 1096/1464/1 1097/1465/1 1098/1466/1
f 1098/1466/2 1097/1465/2 1099/1467/2 1100/1468/2
f 1100/1468/5 1099/1467/5 1101/1469/5 1102/1470/5
f 1102/1470/7 1101/1469/7 1096/1464/7 1095/1463/7
f 1101/1469/5 1099/1467/5 1103/1471/5
f 1097/1465/1 1096/1464/1 1104/1472/1
f 1096/1464/104 1101/1469/104 1103/1471/104 1104/1472/104
f 1099/1467/105 1097/1465/105 1104/1472/105 1103/1471/105
f 1105/1473/1 1106/1474/1 1107/1475/1 1108/1476/1
f 1106/1474/7 1109/1477/7 1110/1478/7 1107/1475/7
f 1109/1477/5 1111/1479/5 1112/1480/5 1110/1478/5
f 1111/1479/2 1105/1473/2 1108/1476/2 1112/1480/2
f 1112/1480/5 1113/1481/5 1110/1478/5
f 1107/1475/1 1114/1482/1 1108/1476/1
f 1108/1476/105 1114/1482/105 1113/1481/105 1112/1480/105
f 1110/1478/104 1113/1481/104 1114/1482/104 1107/1475/104
f 1115/1483/1 1116/1484/1 1117/1485/1 1118/1486/1
f 1116/1484/7 1119/1487/7 1120/1488/7 1117/1485/7
f 1119/1487/5 1121/1489/5 1122/1490/5 1120/1488/5
f 1121/1489/2 1115/1483/2 1118/1486/2 1122/1490/2
f 1122/1490/5 1123/1491/5 1120/1488/5
f 1117/1485/1 1124/1492/1 1118/1486/1
f 1118/1486/105 1124/1492/105 1123/1491/105 1122/1490/105
f 1120/1488/104 1123/1491/104 1124/1492/104 1117/1485/104
f 1125/1493/1 1126/1494/1 1127/1495/1 1128/1496/1
f 1126/1494/7 1129/1497/7 1130/1498/7 1127/1495/7
f 1129/1497/5 1131/1499/5 1132/1500/5 1130/1498/5
f 1131/1499/2 1125/1493/2 1128/1496/2 1132/1500/2
f 1132/1500/5 1133/1501/5 1130/1498/5
f 1127/1495/1 1134/1502/1 1128/1496/1
f 1128/1496/105 1134/1502/105 1133/1501/105 1132/1500/105
f 1130/1498/104 1133/1501/104 1134/1502/104 1127/1495/104
f 1135/1503/1 1136/1504/1 1137/1505/1 1138/1506/1
f 1136/1504/7 1139/1507/7 1140/1508/7 1137/1505/7
f 1139/1507/5 1141/1509/5 1142/1510/5 1140/1508/5
f 1141/1509/2 1135/1503/2 1138/1506/2 1142/1510/2
f 1142/1510/5 1143/1511/5 1140/1508/5
f 1137/1505/1 1144/1512/1 1138/1506/1
f 1138/1506/105 1144/1512/105 1143/1511/105 1142/1510/105
f 1140/1508/104 1143/1511/104 1144/1512/104 1137/1505/104
f 1145/1513/1 1146/1514/1 1147/1515/1 1148/1516/1
f 1146/1514/7 1149/1517/7 1150/1518/7 1147/1515/7
f 1149/1517/5 1151/1519/5 1152/1520/5 1150/1518/5
f 1151/1519/2 1145/1513/2 1148/1516/2 1152/1520/2
f 1152/1520/5 1153/1521/5 1150/1518/5
f 1147/1515/1 1154/1522/1 1148/1516/1
f 1148/1516/105 1154/1522/105 1153/1521/105 1152/1520/105
f 1150/1518/104 1153/1521/104 1154/1522/104 1147/1515/104
f 1155/1523/1 1156/1524/1 1157/1525/1 1158/1526/1
f 1156/1524/7 1159/1527/7 1160/1528/7 1157/1525/7
f 1159/1527/5 1161/1529/5 1162/1530/5 1160/1528/5
f 1161/1529/2 1155/1523/2 1158/1526/2 1162/1530/2
f 1162/1530/5 1163/1531/5 1160/1528/5
f 1157/1525/1 1164/1532/1 1158/1526/1
f 1158/1526/105 1164/1532/105 1163/1531/105 1162/1530/105
f 1160/1528/104 1163/1531/104 1164/1532/104 1157/1525/104
f 1165/1533/1 1166/1534/1 1167/1535/1 1168/1536/1
f 1166/1534/7 1169/1537/7 1170/1538/7 1167/1535/7
f 1169/1537/5 1171/1539/5 1172/1540/5 1170/1538/5
f 1171/1539/2 1165/1533/2 1168/1536/2 1172/1540/2
f 1172/1540/5 1173/1541/5 1170/1538/5
f 1167/1535/1 1174/1542/1 1168/1536/1
f 1168/1536/105 1174/1542/105 1173/1541/105 1172/1540/105
f 1170/1538/104 1173/1541/104 1174/1542/104 1167/1535/104
f 1175/1543/1 1176/1544/1 1177/1545/1 1178/1546/1
f 1178/1546/6 1177/1545/6 1179/1547/6 1180/1548/6
f 1180/1548/5 1179/1547/5 1181/1549/5 1182/1550/5
f 1182/1550/3 1181/1549/3 1176/1544/3 1175/1543/3
f 1178/1546/2 1180/1548/2 1182/1550/2 1175/1543/2
f 1176/1544/7 1181/1549/7 1179/1547/7 1177/1545/7
f 1183/1551/1 1184/1552/1 1185/1553/1 1186/1554/1
f 1184/1552/6 1187/1555/6 1188/1556/6 1185/1553/6
f 1187/1555/5 1189/1557/5 1190/1558/5 1188/1556/5
f 1189/1557/3 1183/1551/3 1186/1554/3 1190/1558/3
f 1184/1552/7 1183/1551/7 1189/1557/7 1187/1555/7
f 1186/1554/2 1185/1553/2 1188/1556/2 1190/1558/2
f 1191/1559/1 1192/1560/1 1193/1561/1 1194/1562/1
f 1194/1562/6 1193/1561/6 1195/1563/6 1196/1564/6
f 1196/1564/5 1195/1563/5 1197/1565/5 1198/1566/5
f 1198/1566/3 1197/1565/3 1192/1560/3 1191/1559/3
f 1194/1562/2 1196/1564/2 1198/1566/2 1191/1559/2
f 1192/1560/7 1197/1565/7 1195/1563/7 1193/1561/7
f 1199/1567/1 1200/1568/1 1201/1569/1 1202/1570/1
f 1200/1568/6 1203/1571/6 1204/1572/6 1201/1569/6
f 1203/1571/5 1205/1573/5 1206/1574/5 1204/1572/5
f 1205/1573/3 1199/1567/3 1202/1570/3 1206/1574/3
f 1200/1568/7 1199/1567/7 1205/1573/7 1203/1571/7
f 1202/1570/2 1201/1569/2 1204/1572/2 1206/1574/2
f 1207/1575/5 1208/1576/5 1209/1577/5 1210/1578/5
f 1211/1579/2 1212/1580/2 1213/1581/2 1214/1582/2
f 1212/1580/6 1215/1583/6 1216/1584/6 1217/1585/6 1218/1586/6 1209/1577/6 1208/1576/6 1213/1581/6
f 1219/1587/7 1218/1586/7 1217/1585/7 1220/1588/7
f 1221/1589/1 1216/1584/1 1215/1583/1 1222/1590/1
f 1210/1578/107 1209/1577/107 1218/1586/107 1219/1587/107
f 1216/1584/108 1221/1589/108 1220/1588/108 1217/1585/108
f 1212/1580/109 1211/1579/109 1222/1590/109 1215/1583/109
f 1208/1576/110 1207/1575/110 1214/1582/110 1213/1581/110
f 1220/1588/3 1221/1589/3 1222/1590/3 1211/1579/3 1214/1582/3 1207/1575/3 1210/1578/3 1219/1587/3
f 1223/1591/111 1224/1592/111 1225/1593/111 1226/1594/111
f 1227/1595/112 1228/1596/112 1229/1597/112 1230/1598/112
f 1231/1599/113 1232/1600/113 1233/1601/113 1234/1602/113
f 1235/1603/114 1236/1604/114 1237/1605/114 1238/1606/114
f 1239/1607/115 1240/1608/115 1241/1609/115 1242/1610/115
f 1243/1611/116 1224/1592/116 1237/1605/116 1236/1604/116
f 1244/1612/117 1245/1613/117 1246/1614/117 1247/1615/117
f 1248/1616/118 1249/1617/118 1250/1618/118 1251/1619/118
f 1252/1620/119 1253/1621/119 1254/1622/119 1255/1623/119
f 1256/1624/120 1257/1625/120 1258/1626/120 1259/1627/120
f 1260/1628/121 1261/1629/121 1262/1630/121 1263/1631/121
f 1264/1632/122 1265/1633/122 1266/1634/122 1267/1635/122
f 1268/1636/123 1247/1615/123 1246/1614/123 1269/1637/123
f 1270/1638/124 1251/1619/124 1250/1618/124 1271/1639/124
f 1272/1640/125 1255/1623/125 1254/1622/125 1273/1641/125
f 1274/1642/126 1275/1643/126 1276/1644/126 1277/1645/126
f 1278/1646/127 1279/1647/127 1280/1648/127 1281/1649/127
f 1282/1650/128 1283/1651/128 1284/1652/128 1285/1653/128
f 1286/1654/129 1287/1655/129 1265/1633/129 1264/1632/129
f 1288/1656/130 1289/1657/130 1261/1629/130 1260/1628/130
f 1290/1658/131 1291/1659/131 1257/1625/131 1256/1624/131
f 1279/1647/132 1276/1644/132 1253/1621/132 1252/1620/132
f 1283/1651/133 1280/1648/133 1249/1617/133 1248/1616/133
f 1228/1596/134 1284/1652/134 1245/1613/134 1244/1612/134
f 1275/1643/135 1225/1593/135 1224/1592/135 1243/1611/135
f 1292/1660/136 1293/1661/136 1240/1608/136 1239/1607/136
f 1230/1598/137 1229/1597/137 1232/1600/137 1231/1599/137
f 1238/1606/138 1237/1605/138 1224/1592/138 1223/1591/138
f 1294/1662/139 1238/1606/139 1223/1591/139 1295/1663/139
f 1293/1661/140 1230/1598/140 1231/1599/140 1240/1608/140
f 1286/1654/141 1282/1650/141 1285/1653/141 1287/1655/141
f 1288/1656/142 1278/1646/142 1281/1649/142 1289/1657/142
f 1290/1658/143 1274/1642/143 1277/1645/143 1291/1659/143
f 1263/1631/144 1272/1640/144 1273/1641/144 1258/1626/144
f 1267/1635/145 1270/1638/145 1271/1639/145 1262/1630/145
f 1242/1610/146 1268/1636/146 1269/1637/146 1266/1634/146
f 1259/1627/147 1235/1603/147 1238/1606/147 1294/1662/147
f 1240/1608/148 1231/1599/148 1234/1602/148 1241/1609/148
f 1292/1660/149 1227/1595/149 1230/1598/149 1293/1661/149
f 1295/1663/150 1223/1591/150 1226/1594/150 1296/1664/150
f 1258/1626/151 1273/1641/151 1235/1603/151 1259/1627/151
f 1296/1664/152 1226/1594/152 1274/1642/152 1290/1658/152
f 1276/1644/153 1275/1643/153 1243/1611/153 1253/1621/153
f 1296/1664/154 1290/1658/154 1256/1624/154 1295/1663/154
f 1226/1594/155 1225/1593/155 1275/1643/155 1274/1642/155
f 1295/1663/156 1256/1624/156 1259/1627/156 1294/1662/156
f 1253/1621/157 1243/1611/157 1236/1604/157 1254/1622/157
f 1273/1641/158 1254/1622/158 1236/1604/158 1235/1603/158
f 1287/1655/159 1285/1653/159 1227/1595/159 1292/1660/159
f 1241/1609/160 1234/1602/160 1268/1636/160 1242/1610/160
f 1287/1655/161 1292/1660/161 1239/1607/161 1265/1633/161
f 1229/1597/162 1228/1596/162 1244/1612/162 1232/1600/162
f 1234/1602/163 1233/1601/163 1247/1615/163 1268/1636/163
f 1232/1600/164 1244/1612/164 1247/1615/164 1233/1601/164
f 1265/1633/165 1239/1607/165 1242/1610/165 1266/1634/165
f 1285/1653/166 1284/1652/166 1228/1596/166 1227/1595/166
f 1266/1634/167 1269/1637/167 1270/1638/167 1267/1635/167
f 1289/1657/168 1281/1649/168 1282/1650/168 1286/1654/168
f 1284/1652/169 1283/1651/169 1248/1616/169 1245/1613/169
f 1289/1657/170 1286/1654/170 1264/1632/170 1261/1629/170
f 1281/1649/171 1280/1648/171 1283/1651/171 1282/1650/171
f 1269/1637/172 1246/1614/172 1251/1619/172 1270/1638/172
f 1261/1629/173 1264/1632/173 1267/1635/173 1262/1630/173
f 1245/1613/174 1248/1616/174 1251/1619/174 1246/1614/174
f 1262/1630/175 1271/1639/175 1272/1640/175 1263/1631/175
f 1291/1659/176 1277/1645/176 1278/1646/176 1288/1656/176
f 1280/1648/177 1279/1647/177 1252/1620/177 1249/1617/177
f 1291/1659/178 1288/1656/178 1260/1628/178 1257/1625/178
f 1277/1645/179 1276/1644/179 1279/1647/179 1278/1646/179
f 1271/1639/180 1250/1618/180 1255/1623/180 1272/1640/180
f 1257/1625/181 1260/1628/181 1263/1631/181 1258/1626/181
f 1249/1617/182 1252/1620/182 1255/1623/182 1250/1618/182
f 1297/1665/183 1298/1666/183 1299/1667/183 1300/1668/183
f 1301/1669/184 1302/1670/184 1303/1671/184 1304/1672/184
f 1305/1673/185 1306/1674/185 1307/1675/185 1308/1676/185
f 1309/1677/186 1310/1678/186 1311/1679/186 1312/1680/186
f 1313/1681/3 1305/1673/3 1308/1676/3 1314/1682/3
f 1315/1683/6 1316/1684/6 1311/1679/6 1310/1678/6
f 1317/1685/6 1299/1667/6 1298/1666/6 1318/1686/6
f 1318/1686/6 1298/1666/6 1316/1684/6 1315/1683/6
f 1301/1669/3 1304/1672/3 1319/1687/3 1320/1688/3
f 1320/1688/3 1319/1687/3 1305/1673/3 1313/1681/3
f 1304/1672/187 1303/1671/187 1321/1689/187 1319/1687/187
f 1319/1687/188 1321/1689/188 1306/1674/188 1305/1673/188
f 1312/1680/189 1311/1679/189 1316/1684/189 1322/1690/189
f 1322/1690/190 1316/1684/190 1298/1666/190 1297/1665/190
f 1297/1665/3 1323/1691/3 1324/1692/3 1322/1690/3
f 1323/1691/3 1320/1688/3 1313/1681/3 1324/1692/3
f 1300/1668/3 1325/1693/3 1323/1691/3 1297/1665/3
f 1325/1693/3 1301/1669/3 1320/1688/3 1323/1691/3
f 1321/1689/6 1326/1694/6 1327/1695/6 1306/1674/6
f 1326/1694/6 1318/1686/6 1315/1683/6 1327/1695/6
f 1303/1671/6 1302/1670/6 1326/1694/6 1321/1689/6
f 1302/1670/6 1317/1685/6 1318/1686/6 1326/1694/6
f 1306/1674/6 1327/1695/6 1328/1696/6 1307/1675/6
f 1327/1695/6 1315/1683/6 1310/1678/6 1328/1696/6
f 1322/1690/3 1324/1692/3 1309/1677/3 1312/1680/3
f 1324/1692/3 1313/1681/3 1314/1682/3 1309/1677/3
f 1308/1676/191 1307/1675/191 1328/1696/191 1314/1682/191
f 1314/1682/192 1328/1696/192 1310/1678/192 1309/1677/192
f 1300/1668/193 1299/1667/193 1317/1685/193 1325/1693/193
f 1325/1693/194 1317/1685/194 1302/1670/194 1301/1669/194
f 1329/1697/195 1330/1698/195 1331/1699/195 1332/1700/195
f 1333/1701/196 1334/1702/196 1335/1703/196 1336/1704/196
f 1337/1705/197 1338/1706/197 1339/1707/197 1340/1708/197
f 1341/1709/198 1342/1710/198 1343/1711/198 1344/1712/198
f 1345/1713/3 1337/1705/3 1340/1708/3 1346/1714/3
f 1347/1715/6 1348/1716/6 1343/1711/6 1342/1710/6
f 1349/1717/6 1331/1699/6 1330/1698/6 1350/1718/6
f 1350/1718/6 1330/1698/6 1348/1716/6 1347/1715/6
f 1333/1701/3 1336/1704/3 1351/1719/3 1352/1720/3
f 1352/1720/3 1351/1719/3 1337/1705/3 1345/1713/3
f 1336/1704/199 1335/1703/199 1353/1721/199 1351/1719/199
f 1351/1719/200 1353/1721/200 1338/1706/200 1337/1705/200
f 1344/1712/201 1343/1711/201 1348/1716/201 1354/1722/201
f 1354/1722/202 1348/1716/202 1330/1698/202 1329/1697/202
f 1329/1697/3 1355/1723/3 1356/1724/3 1354/1722/3
f 1355/1723/3 1352/1720/3 1345/1713/3 1356/1724/3
f 1332/1700/3 1357/1725/3 1355/1723/3 1329/1697/3
f 1357/1725/3 1333/1701/3 1352/1720/3 1355/1723/3
f 1353/1721/6 1358/1726/6 1359/1727/6 1338/1706/6
f 1358/1726/6 1350/1718/6 1347/1715/6 1359/1727/6
f 1335/1703/6 1334/1702/6 1358/1726/6 1353/1721/6
f 1334/1702/6 1349/1717/6 1350/1718/6 1358/1726/6
f 1338/1706/6 1359/1727/6 1360/1728/6 1339/1707/6
f 1359/1727/6 1347/1715/6 1342/1710/6 1360/1728/6
f 1354/1722/3 1356/1724/3 1341/1709/3 1344/1712/3
f 1356/1724/3 1345/1713/3 1346/1714/3 1341/1709/3
f 1340/1708/203 1339/1707/203 1360/1728/203 1346/1714/203
f 1346/1714/204 1360/1728/204 1342/1710/204 1341/1709/204
f 1332/1700/205 1331/1699/205 1349/1717/205 1357/1725/205
f 1357/1725/206 1349/1717/206 1334/1702/206 1333/1701/206
f 1361/1729/207 1362/1730/207 1363/1731/207 1364/1732/207
f 1365/1733/208 1366/1734/208 1367/1735/208 1368/1736/208
f 1369/1737/209 1370/1738/209 1371/1739/209 1372/1740/209
f 1373/1741/210 1374/1742/210 1375/1743/210 1376/1744/210
f 1377/1745/3 1369/1737/3 1372/1740/3 1378/1746/3
f 1379/1747/6 1380/1748/6 1375/1743/6 1374/1742/6
f 1381/1749/6 1363/1731/6 1362/1730/6 1382/1750/6
f 1382/1750/6 1362/1730/6 1380/1748/6 1379/1747/6
f 1365/1733/3 1368/1736/3 1383/1751/3 1384/1752/3
f 1384/1752/3 1383/1751/3 1369/1737/3 1377/1745/3
f 1368/1736/211 1367/1735/211 1385/1753/211 1383/1751/211
f 1383/1751/212 1385/1753/212 1370/1738/212 1369/1737/212
f 1376/1744/213 1375/1743/213 1380/1748/213 1386/1754/213
f 1386/1754/214 1380/1748/214 1362/1730/214 1361/1729/214
f 1361/1729/3 1387/1755/3 1388/1756/3 1386/1754/3
f 1387/1755/3 1384/1752/3 1377/1745/3 1388/1756/3
f 1364/1732/3 1389/1757/3 1387/1755/3 1361/1729/3
f 1389/1757/3 1365/1733/3 1384/1752/3 1387/1755/3
f 1385/1753/6 1390/1758/6 1391/1759/6 1370/1738/6
f 1390/1758/6 1382/1750/6 1379/1747/6 1391/1759/6
f 1367/1735/6 1366/1734/6 1390/1758/6 1385/1753/6
f 1366/1734/6 1381/1749/6 1382/1750/6 1390/1758/6
f 1370/1738/6 1391/1759/6 1392/1760/6 1371/1739/6
f 1391/1759/6 1379/1747/6 1374/1742/6 1392/1760/6
f 1386/1754/3 1388/1756/3 1373/1741/3 1376/1744/3
f 1388/1756/3 1377/1745/3 1378/1746/3 1373/1741/3
f 1372/1740/215 1371/1739/215 1392/1760/215 1378/1746/215
f 1378/1746/216 1392/1760/216 1374/1742/216 1373/1741/216
f 1364/1732/217 1363/1731/217 1381/1749/217 1389/1757/217
f 1389/1757/218 1381/1749/218 1366/1734/218 1365/1733/218
f 1393/1761/219 1394/1762/219 1395/1763/219 1396/1764/219
f 1397/1765/220 1398/1766/220 1399/1767/220 1400/1768/220
f 1401/1769/221 1402/1770/221 1403/1771/221 1404/1772/221
f 1405/1773/222 1406/1774/222 1407/1775/222 1408/1776/222
f 1409/1777/3 1401/1769/3 1404/1772/3 1410/1778/3
f 1411/1779/6 1412/1780/6 1407/1775/6 1406/1774/6
f 1413/1781/6 1395/1763/6 1394/1762/6 1414/1782/6
f 1414/1782/6 1394/1762/6 1412/1780/6 1411/1779/6
f 1397/1765/3 1400/1768/3 1415/1783/3 1416/1784/3
f 1416/1784/3 1415/1783/3 1401/1769/3 1409/1777/3
f 1400/1768/223 1399/1767/223 1417/1785/223 1415/1783/223
f 1415/1783/224 1417/1785/224 1402/1770/224 1401/1769/224
f 1408/1776/225 1407/1775/225 1412/1780/225 1418/1786/225
f 1418/1786/226 1412/1780/226 1394/1762/226 1393/1761/226
f 1393/1761/3 1419/1787/3 1420/1788/3 1418/1786/3
f 1419/1787/3 1416/1784/3 1409/1777/3 1420/1788/3
f 1396/1764/3 1421/1789/3 1419/1787/3 1393/1761/3
f 1421/1789/3 1397/1765/3 1416/1784/3 1419/1787/3
f 1417/1785/6 1422/1790/6 1423/1791/6 1402/1770/6
f 1422/1790/6 1414/1782/6 1411/1779/6 1423/1791/6
f 1399/1767/6 1398/1766/6 1422/1790/6 1417/1785/6
f 1398/1766/6 1413/1781/6 1414/1782/6 1422/1790/6
f 1402/1770/6 1423/1791/6 1424/1792/6 1403/1771/6
f 1423/1791/6 1411/1779/6 1406/1774/6 1424/1792/6
f 1418/1786/3 1420/1788/3 1405/1773/3 1408/1776/3
f 1420/1788/3 1409/1777/3 1410/1778/3 1405/1773/3
f 1404/1772/227 1403/1771/227 1424/1792/227 1410/1778/227
f 1410/1778/228 1424/1792/228 1406/1774/228 1405/1773/228
f 1396/1764/229 1395/1763/229 1413/1781/229 1421/1789/229
f 1421/1789/230 1413/1781/230 1398/1766/230 1397/1765/230
f 1425/1793/231 1426/1794/231 1427/1795/231 1428/1796/231
f 1429/1797/232 1430/1798/232 1431/1799/232 1432/1800/232
f 1433/1801/233 1434/1802/233 1435/1803/233 1436/1804/233
f 1437/1805/234 1438/1806/234 1439/1807/234 1440/1808/234
f 1441/1809/3 1433/1801/3 1436/1804/3 1442/1810/3
f 1443/1811/6 1444/1812/6 1439/1807/6 1438/1806/6
f 1445/1813/6 1427/1795/6 1426/1794/6 1446/1814/6
f 1446/1814/6 1426/1794/6 1444/1812/6 1443/1811/6
f 1429/1797/3 1432/1800/3 1447/1815/3 1448/1816/3
f 1448/1816/3 1447/1815/3 1433/1801/3 1441/1809/3
f 1432/1800/235 1431/1799/235 1449/1817/235 1447/1815/235
f 1447/1815/236 1449/1817/236 1434/1802/236 1433/1801/236
f 1440/1808/237 1439/1807/237 1444/1812/237 1450/1818/237
f 1450/1818/238 1444/1812/238 1426/1794/238 1425/1793/238
f 1425/1793/3 1451/1819/3 1452/1820/3 1450/1818/3
f 1451/1819/3 1448/1816/3 1441/1809/3 1452/1820/3
f 1428/1796/3 1453/1821/3 1451/1819/3 1425/1793/3
f 1453/1821/3 1429/1797/3 1448/1816/3 1451/1819/3
f 1449/1817/6 1454/1822/6 1455/1823/6 1434/1802/6
f 1454/1822/6 1446/1814/6 1443/1811/6 1455/1823/6
f 1431/1799/6 1430/1798/6 1454/1822/6 1449/1817/6
f 1430/1798/6 1445/1813/6 1446/1814/6 1454/1822/6
f 1434/1802/6 1455/1823/6 1456/1824/6 1435/1803/6
f 1455/1823/6 1443/1811/6 1438/1806/6 1456/1824/6
f 1450/1818/3 1452/1820/3 1437/1805/3 1440/1808/3
f 1452/1820/3 1441/1809/3 1442/1810/3 1437/1805/3
f 1436/1804/239 1435/1803/239 1456/1824/239 1442/1810/239
f 1442/1810/240 1456/1824/240 1438/1806/240 1437/1805/240
f 1428/1796/241 1427/1795/241 1445/1813/241 1453/1821/241
f 1453/1821/242 1445/1813/242 1430/1798/242 1429/1797/242
f 1457/1825/243 1458/1826/243 1459/1827/243 1460/1828/243
f 1461/1829/244 1462/1830/244 1463/1831/244 1464/1832/244
f 1465/1833/245 1466/1834/245 1467/1835/245 1468/1836/245
f 1469/1837/246 1470/1838/246 1471/1839/246 1472/1840/246
f 1473/1841/3 1465/1833/3 1468/1836/3 1474/1842/3
f 1475/1843/6 1476/1844/6 1471/1839/6 1470/1838/6
f 1477/1845/6 1459/1827/6 1458/1826/6 1478/1846/6
f 1478/1846/6 1458/1826/6 1476/1844/6 1475/1843/6
f 1461/1829/3 1464/1832/3 1479/1847/3 1480/1848/3
f 1480/1848/3 1479/1847/3 1465/1833/3 1473/1841/3
f 1464/1832/247 1463/1831/247 1481/1849/247 1479/1847/247
f 1479/1847/248 1481/1849/248 1466/1834/248 1465/1833/248
f 1472/1840/249 1471/1839/249 1476/1844/249 1482/1850/249
f 1482/1850/250 1476/1844/250 1458/1826/250 1457/1825/250
f 1457/1825/3 1483/1851/3 1484/1852/3 1482/1850/3
f 1483/1851/3 1480/1848/3 1473/1841/3 1484/1852/3
f 1460/1828/3 1485/1853/3 1483/1851/3 1457/1825/3
f 1485/1853/3 1461/1829/3 1480/1848/3 1483/1851/3
f 1481/1849/6 1486/1854/6 1487/1855/6 1466/1834/6
f 1486/1854/6 1478/1846/6 1475/1843/6 1487/1855/6
f 1463/1831/6 1462/1830/6 1486/1854/6 1481/1849/6
f 1462/1830/6 1477/1845/6 1478/1846/6 1486/1854/6
f 1466/1834/6 1487/1855/6 1488/1856/6 1467/1835/6
f 1487/1855/6 1475/1843/6 1470/1838/6 1488/1856/6
f 1482/1850/3 1484/1852/3 1469/1837/3 1472/1840/3
f 1484/1852/3 1473/1841/3 1474/1842/3 1469/1837/3
f 1468/1836/251 1467/1835/251 1488/1856/251 1474/1842/251
f 1474/1842/252 1488/1856/252 1470/1838/252 1469/1837/252
f 1460/1828/253 1459/1827/253 1477/1845/253 1485/1853/253
f 1485/1853/254 1477/1845/254 1462/1830/254 1461/1829/254
f 1489/1857/255 1490/1858/255 1491/1859/255 1492/1860/255
f 1493/1861/256 1494/1862/256 1495/1863/256 1496/1864/256
f 1497/1865/257 1498/1866/257 1499/1867/257 1500/1868/257
f 1501/1869/258 1502/1870/258 1503/1871/258 1504/1872/258
f 1505/1873/3 1497/1865/3 1500/1868/3 1506/1874/3
f 1507/1875/6 1508/1876/6 1503/1871/6 1502/1870/6
f 1509/1877/6 1491/1859/6 1490/1858/6 1510/1878/6
f 1510/1878/6 1490/1858/6 1508/1876/6 1507/1875/6
f 1493/1861/3 1496/1864/3 1511/1879/3 1512/1880/3
f 1512/1880/3 1511/1879/3 1497/1865/3 1505/1873/3
f 1496/1864/259 1495/1863/259 1513/1881/259 1511/1879/259
f 1511/1879/260 1513/1881/260 1498/1866/260 1497/1865/260
f 1504/1872/261 1503/1871/261 1508/1876/261 1514/1882/261
f 1514/1882/262 1508/1876/262 1490/1858/262 1489/1857/262
f 1489/1857/3 1515/1883/3 1516/1884/3 1514/1882/3
f 1515/1883/3 1512/1880/3 1505/1873/3 1516/1884/3
f 1492/1860/3 1517/1885/3 1515/1883/3 1489/1857/3
f 1517/1885/3 1493/1861/3 1512/1880/3 1515/1883/3
f 1513/1881/6 1518/1886/6 1519/1887/6 1498/1866/6
f 1518/1886/6 1510/1878/6 1507/1875/6 1519/1887/6
f 1495/1863/6 1494/1862/6 1518/1886/6 1513/1881/6
f 1494/1862/6 1509/1877/6 1510/1878/6 1518/1886/6
f 1498/1866/6 1519/1887/6 1520/1888/6 1499/1867/6
f 1519/1887/6 1507/1875/6 1502/1870/6 1520/1888/6
f 1514/1882/3 1516/1884/3 1501/1869/3 1504/1872/3
f 1516/1884/3 1505/1873/3 1506/1874/3 1501/1869/3
f 1500/1868/263 1499/1867/263 1520/1888/263 1506/1874/263
f 1506/1874/264 1520/1888/264 1502/1870/264 1501/1869/264
f 1492/1860/265 1491/1859/265 1509/1877/265 1517/1885/265
f 1517/1885/266 1509/1877/266 1494/1862/266 1493/1861/266
f 1521/1889/267 1522/1890/267 1523/1891/267 1524/1892/267
f 1525/1893/268 1526/1894/268 1527/1895/268 1528/1896/268
f 1529/1897/269 1530/1898/269 1531/1899/269 1532/1900/269
f 1533/1901/270 1534/1902/270 1535/1903/270 1536/1904/270
f 1537/1905/3 1529/1897/3 1532/1900/3 1538/1906/3
f 1539/1907/6 1540/1908/6 1535/1903/6 1534/1902/6
f 1541/1909/6 1523/1891/6 1522/1890/6 1542/1910/6
f 1542/1910/6 1522/1890/6 1540/1908/6 1539/1907/6
f 1525/1893/3 1528/1896/3 1543/1911/3 1544/1912/3
f 1544/1912/3 1543/1911/3 1529/1897/3 1537/1905/3
f 1528/1896/271 1527/1895/271 1545/1913/271 1543/1911/271
f 1543/1911/272 1545/1913/272 1530/1898/272 1529/1897/272
f 1536/1904/273 1535/1903/273 1540/1908/273 1546/1914/273
f 1546/1914/274 1540/1908/274 1522/1890/274 1521/1889/274
f 1521/1889/3 1547/1915/3 1548/1916/3 1546/1914/3
f 1547/1915/3 1544/1912/3 1537/1905/3 1548/1916/3
f 1524/1892/3 1549/1917/3 1547/1915/3 1521/1889/3
f 1549/1917/3 1525/1893/3 1544/1912/3 1547/1915/3
f 1545/1913/6 1550/1918/6 1551/1919/6 1530/1898/6
f 1550/1918/6 1542/1910/6 1539/1907/6 1551/1919/6
f 1527/1895/6 1526/1894/6 1550/1918/6 1545/1913/6
f 1526/1894/6 1541/1909/6 1542/1910/6 1550/1918/6
f 1530/1898/6 1551/1919/6 1552/1920/6 1531/1899/6
f 1551/1919/6 1539/1907/6 1534/1902/6 1552/1920/6
f 1546/1914/3 1548/1916/3 1533/1901/3 1536/1904/3
f 1548/1916/3 1537/1905/3 1538/1906/3 1533/1901/3
f 1532/1900/275 1531/1899/275 1552/1920/275 1538/1906/275
f 1538/1906/276 1552/1920/276 1534/1902/276 1533/1901/276
f 1524/1892/277 1523/1891/277 1541/1909/277 1549/1917/277
f 1549/1917/278 1541/1909/278 1526/1894/278 1525/1893/278
f 1553/1921/279 1554/1922/279 1555/1923/279 1556/1924/279
f 1557/1925/280 1558/1926/280 1559/1927/280 1560/1928/280
f 1561/1929/281 1562/1930/281 1563/1931/281 1564/1932/281
f 1565/1933/282 1566/1934/282 1567/1935/282 1568/1936/282
f 1569/1937/3 1561/1929/3 1564/1932/3 1570/1938/3
f 1571/1939/6 1572/1940/6 1567/1935/6 1566/1934/6
f 1573/1941/6 1555/1923/6 1554/1922/6 1574/1942/6
f 1574/1942/6 1554/1922/6 1572/1940/6 1571/1939/6
f 1557/1925/3 1560/1928/3 1575/1943/3 1576/1944/3
f 1576/1944/3 1575/1943/3 1561/1929/3 1569/1937/3
f 1560/1928/283 1559/1927/283 1577/1945/283 1575/1943/283
f 1575/1943/284 1577/1945/284 1562/1930/284 1561/1929/284
f 1568/1936/285 1567/1935/285 1572/1940/285 1578/1946/285
f 1578/1946/286 1572/1940/286 1554/1922/286 1553/1921/286
f 1553/1921/3 1579/1947/3 1580/1948/3 1578/1946/3
f 1579/1947/3 1576/1944/3 1569/1937/3 1580/1948/3
f 1556/1924/3 1581/1949/3 1579/1947/3 1553/1921/3
f 1581/1949/3 1557/1925/3 1576/1944/3 1579/1947/3
f 1577/1945/6 1582/1950/6 1583/1951/6 1562/1930/6
f 1582/1950/6 1574/1942/6 1571/1939/6 1583/1951/6
f 1559/1927/6 1558/1926/6 1582/1950/6 1577/1945/6
f 1558/1926/6 1573/1941/6 1574/1942/6 1582/1950/6
f 1562/1930/6 1583/1951/6 1584/1952/6 1563/1931/6
f 1583/1951/6 1571/1939/6 1566/1934/6 1584/1952/6
f 1578/1946/3 1580/1948/3 1565/1933/3 1568/1936/3
f 1580/1948/3 1569/1937/3 1570/1938/3 1565/1933/3
f 1564/1932/287 1563/1931/287 1584/1952/287 1570/1938/287
f 1570/1938/288 1584/1952/288 1566/1934/288 1565/1933/288
f 1556/1924/289 1555/1923/289 1573/1941/289 1581/1949/289
f 1581/1949/290 1573/1941/290 1558/1926/290 1557/1925/290
f 1585/1953/291 1586/1954/291 1587/1955/291 1588/1956/291
f 1589/1957/292 1590/1958/292 1591/1959/292 1592/1960/292
f 1593/1961/293 1594/1962/293 1595/1963/293 1596/1964/293
f 1597/1965/294 1598/1966/294 1599/1967/294 1600/1968/294
f 1601/1969/3 1593/1961/3 1596/1964/3 1602/1970/3
f 1603/1971/6 1604/1972/6 1599/1967/6 1598/1966/6
f 1605/1973/6 1587/1955/6 1586/1954/6 1606/1974/6
f 1606/1974/6 1586/1954/6 1604/1972/6 1603/1971/6
f 1589/1957/3 1592/1960/3 1607/1975/3 1608/1976/3
f 1608/1976/3 1607/1975/3 1593/1961/3 1601/1969/3
f 1592/1960/295 1591/1959/295 1609/1977/295 1607/1975/295
f 1607/1975/296 1609/1977/296 1594/1962/296 1593/1961/296
f 1600/1968/277 1599/1967/277 1604/1972/277 1610/1978/277
f 1610/1978/297 1604/1972/297 1586/1954/297 1585/1953/297
f 1585/1953/3 1611/1979/3 1612/1980/3 1610/1978/3
f 1611/1979/3 1608/1976/3 1601/1969/3 1612/1980/3
f 1588/1956/3 1613/1981/3 1611/1979/3 1585/1953/3
f 1613/1981/3 1589/1957/3 1608/1976/3 1611/1979/3
f 1609/1977/6 1614/1982/6 1615/1983/6 1594/1962/6
f 1614/1982/6 1606/1974/6 1603/1971/6 1615/1983/6
f 1591/1959/6 1590/1958/6 1614/1982/6 1609/1977/6
f 1590/1958/6 1605/1973/6 1606/1974/6 1614/1982/6
f 1594/1962/6 1615/1983/6 1616/1984/6 1595/1963/6
f 1615/1983/6 1603/1971/6 1598/1966/6 1616/1984/6
f 1610/1978/3 1612/1980/3 1597/1965/3 1600/1968/3
f 1612/1980/3 1601/1969/3 1602/1970/3 1597/1965/3
f 1596/1964/298 1595/1963/298 1616/1984/298 1602/1970/298
f 1602/1970/299 1616/1984/299 1598/1966/299 1597/1965/299
f 1588/1956/300 1587/1955/300 1605/1973/300 1613/1981/300
f 1613/1981/301 1605/1973/301 1590/1958/301 1589/1957/301
f 1617/1985/302 1618/1986/302 1619/1987/302 1620/1988/302
f 1621/1989/303 1622/1990/303 1623/1991/303 1624/1992/303
f 1625/1993/304 1626/1994/304 1627/1995/304 1628/1996/304
f 1629/1997/305 1630/1998/305 1631/1999/305 1632/2000/305
f 1633/2001/3 1625/1993/3 1628/1996/3 1634/2002/3
f 1635/2003/6 1636/2004/6 1631/1999/6 1630/1998/6
f 1637/2005/6 1619/1987/6 1618/1986/6 1638/2006/6
f 1638/2006/6 1618/1986/6 1636/2004/6 1635/2003/6
f 1621/1989/3 1624/1992/3 1639/2007/3 1640/2008/3
f 1640/2008/3 1639/2007/3 1625/1993/3 1633/2001/3
f 1624/1992/306 1623/1991/306 1641/2009/306 1639/2007/306
f 1639/2007/307 1641/2009/307 1626/1994/307 1625/1993/307
f 1632/2000/308 1631/1999/308 1636/2004/308 1642/2010/308
f 1642/2010/309 1636/2004/309 1618/1986/309 1617/1985/309
f 1617/1985/3 1643/2011/3 1644/2012/3 1642/2010/3
f 1643/2011/3 1640/2008/3 1633/2001/3 1644/2012/3
f 1620/1988/3 1645/2013/3 1643/2011/3 1617/1985/3
f 1645/2013/3 1621/1989/3 1640/2008/3 1643/2011/3
f 1641/2009/6 1646/2014/6 1647/2015/6 1626/1994/6
f 1646/2014/6 1638/2006/6 1635/2003/6 1647/2015/6
f 1623/1991/6 1622/1990/6 1646/2014/6 1641/2009/6
f 1622/1990/6 1637/2005/6 1638/2006/6 1646/2014/6
f 1626/1994/6 1647/2015/6 1648/2016/6 1627/1995/6
f 1647/2015/6 1635/2003/6 1630/1998/6 1648/2016/6
f 1642/2010/3 1644/2012/3 1629/1997/3 1632/2000/3
f 1644/2012/3 1633/2001/3 1634/2002/3 1629/1997/3
f 1628/1996/310 1627/1995/310 1648/2016/310 1634/2002/310
f 1634/2002/311 1648/2016/311 1630/1998/311 1629/1997/311
f 1620/1988/312 1619/1987/312 1637/2005/312 1645/2013/312
f 1645/2013/313 1637/2005/313 1622/1990/313 1621/1989/313
f 1649/2017/314 1650/2018/314 1651/2019/314 1652/2020/314
f 1653/2021/315 1654/2022/315 1655/2023/315 1656/2024/315
f 1657/2025/316 1658/2026/316 1659/2027/316 1660/2028/316
f 1661/2029/317 1662/2030/317 1663/2031/317 1664/2032/317
f 1665/2033/3 1657/2025/3 1660/2028/3 1666/2034/3
f 1667/2035/6 1668/2036/6 1663/2031/6 1662/2030/6
f 1669/2037/6 1651/2019/6 1650/2018/6 1670/2038/6
f 1670/2038/6 1650/2018/6 1668/2036/6 1667/2035/6
f 1653/2021/3 1656/2024/3 1671/2039/3 1672/2040/3
f 1672/2040/3 1671/2039/3 1657/2025/3 1665/2033/3
f 1656/2024/318 1655/2023/318 1673/2041/318 1671/2039/318
f 1671/2039/319 1673/2041/319 1658/2026/319 1657/2025/319
f 1664/2032/320 1663/2031/320 1668/2036/320 1674/2042/320
f 1674/2042/321 1668/2036/321 1650/2018/321 1649/2017/321
f 1649/2017/3 1675/2043/3 1676/2044/3 1674/2042/3
f 1675/2043/3 1672/2040/3 1665/2033/3 1676/2044/3
f 1652/2020/3 1677/2045/3 1675/2043/3 1649/2017/3
f 1677/2045/3 1653/2021/3 1672/2040/3 1675/2043/3
f 1673/2041/6 1678/2046/6 1679/2047/6 1658/2026/6
f 1678/2046/6 1670/2038/6 1667/2035/6 1679/2047/6
f 1655/2023/6 1654/2022/6 1678/2046/6 1673/2041/6
f 1654/2022/6 1669/2037/6 1670/2038/6 1678/2046/6
f 1658/2026/6 1679/2047/6 1680/2048/6 1659/2027/6
f 1679/2047/6 1667/2035/6 1662/2030/6 1680/2048/6
f 1674/2042/3 1676/2044/3 1661/2029/3 1664/2032/3
f 1676/2044/3 1665/2033/3 1666/2034/3 1661/2029/3
f 1660/2028/322 1659/2027/322 1680/2048/322 1666/2034/322
f 1666/2034/323 1680/2048/323 1662/2030/323 1661/2029/323
f 1652/2020/324 1651/2019/324 1669/2037/324 1677/2045/324
f 1677/2045/325 1669/2037/325 1654/2022/325 1653/2021/325
f 1681/2049/7 1682/2050/7 1683/2051/7 1684/2052/7
f 1684/2052/1 1683/2051/1 1685/2053/1 1686/2054/1
f 1686/2054/2 1685/2053/2 1687/2055/2 1688/2056/2
f 1688/2056/5 1687/2055/5 1682/2050/5 1681/2049/5
f 1685/2057/3 1683/2058/3 1689/2059/3 1690/2060/3
f 1691/2061/2 1690/2060/2 1692/2062/2 1693/2063/2
f 1687/2064/3 1685/2057/3 1690/2060/3 1691/2061/3
f 1683/2058/3 1682/2065/3 1694/2066/3 1689/2059/3
f 1682/2065/3 1687/2064/3 1691/2061/3 1694/2066/3
f 1695/2067/6 1693/2063/6 1696/2068/6 1697/2069/6
f 1689/2059/7 1694/2066/7 1695/2067/7 1698/2070/7
f 1694/2066/5 1691/2061/5 1693/2063/5 1695/2067/5
f 1690/2060/1 1689/2059/1 1698/2070/1 1692/2062/1
f 1699/2071/7 1700/2072/7 1701/2073/7 1702/2074/7
f 1692/2062/6 1698/2070/6 1703/2075/6 1704/2076/6
f 1693/2063/6 1692/2062/6 1704/2076/6 1696/2068/6
f 1698/2070/6 1695/2067/6 1697/2069/6 1703/2075/6
f 1701/2073/6 1705/2077/6 1706/2078/6 1702/2074/6
f 1707/2079/2 1708/2080/2 1706/2078/2 1705/2077/2
f 1708/2080/1 1699/2071/1 1702/2074/1 1706/2078/1
f 1700/2072/5 1707/2079/5 1705/2077/5 1701/2073/5
f 1704/2076/5 1703/2075/5 1707/2081/5 1700/2082/5
f 1697/2069/1 1696/2068/1 1699/2083/1 1708/2084/1
f 1703/2075/2 1697/2069/2 1708/2084/2 1707/2081/2
f 1696/2068/7 1704/2076/7 1700/2082/7 1699/2083/7
f 1709/2085/6 1710/2086/6 1711/2087/6 1712/2088/6
f 1713/2089/2 1714/2090/2 1709/2085/2 1712/2088/2
f 1714/2090/1 1715/2091/1 1710/2086/1 1709/2085/1
f 1716/2092/5 1713/2089/5 1712/2088/5 1711/2087/5
f 1717/2093/6 1718/2094/6 1719/2095/6 1720/2096/6
f 1721/2097/7 1718/2094/7 1717/2093/7 1722/2098/7
f 1722/2098/1 1717/2093/1 1720/2096/1 1723/2099/1
f 1724/2100/5 1719/2095/5 1718/2094/5 1721/2097/5
f 1725/2101/5 1726/2102/5 1727/2103/5 1728/2104/5
f 1729/2105/2 1730/2106/2 1731/2107/2 1732/2108/2
f 1730/2106/6 1733/2109/6 1734/2110/6 1735/2111/6 1736/2112/6 1727/2103/6 1726/2102/6 1731/2107/6
f 1737/2113/7 1736/2112/7 1735/2111/7 1738/2114/7
f 1739/2115/1 1734/2110/1 1733/2109/1 1740/2116/1
f 1728/2104/107 1727/2103/107 1736/2112/107 1737/2113/107
f 1734/2110/108 1739/2115/108 1738/2114/108 1735/2111/108
f 1730/2106/109 1729/2105/109 1740/2116/109 1733/2109/109
f 1726/2102/110 1725/2101/110 1732/2108/110 1731/2107/110
f 1738/2114/3 1739/2115/3 1740/2116/3 1729/2105/3 1732/2108/3 1725/2101/3 1728/2104/3 1737/2113/3
f 1741/2117/111 1742/2118/111 1743/2119/111 1744/2120/111
f 1745/2121/112 1746/2122/112 1747/2123/112 1748/2124/112
f 1749/2125/113 1750/2126/113 1751/2127/113 1752/2128/113
f 1753/2129/114 1754/2130/114 1755/2131/114 1756/2132/114
f 1757/2133/115 1758/2134/115 1759/2135/115 1760/2136/115
f 1761/2137/116 1742/2118/116 1755/2131/116 1754/2130/116
f 1762/2138/117 1763/2139/117 1764/2140/117 1765/2141/117
f 1766/2142/118 1767/2143/118 1768/2144/118 1769/2145/118
f 1770/2146/119 1771/2147/119 1772/2148/119 1773/2149/119
f 1774/2150/120 1775/2151/120 1776/2152/120 1777/2153/120
f 1778/2154/121 1779/2155/121 1780/2156/121 1781/2157/121
f 1782/2158/122 1783/2159/122 1784/2160/122 1785/2161/122
f 1786/2162/123 1765/2141/123 1764/2140/123 1787/2163/123
f 1788/2164/124 1769/2145/124 1768/2144/124 1789/2165/124
f 1790/2166/326 1773/2149/326 1772/2148/326 1791/2167/326
f 1792/2168/327 1793/2169/327 1794/2170/327 1795/2171/327
f 1796/2172/127 1797/2173/127 1798/2174/127 1799/2175/127
f 1800/2176/128 1801/2177/128 1802/2178/128 1803/2179/128
f 1804/2180/129 1805/2181/129 1783/2159/129 1782/2158/129
f 1806/2182/130 1807/2183/130 1779/2155/130 1778/2154/130
f 1808/2184/131 1809/2185/131 1775/2151/131 1774/2150/131
f 1797/2173/132 1794/2170/132 1771/2147/132 1770/2146/132
f 1801/2177/133 1798/2174/133 1767/2143/133 1766/2142/133
f 1746/2122/134 1802/2178/134 1763/2139/134 1762/2138/134
f 1793/2169/135 1743/2119/135 1742/2118/135 1761/2137/135
f 1810/2186/136 1811/2187/136 1758/2134/136 1757/2133/136
f 1748/2124/137 1747/2123/137 1750/2126/137 1749/2125/137
f 1756/2132/138 1755/2131/138 1742/2118/138 1741/2117/138
f 1812/2188/139 1756/2132/139 1741/2117/139 1813/2189/139
f 1811/2187/140 1748/2124/140 1749/2125/140 1758/2134/140
f 1804/2180/328 1800/2176/328 1803/2179/328 1805/2181/328
f 1806/2182/142 1796/2172/142 1799/2175/142 1807/2183/142
f 1808/2184/143 1792/2168/143 1795/2171/143 1809/2185/143
f 1781/2157/144 1790/2166/144 1791/2167/144 1776/2152/144
f 1785/2161/329 1788/2164/329 1789/2165/329 1780/2156/329
f 1760/2136/146 1786/2162/146 1787/2163/146 1784/2160/146
f 1777/2153/330 1753/2129/330 1756/2132/330 1812/2188/330
f 1758/2134/148 1749/2125/148 1752/2128/148 1759/2135/148
f 1810/2186/149 1745/2121/149 1748/2124/149 1811/2187/149
f 1813/2189/150 1741/2117/150 1744/2120/150 1814/2190/150
f 1776/2152/151 1791/2167/151 1753/2129/151 1777/2153/151
f 1814/2190/152 1744/2120/152 1792/2168/152 1808/2184/152
f 1794/2170/153 1793/2169/153 1761/2137/153 1771/2147/153
f 1814/2190/154 1808/2184/154 1774/2150/154 1813/2189/154
f 1744/2120/155 1743/2119/155 1793/2169/155 1792/2168/155
f 1813/2189/156 1774/2150/156 1777/2153/156 1812/2188/156
f 1771/2147/157 1761/2137/157 1754/2130/157 1772/2148/157
f 1791/2167/158 1772/2148/158 1754/2130/158 1753/2129/158
f 1805/2181/331 1803/2179/331 1745/2121/331 1810/2186/331
f 1759/2135/160 1752/2128/160 1786/2162/160 1760/2136/160
f 1805/2181/161 1810/2186/161 1757/2133/161 1783/2159/161
f 1747/2123/162 1746/2122/162 1762/2138/162 1750/2126/162
f 1752/2128/332 1751/2127/332 1765/2141/332 1786/2162/332
f 1750/2126/164 1762/2138/164 1765/2141/164 1751/2127/164
f 1783/2159/165 1757/2133/165 1760/2136/165 1784/2160/165
f 1803/2179/166 1802/2178/166 1746/2122/166 1745/2121/166
f 1784/2160/167 1787/2163/167 1788/2164/167 1785/2161/167
f 1807/2183/168 1799/2175/168 1800/2176/168 1804/2180/168
f 1802/2178/169 1801/2177/169 1766/2142/169 1763/2139/169
f 1807/2183/170 1804/2180/170 1782/2158/170 1779/2155/170
f 1799/2175/171 1798/2174/171 1801/2177/171 1800/2176/171
f 1787/2163/172 1764/2140/172 1769/2145/172 1788/2164/172
f 1779/2155/333 1782/2158/333 1785/2161/333 1780/2156/333
f 1763/2139/334 1766/2142/334 1769/2145/334 1764/2140/334
f 1780/2156/175 1789/2165/175 1790/2166/175 1781/2157/175
f 1809/2185/335 1795/2171/335 1796/2172/335 1806/2182/335
f 1798/2174/177 1797/2173/177 1770/2146/177 1767/2143/177
f 1809/2185/178 1806/2182/178 1778/2154/178 1775/2151/178
f 1795/2171/179 1794/2170/179 1797/2173/179 1796/2172/179
f 1789/2165/336 1768/2144/336 1773/2149/336 1790/2166/336
f 1775/2151/181 1778/2154/181 1781/2157/181 1776/2152/181
f 1767/2143/182 1770/2146/182 1773/2149/182 1768/2144/182
s 1
f 1815/2191/337 1816/2192/5 1817/2193/338 1818/2194/339
f 1818/2194/339 1817/2193/338 1819/2195/107 1820/2196/340
f 1820/2196/340 1819/2195/107 1821/2197/341 1822/2198/342
f 1822/2198/342 1821/2197/341 1823/2199/7 1824/2200/343
f 1824/2200/343 1823/2199/7 1825/2201/344 1826/2202/345
f 1826/2202/345 1825/2201/344 1827/2203/108 1828/2204/346
f 1828/2204/346 1827/2203/108 1829/2205/347 1830/2206/348
f 1830/2206/348 1829/2205/347 1831/2207/1 1832/2208/349
f 1832/2208/349 1831/2207/1 1833/2209/350 1834/2210/351
f 1834/2210/351 1833/2209/350 1835/2211/109 1836/2212/352
f 1836/2212/352 1835/2211/109 1837/2213/353 1838/2214/354
f 1838/2214/354 1837/2213/353 1839/2215/2 1840/2216/355
f 1840/2216/355 1839/2215/2 1841/2217/356 1842/2218/357
f 1842/2218/357 1841/2217/356 1843/2219/110 1844/2220/358
f 1844/2220/358 1843/2219/110 1845/2221/359 1846/2222/360
f 1846/2222/360 1845/2221/359 1816/2192/5 1815/2191/337
f 1822/2198/342 1824/2200/343 1847/2223/361 1848/2224/362
f 1849/2225/363 1850/2226/364 1851/2227/365 1852/2228/366
f 1832/2208/349 1834/2210/351 1853/2229/367 1854/2230/368
f 1842/2218/357 1844/2220/358 1855/2231/369 1850/2226/364
f 1818/2194/339 1820/2196/340 1856/2232/370 1857/2233/371
f 1828/2204/346 1830/2206/348 1858/2234/372 1859/2235/373
f 1838/2214/354 1840/2216/355 1849/2225/363 1860/2236/374
f 1824/2200/343 1826/2202/345 1861/2237/375 1847/2223/361
f 1834/2210/351 1836/2212/352 1862/2238/376 1853/2229/367
f 1844/2220/358 1846/2222/360 1863/2239/377 1855/2231/369
f 1820/2196/340 1822/2198/342 1848/2224/362 1856/2232/370
f 1830/2206/348 1832/2208/349 1854/2230/368 1858/2234/372
f 1815/2191/337 1818/2194/339 1857/2233/371 1864/2240/378
f 1840/2216/355 1842/2218/357 1850/2226/364 1849/2225/363
f 1826/2202/345 1828/2204/346 1859/2235/373 1861/2237/375
f 1836/2212/352 1838/2214/354 1860/2236/374 1862/2238/376
f 1846/2222/360 1815/2191/337 1864/2240/378 1863/2239/377
f 1865/2241/379 1866/2242/380 1867/2243/381 1868/2244/382
f 1861/2237/375 1859/2235/373 1869/2245/383 1870/2246/384
f 1850/2226/364 1855/2231/369 1871/2247/385 1851/2227/365
f 1859/2235/373 1858/2234/372 1872/2248/386 1869/2245/383
f 1855/2231/369 1863/2239/377 1873/2249/387 1871/2247/385
f 1858/2234/372 1854/2230/368 1874/2250/388 1872/2248/386
f 1864/2240/378 1857/2233/371 1875/2251/389 1876/2252/390
f 1863/2239/377 1864/2240/378 1876/2252/390 1873/2249/387
f 1854/2230/368 1853/2229/367 1877/2253/391 1874/2250/388
f 1857/2233/371 1856/2232/370 1878/2254/392 1875/2251/389
f 1853/2229/367 1862/2238/376 1865/2241/379 1877/2253/391
f 1856/2232/370 1848/2224/362 1879/2255/393 1878/2254/392
f 1862/2238/376 1860/2236/374 1866/2242/380 1865/2241/379
f 1848/2224/362 1847/2223/361 1880/2256/394 1879/2255/393
f 1860/2236/374 1849/2225/363 1852/2228/366 1866/2242/380
f 1847/2223/361 1861/2237/375 1870/2246/384 1880/2256/394
f 1881/2257/395 1882/2258/396 1883/2259/397 1884/2260/398
f 1879/2255/393 1880/2256/394 1885/2261/399 1886/2262/400
f 1866/2242/380 1852/2228/366 1887/2263/401 1867/2243/381
f 1880/2256/394 1870/2246/384 1888/2264/402 1885/2261/399
f 1852/2228/366 1851/2227/365 1889/2265/403 1887/2263/401
f 1870/2246/384 1869/2245/383 1890/2266/404 1888/2264/402
f 1851/2227/365 1871/2247/385 1891/2267/405 1889/2265/403
f 1869/2245/383 1872/2248/386 1892/2268/406 1890/2266/404
f 1871/2247/385 1873/2249/387 1893/2269/407 1891/2267/405
f 1872/2248/386 1874/2250/388 1894/2270/408 1892/2268/406
f 1876/2252/390 1875/2251/389 1882/2258/396 1881/2257/395
f 1873/2249/387 1876/2252/390 1881/2257/395 1893/2269/407
f 1874/2250/388 1877/2253/391 1895/2271/409 1894/2270/408
f 1875/2251/389 1878/2254/392 1896/2272/410 1882/2258/396
f 1877/2253/391 1865/2241/379 1868/2244/382 1895/2271/409
f 1878/2254/392 1879/2255/393 1886/2262/400 1896/2272/410
f 1897/2273/411 1898/2274/412 1899/2275/413 1900/2276/414
f 1893/2269/407 1881/2257/395 1884/2260/398 1901/2277/415
f 1894/2270/408 1895/2271/409 1902/2278/416 1903/2279/417
f 1882/2258/396 1896/2272/410 1904/2280/418 1883/2259/397
f 1895/2271/409 1868/2244/382 1905/2281/419 1902/2278/416
f 1896/2272/410 1886/2262/400 1906/2282/420 1904/2280/418
f 1868/2244/382 1867/2243/381 1907/2283/421 1905/2281/419
f 1886/2262/400 1885/2261/399 1908/2284/422 1906/2282/420
f 1867/2243/381 1887/2263/401 1909/2285/423 1907/2283/421
f 1885/2261/399 1888/2264/402 1897/2273/411 1908/2284/422
f 1887/2263/401 1889/2265/403 1910/2286/424 1909/2285/423
f 1888/2264/402 1890/2266/404 1898/2274/412 1897/2273/411
f 1889/2265/403 1891/2267/405 1911/2287/425 1910/2286/424
f 1890/2266/404 1892/2268/406 1912/2288/426 1898/2274/412
f 1891/2267/405 1893/2269/407 1901/2277/415 1911/2287/425
f 1892/2268/406 1894/2270/408 1903/2279/417 1912/2288/426
f 1913/2289/427 1914/2290/428 1915/2291/429 1916/2292/430
f 1910/2286/424 1911/2287/425 1917/2293/431 1918/2294/432
f 1898/2274/412 1912/2288/426 1919/2295/433 1899/2275/413
f 1911/2287/425 1901/2277/415 1920/2296/434 1917/2293/431
f 1912/2288/426 1903/2279/417 1921/2297/435 1919/2295/433
f 1884/2260/398 1883/2259/397 1922/2298/436 1923/2299/437
f 1901/2277/415 1884/2260/398 1923/2299/437 1920/2296/434
f 1903/2279/417 1902/2278/416 1924/2300/438 1921/2297/435
f 1883/2259/397 1904/2280/418 1925/2301/439 1922/2298/436
f 1902/2278/416 1905/2281/419 1913/2289/427 1924/2300/438
f 1904/2280/418 1906/2282/420 1926/2302/440 1925/2301/439
f 1905/2281/419 1907/2283/421 1914/2290/428 1913/2289/427
f 1906/2282/420 1908/2284/422 1927/2303/441 1926/2302/440
f 1907/2283/421 1909/2285/423 1928/2304/442 1914/2290/428
f 1908/2284/422 1897/2273/411 1900/2276/414 1927/2303/441
f 1909/2285/423 1910/2286/424 1918/2294/432 1928/2304/442
f 1929/2305/443 1930/2306/7 1931/2307/7 1932/2308/443
f 1926/2302/440 1927/2303/441 1933/2309/7 1934/2310/443
f 1914/2290/428 1928/2304/442 1935/2311/2 1915/2291/429
f 1927/2303/441 1900/2276/414 1936/2312/444 1933/2309/7
f 1928/2304/442 1918/2294/432 1937/2313/445 1935/2311/2
f 1900/2276/414 1899/2275/413 1938/2314/446 1936/2312/444
f 1918/2294/432 1917/2293/431 1939/2315/447 1937/2313/445
f 1899/2275/413 1919/2295/433 1940/2316/448 1938/2314/446
f 1917/2293/431 1920/2296/434 1941/2317/449 1939/2315/447
f 1919/2295/433 1921/2297/435 1942/2318/6 1940/2316/448
f 1923/2299/437 1922/2298/436 1943/2319/450 1944/2320/3
f 1920/2296/434 1923/2299/437 1944/2320/3 1941/2317/449
f 1921/2297/435 1924/2300/438 1945/2321/451 1942/2318/6
f 1922/2298/436 1925/2301/439 1946/2322/452 1943/2319/450
f 1924/2300/438 1913/2289/427 1916/2292/430 1945/2321/451
f 1925/2301/439 1926/2302/440 1934/2310/443 1946/2322/452
f 1947/2323/1 1948/2324/1 1949/2325/1 1950/2326/1
f 1951/2327/1 1947/2323/1 1950/2326/1 1952/2328/1
f 1953/2329/1 1951/2327/1 1952/2328/1 1954/2330/1
f 1955/2331/1 1953/2329/1 1954/2330/1 1956/2332/1
f 1957/2333/1 1955/2331/1 1956/2332/1 1958/2334/1
f 1959/2335/1 1957/2333/1 1958/2334/1 1960/2336/1
f 1961/2337/1 1959/2335/1 1960/2336/1 1962/2338/1
f 1963/2339/1 1961/2337/1 1962/2338/1 1964/2340/1
f 1965/2341/1 1963/2339/1 1964/2340/1 1966/2342/1
f 1967/2343/1 1965/2341/1 1966/2342/1 1968/2344/1
f 1969/2345/1 1967/2343/1 1968/2344/1 1970/2346/1
f 1971/2347/1 1969/2345/1 1970/2346/1 1972/2348/1
f 1973/2349/1 1971/2347/1 1972/2348/1 1974/2350/1
f 1975/2351/1 1973/2349/1 1974/2350/1 1976/2352/1
f 1977/2353/1 1975/2351/1 1976/2352/1 1978/2354/1
f 1948/2324/1 1977/2353/1 1978/2354/1 1949/2325/1
f 1979/2355/2 1980/2356/445 1981/2357/445 1982/2358/2
f 1930/2306/7 1983/2359/444 1984/2360/444 1931/2307/7
f 1980/2356/445 1985/2361/447 1986/2362/447 1981/2357/445
f 1983/2359/444 1987/2363/446 1988/2364/446 1984/2360/444
f 1985/2361/447 1989/2365/449 1990/2366/449 1986/2362/447
f 1987/2363/446 1991/2367/448 1992/2368/448 1988/2364/446
f 1989/2365/449 1993/2369/3 1994/2370/3 1990/2366/449
f 1995/2371/6 1996/2372/451 1997/2373/451 1998/2374/6
f 1991/2367/448 1995/2371/6 1998/2374/6 1992/2368/448
f 1993/2369/3 1999/2375/450 2000/2376/450 1994/2370/3
f 1996/2372/451 2001/2377/430 2002/2378/430 1997/2373/451
f 1999/2375/450 2003/2379/452 2004/2380/452 2000/2376/450
f 2001/2377/430 2005/2381/429 2006/2382/429 2002/2378/430
f 2003/2379/452 1929/2305/443 1932/2308/443 2004/2380/452
f 2005/2381/429 1979/2355/2 1982/2358/2 2006/2382/429
f 2007/2383/337 2008/2384/360 2009/2385/359 2010/2386/5
f 2008/2384/360 2011/2387/358 2012/2388/110 2009/2385/359
f 2011/2387/358 2013/2389/453 2014/2390/356 2012/2388/110
f 2013/2389/453 2015/2391/454 2016/2392/2 2014/2390/356
f 2015/2391/454 2017/2393/455 2018/2394/353 2016/2392/2
f 2017/2393/455 2019/2395/352 2020/2396/109 2018/2394/353
f 2019/2395/352 2021/2397/351 2022/2398/350 2020/2396/109
f 2021/2397/351 2023/2399/349 2024/2400/1 2022/2398/350
f 2023/2399/349 2025/2401/348 2026/2402/347 2024/2400/1
f 2025/2401/348 2027/2403/346 2028/2404/108 2026/2402/347
f 2027/2403/346 2029/2405/345 2030/2406/344 2028/2404/108
f 2029/2405/345 2031/2407/343 2032/2408/7 2030/2406/344
f 2031/2407/343 2033/2409/456 2034/2410/341 2032/2408/7
f 2033/2409/456 2035/2411/340 2036/2412/107 2034/2410/341
f 2035/2411/340 2037/2413/339 2038/2414/338 2036/2412/107
f 2037/2413/339 2007/2383/337 2010/2386/5 2038/2414/338
f 2013/2389/453 2039/2415/364 2040/2416/363 2015/2391/454
f 2041/2417/361 2042/2418/394 2043/2419/393 2044/2420/362
f 2023/2399/349 2045/2421/368 2046/2422/372 2025/2401/348
f 2033/2409/456 2044/2420/362 2047/2423/370 2035/2411/340
f 2008/2384/360 2048/2424/377 2049/2425/369 2011/2387/358
f 2019/2395/352 2050/2426/376 2051/2427/367 2021/2397/351
f 2029/2405/345 2052/2428/375 2041/2417/361 2031/2407/343
f 2015/2391/454 2040/2416/363 2053/2429/457 2017/2393/455
f 2025/2401/348 2046/2422/372 2054/2430/373 2027/2403/346
f 2035/2411/340 2047/2423/370 2055/2431/371 2037/2413/339
f 2011/2387/358 2049/2425/369 2039/2415/364 2013/2389/453
f 2021/2397/351 2051/2427/367 2045/2421/368 2023/2399/349
f 2007/2383/337 2056/2432/378 2048/2424/377 2008/2384/360
f 2031/2407/343 2041/2417/361 2044/2420/362 2033/2409/456
f 2017/2393/455 2053/2429/457 2050/2426/376 2019/2395/352
f 2027/2403/346 2054/2430/373 2052/2428/375 2029/2405/345
f 2037/2413/339 2055/2431/371 2056/2432/378 2007/2383/337
f 2057/2433/458 2058/2434/459 2059/2435/402 2060/2436/384
f 2053/2429/457 2061/2437/380 2062/2438/460 2050/2426/376
f 2044/2420/362 2043/2419/393 2063/2439/392 2047/2423/370
f 2050/2426/376 2062/2438/460 2064/2440/391 2051/2427/367
f 2047/2423/370 2063/2439/392 2065/2441/389 2055/2431/371
f 2051/2427/367 2064/2440/391 2066/2442/388 2045/2421/368
f 2056/2432/378 2067/2443/390 2068/2444/387 2048/2424/377
f 2055/2431/371 2065/2441/389 2067/2443/390 2056/2432/378
f 2045/2421/368 2066/2442/388 2069/2445/461 2046/2422/372
f 2048/2424/377 2068/2444/387 2070/2446/385 2049/2425/369
f 2046/2422/372 2069/2445/461 2057/2433/458 2054/2430/373
f 2049/2425/369 2070/2446/385 2071/2447/365 2039/2415/364
f 2054/2430/373 2057/2433/458 2060/2436/384 2052/2428/375
f 2039/2415/364 2071/2447/365 2072/2448/366 2040/2416/363
f 2052/2428/375 2060/2436/384 2042/2418/394 2041/2417/361
f 2040/2416/363 2072/2448/366 2061/2437/380 2053/2429/457
f 2073/2449/395 2074/2450/398 2075/2451/415 2076/2452/407
f 2071/2447/365 2077/2453/403 2078/2454/401 2072/2448/366
f 2060/2436/384 2059/2435/402 2079/2455/399 2042/2418/394
f 2072/2448/366 2078/2454/401 2080/2456/381 2061/2437/380
f 2042/2418/394 2079/2455/399 2081/2457/400 2043/2419/393
f 2061/2437/380 2080/2456/381 2082/2458/462 2062/2438/460
f 2043/2419/393 2081/2457/400 2083/2459/410 2063/2439/392
f 2062/2438/460 2082/2458/462 2084/2460/409 2064/2440/391
f 2063/2439/392 2083/2459/410 2085/2461/396 2065/2441/389
f 2064/2440/391 2084/2460/409 2086/2462/408 2066/2442/388
f 2067/2443/390 2073/2449/395 2076/2452/407 2068/2444/387
f 2065/2441/389 2085/2461/396 2073/2449/395 2067/2443/390
f 2066/2442/388 2086/2462/408 2087/2463/406 2069/2445/461
f 2068/2444/387 2076/2452/407 2088/2464/405 2070/2446/385
f 2069/2445/461 2087/2463/406 2058/2434/459 2057/2433/458
f 2070/2446/385 2088/2464/405 2077/2453/403 2071/2447/365
f 2089/2465/421 2090/2466/428 2091/2467/427 2092/2468/419
f 2085/2461/396 2093/2469/397 2074/2450/398 2073/2449/395
f 2086/2462/408 2094/2470/417 2095/2471/426 2087/2463/406
f 2076/2452/407 2075/2451/415 2096/2472/425 2088/2464/405
f 2087/2463/406 2095/2471/426 2097/2473/412 2058/2434/459
f 2088/2464/405 2096/2472/425 2098/2474/463 2077/2453/403
f 2058/2434/459 2097/2473/412 2099/2475/411 2059/2435/402
f 2077/2453/403 2098/2474/463 2100/2476/423 2078/2454/401
f 2059/2435/402 2099/2475/411 2101/2477/422 2079/2455/399
f 2078/2454/401 2100/2476/423 2089/2465/421 2080/2456/381
f 2079/2455/399 2101/2477/422 2102/2478/464 2081/2457/400
f 2080/2456/381 2089/2465/421 2092/2468/419 2082/2458/462
f 2081/2457/400 2102/2478/464 2103/2479/418 2083/2459/410
f 2082/2458/462 2092/2468/419 2104/2480/416 2084/2460/409
f 2083/2459/410 2103/2479/418 2093/2469/397 2085/2461/396
f 2084/2460/409 2104/2480/416 2094/2470/417 2086/2462/408
f 2105/2481/413 2106/2482/446 2107/2483/444 2108/2484/414
f 2102/2478/464 2109/2485/440 2110/2486/439 2103/2479/418
f 2092/2468/419 2091/2467/427 2111/2487/438 2104/2480/416
f 2103/2479/418 2110/2486/439 2112/2488/436 2093/2469/397
f 2104/2480/416 2111/2487/438 2113/2489/435 2094/2470/417
f 2074/2450/398 2114/2490/437 2115/2491/434 2075/2451/415
f 2093/2469/397 2112/2488/436 2114/2490/437 2074/2450/398
f 2094/2470/417 2113/2489/435 2116/2492/433 2095/2471/426
f 2075/2451/415 2115/2491/434 2117/2493/431 2096/2472/425
f 2095/2471/426 2116/2492/433 2105/2481/413 2097/2473/412
f 2096/2472/425 2117/2493/431 2118/2494/432 2098/2474/463
f 2097/2473/412 2105/2481/413 2108/2484/414 2099/2475/411
f 2098/2474/463 2118/2494/432 2119/2495/442 2100/2476/423
f 2099/2475/411 2108/2484/414 2120/2496/441 2101/2477/422
f 2100/2476/423 2119/2495/442 2090/2466/428 2089/2465/421
f 2101/2477/422 2120/2496/441 2109/2485/440 2102/2478/464
f 2121/2497/445 2122/2498/445 2123/2499/2 2124/2500/2
f 2118/2494/432 2125/2501/445 2126/2502/2 2119/2495/442
f 2108/2484/414 2107/2483/444 2127/2503/7 2120/2496/441
f 2119/2495/442 2126/2502/2 2128/2504/429 2090/2466/428
f 2120/2496/441 2127/2503/7 2129/2505/443 2109/2485/440
f 2090/2466/428 2128/2504/429 2130/2506/430 2091/2467/427
f 2109/2485/440 2129/2505/443 2131/2507/452 2110/2486/439
f 2091/2467/427 2130/2506/430 2132/2508/451 2111/2487/438
f 2110/2486/439 2131/2507/452 2133/2509/450 2112/2488/436
f 2111/2487/438 2132/2508/451 2134/2510/6 2113/2489/435
f 2114/2490/437 2135/2511/3 2136/2512/449 2115/2491/434
f 2112/2488/436 2133/2509/450 2135/2511/3 2114/2490/437
f 2113/2489/435 2134/2510/6 2137/2513/448 2116/2492/433
f 2115/2491/434 2136/2512/449 2138/2514/447 2117/2493/431
f 2116/2492/433 2137/2513/448 2106/2482/446 2105/2481/413
f 2117/2493/431 2138/2514/447 2125/2501/445 2118/2494/432
f 2139/2515/465 2140/2516/465 2141/2517/1 2142/2518/1
f 2143/2519/1 2144/2520/1 2140/2516/465 2139/2515/465
f 2145/2521/1 2146/2522/1 2144/2520/1 2143/2519/1
f 2147/2523/1 2148/2524/1 2146/2522/1 2145/2521/1
f 2149/2525/1 2150/2526/1 2148/2524/1 2147/2523/1
f 2151/2527/1 2152/2528/1 2150/2526/1 2149/2525/1
f 2153/2529/1 2154/2530/1 2152/2528/1 2151/2527/1
f 2155/2531/1 2156/2532/1 2154/2530/1 2153/2529/1
f 2157/2533/1 2158/2534/1 2156/2532/1 2155/2531/1
f 2159/2535/1 2160/2536/1 2158/2534/1 2157/2533/1
f 2161/2537/1 2162/2538/1 2160/2536/1 2159/2535/1
f 2163/2539/1 2164/2540/1 2162/2538/1 2161/2537/1
f 2165/2541/1 2166/2542/1 2164/2540/1 2163/2539/1
f 2167/2543/1 2168/2544/1 2166/2542/1 2165/2541/1
f 2169/2545/1 2170/2546/1 2168/2544/1 2167/2543/1
f 2142/2518/1 2141/2517/1 2170/2546/1 2169/2545/1
f 2171/2547/7 2172/2548/7 2173/2549/443 2174/2550/443
f 2124/2500/2 2123/2499/2 2175/2551/429 2176/2552/429
f 2174/2550/443 2173/2549/443 2177/2553/452 2178/2554/452
f 2176/2552/429 2175/2551/429 2179/2555/430 2180/2556/430
f 2178/2554/452 2177/2553/452 2181/2557/450 2182/2558/450
f 2180/2556/430 2179/2555/430 2183/2559/451 2184/2560/451
f 2182/2558/450 2181/2557/450 2185/2561/3 2186/2562/3
f 2187/2563/6 2188/2564/6 2189/2565/448 2190/2566/448
f 2184/2560/451 2183/2559/451 2188/2564/6 2187/2563/6
f 2186/2562/3 2185/2561/3 2191/2567/449 2192/2568/449
f 2190/2566/448 2189/2565/448 2193/2569/446 2194/2570/446
f 2192/2568/449 2191/2567/449 2195/2571/447 2196/2572/447
f 2194/2570/446 2193/2569/446 2197/2573/444 2198/2574/444
f 2196/2572/447 2195/2571/447 2122/2498/445 2121/2497/445
f 2198/2574/444 2197/2573/444 2172/2548/7 2171/2547/7
f 2199/2575/466 2200/2576/467 2201/2577/468 2202/2578/469
f 2203/2579/1 2204/2580/470 2205/2581/471
f 2206/2582/472 2207/2583/473 2208/2584/474 2209/2585/475
f 2210/2586/476 2211/2587/477 2212/2588/478 2213/2589/479
f 2214/2590/6 2199/2575/466 2202/2578/469 2215/2591/451
f 2216/2592/480 2206/2582/472 2209/2585/475 2217/2593/481
f 2218/2594/482 2210/2586/476 2213/2589/479 2219/2595/483
f 2220/2596/484 2214/2590/6 2215/2591/451 2221/2597/485
f 2200/2576/467 2216/2592/480 2217/2593/481 2201/2577/468
f 2204/2580/470 2218/2594/482 2219/2595/483 2205/2581/471
f 2207/2583/473 2222/2598/5 2208/2584/474
f 2211/2587/477 2220/2596/484 2221/2597/485 2212/2588/478
f 2217/2593/481 2209/2585/475 2223/2599/486 2224/2600/487
f 2219/2595/483 2213/2589/479 2225/2601/488 2226/2602/489
f 2221/2597/485 2215/2591/451 2227/2603/430 2228/2604/490
f 2201/2577/468 2217/2593/481 2224/2600/487 2229/2605/491
f 2205/2581/471 2219/2595/483 2226/2602/489 2230/2606/492
f 2208/2584/474 2222/2598/5 2231/2607/493
f 2212/2588/478 2221/2597/485 2228/2604/490 2232/2608/494
f 2202/2578/469 2201/2577/468 2229/2605/491 2233/2609/495
f 2203/2579/1 2205/2581/471 2230/2606/492
f 2209/2585/475 2208/2584/474 2231/2607/493 2223/2599/486
f 2213/2589/479 2212/2588/478 2232/2608/494 2225/2601/488
f 2215/2591/451 2202/2578/469 2233/2609/495 2227/2603/430
f 2203/2579/1 2230/2606/492 2234/2610/496
f 2223/2599/486 2231/2607/493 2235/2611/497 2236/2612/498
f 2225/2601/488 2232/2608/494 2237/2613/499 2238/2614/500
f 2227/2603/430 2233/2609/495 2239/2615/501 2240/2616/429
f 2224/2600/487 2223/2599/486 2236/2612/498 2241/2617/502
f 2226/2602/489 2225/2601/488 2238/2614/500 2242/2618/503
f 2228/2604/490 2227/2603/430 2240/2616/429 2243/2619/504
f 2229/2605/491 2224/2600/487 2241/2617/502 2244/2620/505
f 2230/2606/492 2226/2602/489 2242/2618/503 2234/2610/496
f 2231/2607/493 2222/2598/5 2235/2611/497
f 2232/2608/494 2228/2604/490 2243/2619/504 2237/2613/499
f 2233/2609/495 2229/2605/491 2244/2620/505 2239/2615/501
f 2244/2620/505 2241/2617/502 2245/2621/506 2246/2622/507
f 2234/2610/496 2242/2618/503 2247/2623/508 2248/2624/509
f 2235/2611/497 2222/2598/5 2249/2625/510
f 2237/2613/499 2243/2619/504 2250/2626/511 2251/2627/512
f 2239/2615/501 2244/2620/505 2246/2622/507 2252/2628/513
f 2203/2579/1 2234/2610/496 2248/2624/509
f 2236/2612/498 2235/2611/497 2249/2625/510 2253/2629/514
f 2238/2614/500 2237/2613/499 2251/2627/512 2254/2630/515
f 2240/2616/429 2239/2615/501 2252/2628/513 2255/2631/2
f 2241/2617/502 2236/2612/498 2253/2629/514 2245/2621/506
f 2242/2618/503 2238/2614/500 2254/2630/515 2247/2623/508
f 2243/2619/504 2240/2616/429 2255/2631/2 2250/2626/511
f 2245/2621/506 2253/2629/514 2256/2632/516 2257/2633/517
f 2247/2623/508 2254/2630/515 2258/2634/518 2259/2635/519
f 2250/2626/511 2255/2631/2 2260/2636/445 2261/2637/520
f 2246/2622/507 2245/2621/506 2257/2633/517 2262/2638/521
f 2248/2624/509 2247/2623/508 2259/2635/519 2263/2639/522
f 2249/2625/510 2222/2598/5 2264/2640/523
f 2251/2627/512 2250/2626/511 2261/2637/520 2265/2641/524
f 2252/2628/513 2246/2622/507 2262/2638/521 2266/2642/525
f 2203/2579/1 2248/2624/509 2263/2639/522
f 2253/2629/514 2249/2625/510 2264/2640/523 2256/2632/516
f 2254/2630/515 2251/2627/512 2265/2641/524 2258/2634/518
f 2255/2631/2 2252/2628/513 2266/2642/525 2260/2636/445
f 2266/2642/525 2262/2638/521 2267/2643/526 2268/2644/527
f 2203/2579/1 2263/2639/522 2269/2645/528
f 2256/2632/516 2264/2640/523 2270/2646/529 2271/2647/530
f 2258/2634/518 2265/2641/524 2272/2648/531 2273/2649/532
f 2260/2636/445 2266/2642/525 2268/2644/527 2274/2650/447
f 2257/2633/517 2256/2632/516 2271/2647/530 2275/2651/533
f 2259/2635/519 2258/2634/518 2273/2649/532 2276/2652/534
f 2261/2637/520 2260/2636/445 2274/2650/447 2277/2653/535
f 2262/2638/521 2257/2633/517 2275/2651/533 2267/2643/526
f 2263/2639/522 2259/2635/519 2276/2652/534 2269/2645/528
f 2264/2640/523 2222/2598/5 2270/2646/529
f 2265/2641/524 2261/2637/520 2277/2653/535 2272/2648/531
f 2267/2643/526 2275/2651/533 2278/2654/536 2279/2655/537
f 2269/2645/528 2276/2652/534 2280/2656/538 2281/2657/539
f 2270/2646/529 2222/2598/5 2282/2658/540
f 2272/2648/531 2277/2653/535 2283/2659/541 2284/2660/542
f 2268/2644/527 2267/2643/526 2279/2655/537 2285/2661/543
f 2203/2579/1 2269/2645/528 2281/2657/539
f 2271/2647/530 2270/2646/529 2282/2658/540 2286/2662/544
f 2273/2649/532 2272/2648/531 2284/2660/542 2287/2663/545
f 2274/2650/447 2268/2644/527 2285/2661/543 2288/2664/449
f 2275/2651/533 2271/2647/530 2286/2662/544 2278/2654/536
f 2276/2652/534 2273/2649/532 2287/2663/545 2280/2656/538
f 2277/2653/535 2274/2650/447 2288/2664/449 2283/2659/541
f 2288/2664/449 2285/2661/543 2289/2665/546 2290/2666/3
f 2278/2654/536 2286/2662/544 2291/2667/547 2292/2668/548
f 2280/2656/538 2287/2663/545 2293/2669/549 2294/2670/550
f 2283/2659/541 2288/2664/449 2290/2666/3 2295/2671/551
f 2279/2655/537 2278/2654/536 2292/2668/548 2296/2672/552
f 2281/2657/539 2280/2656/538 2294/2670/550 2297/2673/553
f 2282/2658/540 2222/2598/5 2298/2674/554
f 2284/2660/542 2283/2659/541 2295/2671/551 2299/2675/555
f 2285/2661/543 2279/2655/537 2296/2672/552 2289/2665/546
f 2203/2579/1 2281/2657/539 2297/2673/553
f 2286/2662/544 2282/2658/540 2298/2674/554 2291/2667/547
f 2287/2663/545 2284/2660/542 2299/2675/555 2293/2669/549
f 2289/2665/546 2296/2672/552 2300/2676/556 2301/2677/557
f 2203/2579/1 2297/2673/553 2302/2678/558
f 2291/2667/547 2298/2674/554 2303/2679/559 2304/2680/560
f 2293/2669/549 2299/2675/555 2305/2681/561 2306/2682/562
f 2290/2666/3 2289/2665/546 2301/2677/557 2307/2683/450
f 2292/2668/548 2291/2667/547 2304/2680/560 2308/2684/563
f 2294/2670/550 2293/2669/549 2306/2682/562 2309/2685/564
f 2295/2671/551 2290/2666/3 2307/2683/450 2310/2686/565
f 2296/2672/552 2292/2668/548 2308/2684/563 2300/2676/556
f 2297/2673/553 2294/2670/550 2309/2685/564 2302/2678/558
f 2298/2674/554 2222/2598/5 2303/2679/559
f 2299/2675/555 2295/2671/551 2310/2686/565 2305/2681/561
f 2310/2686/565 2307/2683/450 2311/2687/452 2312/2688/566
f 2300/2676/556 2308/2684/563 2313/2689/567 2314/2690/568
f 2302/2678/558 2309/2685/564 2315/2691/569 2316/2692/570
f 2303/2679/559 2222/2598/5 2317/2693/571
f 2305/2681/561 2310/2686/565 2312/2688/566 2318/2694/572
f 2301/2677/557 2300/2676/556 2314/2690/568 2319/2695/573
f 2203/2579/1 2302/2678/558 2316/2692/570
f 2304/2680/560 2303/2679/559 2317/2693/571 2320/2696/574
f 2306/2682/562 2305/2681/561 2318/2694/572 2321/2697/575
f 2307/2683/450 2301/2677/557 2319/2695/573 2311/2687/452
f 2308/2684/563 2304/2680/560 2320/2696/574 2313/2689/567
f 2309/2685/564 2306/2682/562 2321/2697/575 2315/2691/569
f 2311/2687/452 2319/2695/573 2322/2698/576 2323/2699/443
f 2313/2689/567 2320/2696/574 2324/2700/577 2325/2701/578
f 2315/2691/569 2321/2697/575 2326/2702/579 2327/2703/580
f 2312/2688/566 2311/2687/452 2323/2699/443 2328/2704/581
f 2314/2690/568 2313/2689/567 2325/2701/578 2329/2705/582
f 2316/2692/570 2315/2691/569 2327/2703/580 2330/2706/583
f 2317/2693/571 2222/2598/5 2331/2707/584
f 2318/2694/572 2312/2688/566 2328/2704/581 2332/2708/585
f 2319/2695/573 2314/2690/568 2329/2705/582 2322/2698/576
f 2203/2579/1 2316/2692/570 2330/2706/583
f 2320/2696/574 2317/2693/571 2331/2707/584 2324/2700/577
f 2321/2697/575 2318/2694/572 2332/2708/585 2326/2702/579
f 2332/2708/585 2328/2704/581 2333/2709/586 2334/2710/587
f 2322/2698/576 2329/2705/582 2335/2711/588 2336/2712/589
f 2203/2579/1 2330/2706/583 2337/2713/590
f 2324/2700/577 2331/2707/584 2338/2714/591 2339/2715/592
f 2326/2702/579 2332/2708/585 2334/2710/587 2340/2716/593
f 2323/2699/443 2322/2698/576 2336/2712/589 2341/2717/7
f 2325/2701/578 2324/2700/577 2339/2715/592 2342/2718/594
f 2327/2703/580 2326/2702/579 2340/2716/593 2343/2719/595
f 2328/2704/581 2323/2699/443 2341/2717/7 2333/2709/586
f 2329/2705/582 2325/2701/578 2342/2718/594 2335/2711/588
f 2330/2706/583 2327/2703/580 2343/2719/595 2337/2713/590
f 2331/2707/584 2222/2598/5 2338/2714/591
f 2333/2709/586 2341/2717/7 2344/2720/444 2345/2721/596
f 2335/2711/588 2342/2718/594 2346/2722/597 2347/2723/598
f 2337/2713/590 2343/2719/595 2348/2724/599 2349/2725/600
f 2338/2714/591 2222/2598/5 2350/2726/601
f 2334/2710/587 2333/2709/586 2345/2721/596 2351/2727/602
f 2336/2712/589 2335/2711/588 2347/2723/598 2352/2728/603
f 2203/2579/1 2337/2713/590 2349/2725/600
f 2339/2715/592 2338/2714/591 2350/2726/601 2353/2729/604
f 2340/2716/593 2334/2710/587 2351/2727/602 2354/2730/605
f 2341/2717/7 2336/2712/589 2352/2728/603 2344/2720/444
f 2342/2718/594 2339/2715/592 2353/2729/604 2346/2722/597
f 2343/2719/595 2340/2716/593 2354/2730/605 2348/2724/599
f 2354/2730/605 2351/2727/602 2355/2731/606 2356/2732/607
f 2344/2720/444 2352/2728/603 2357/2733/608 2358/2734/446
f 2346/2722/597 2353/2729/604 2359/2735/609 2360/2736/610
f 2348/2724/599 2354/2730/605 2356/2732/607 2361/2737/611
f 2345/2721/596 2344/2720/444 2358/2734/446 2362/2738/612
f 2347/2723/598 2346/2722/597 2360/2736/610 2363/2739/613
f 2349/2725/600 2348/2724/599 2361/2737/611 2364/2740/614
f 2350/2726/601 2222/2598/5 2365/2741/615
f 2351/2727/602 2345/2721/596 2362/2738/612 2355/2731/606
f 2352/2728/603 2347/2723/598 2363/2739/613 2357/2733/608
f 2203/2579/1 2349/2725/600 2364/2740/614
f 2353/2729/604 2350/2726/601 2365/2741/615 2359/2735/609
f 2365/2741/615 2222/2598/5 2366/2742/616
f 2355/2731/606 2362/2738/612 2367/2743/617 2368/2744/618
f 2357/2733/608 2363/2739/613 2369/2745/619 2370/2746/620
f 2203/2579/1 2364/2740/614 2371/2747/621
f 2359/2735/609 2365/2741/615 2366/2742/616 2372/2748/622
f 2356/2732/607 2355/2731/606 2368/2744/618 2373/2749/623
f 2358/2734/446 2357/2733/608 2370/2746/620 2374/2750/448
f 2360/2736/610 2359/2735/609 2372/2748/622 2375/2751/624
f 2361/2737/611 2356/2732/607 2373/2749/623 2376/2752/625
f 2362/2738/612 2358/2734/446 2374/2750/448 2367/2743/617
f 2363/2739/613 2360/2736/610 2375/2751/624 2369/2745/619
f 2364/2740/614 2361/2737/611 2376/2752/625 2371/2747/621
f 2376/2752/625 2373/2749/623 2210/2586/476 2218/2594/482
f 2367/2743/617 2374/2750/448 2214/2590/6 2220/2596/484
f 2369/2745/619 2375/2751/624 2216/2592/480 2200/2576/467
f 2371/2747/621 2376/2752/625 2218/2594/482 2204/2580/470
f 2366/2742/616 2222/2598/5 2207/2583/473
f 2368/2744/618 2367/2743/617 2220/2596/484 2211/2587/477
f 2370/2746/620 2369/2745/619 2200/2576/467 2199/2575/466
f 2203/2579/1 2371/2747/621 2204/2580/470
f 2372/2748/622 2366/2742/616 2207/2583/473 2206/2582/472
f 2373/2749/623 2368/2744/618 2211/2587/477 2210/2586/476
f 2374/2750/448 2370/2746/620 2199/2575/466 2214/2590/6
f 2375/2751/624 2372/2748/622 2206/2582/472 2216/2592/480
f 2377/2753/7 2378/2754/7 2379/2755/7 2380/2756/7
f 2381/2757/1 2382/2758/1 2383/2759/1 2384/2760/1
f 2385/2761/2 2386/2762/2 2387/2763/2 2388/2764/2
f 2389/2765/5 2390/2766/5 2391/2767/5 2392/2768/5
f 2393/2769/3 2394/2770/3 2395/2771/3 2396/2772/3
f 2397/2773/6 2398/2774/6 2399/2775/6 2400/2776/6
f 2401/2777/2 2402/2778/2 2403/2779/2 2404/2780/2 2405/2781/2 2406/2782/2 2407/2783/2 2408/2784/2 2409/2785/2 2410/2786/2 2411/2787/2
f 2412/2788/626 2413/2789/627 2414/2790/627 2415/2791/626
f 2416/2792/3 2417/2793/3 2418/2794/3 2419/2795/3
f 2420/2796/1 2421/2797/628 2422/2798/628 2423/2799/1
f 2424/2800/6 2425/2801/6 2426/2802/629 2427/2803/629
f 2427/2803/629 2426/2802/629 2428/2804/630 2429/2805/630
f 2429/2805/630 2428/2804/630 2430/2806/631 2431/2807/631
f 2431/2807/631 2430/2806/631 2422/2798/628 2421/2797/628
f 2425/2801/6 2424/2800/6 2432/2808/632 2433/2809/632
f 2433/2809/632 2432/2808/632 2434/2810/627 2435/2811/627
f 2435/2811/627 2434/2810/627 2436/2812/626 2437/2813/626
f 2437/2813/626 2436/2812/626 2438/2814/633 2439/2815/633
f 2440/2816/5 2439/2815/633 2438/2814/633 2441/2817/5
f 2442/2818/7 2443/2819/7 2444/2820/7 2445/2821/7
f 2446/2822/7 2447/2823/7 2448/2824/7 2449/2825/7
f 2450/2826/7 2446/2822/7 2449/2825/7 2451/2827/7
f 2452/2828/7 2450/2826/7 2451/2827/7 2453/2829/7
f 2454/2830/7 2455/2831/7 2456/2832/7 2457/2833/7
f 2455/2831/7 2458/2834/7 2459/2835/7 2456/2832/7
f 2458/2834/7 2460/2836/7 2461/2837/7 2459/2835/7
f 2460/2836/7 2462/2838/7 2463/2839/7 2461/2837/7
f 2462/2838/7 2442/2818/7 2445/2821/7 2463/2839/7
f 2443/2819/7 2452/2828/7 2453/2829/7 2444/2820/7
f 2447/2823/7 2454/2830/7 2457/2833/7 2448/2824/7
f 2464/2840/7 2465/2841/7 2466/2842/7 2467/2843/7 2468/2844/7 2469/2845/7 2470/2846/7 2471/2847/7 2472/2848/7 2473/2849/7 2474/2850/7
f 2475/2851/631 2476/2852/628 2477/2853/628 2478/2854/631
f 2479/2855/6 2480/2856/629 2481/2857/629 2482/2858/6
f 2483/2859/3 2484/2860/3 2485/2861/3 2486/2862/3
f 2487/2863/633 2412/2788/626 2415/2791/626 2488/2864/633
f 2489/2865/632 2479/2855/6 2482/2858/6 2490/2866/632
f 2480/2856/629 2491/2867/630 2492/2868/630 2481/2857/629
f 2493/2869/5 2487/2863/633 2488/2864/633 2494/2870/5
f 2413/2789/627 2489/2865/632 2490/2866/632 2414/2790/627
f 2491/2867/630 2475/2851/631 2478/2854/631 2492/2868/630
f 2476/2852/628 2495/2871/1 2496/2872/1 2477/2853/628
f 2497/2873/634 2498/2874/635 2499/2875/636 2500/2876/637
f 2501/2877/638 2502/2878/1 2503/2879/639 2504/2880/640
f 2505/2881/641 2506/2882/642 2507/2883/643 2508/2884/644
f 2509/2885/645 2510/2886/2 2511/2887/646
f 2512/2888/7 2497/2873/634 2500/2876/637
f 2498/2874/635 2501/2877/638 2504/2880/640 2499/2875/636
f 2502/2878/1 2505/2881/641 2508/2884/644 2503/2879/639
f 2506/2882/642 2509/2885/645 2511/2887/646 2507/2883/643
f 2508/2884/644 2507/2883/643 2513/2889/647 2514/2890/648
f 2511/2887/646 2510/2886/2 2515/2891/649
f 2512/2888/7 2500/2876/637 2516/2892/650
f 2499/2875/636 2504/2880/640 2517/2893/651 2518/2894/652
f 2503/2879/639 2508/2884/644 2514/2890/648 2519/2895/653
f 2507/2883/643 2511/2887/646 2515/2891/649 2513/2889/647
f 2500/2876/637 2499/2875/636 2518/2894/652 2516/2892/650
f 2504/2880/640 2503/2879/639 2519/2895/653 2517/2893/651
f 2512/2888/7 2516/2892/650 2520/2896/654
f 2518/2894/652 2517/2893/651 2521/2897/655 2522/2898/656
f 2519/2895/653 2514/2890/648 2523/2899/657 2524/2900/3
f 2513/2889/647 2515/2891/649 2525/2901/658 2526/2902/659
f 2516/2892/650 2518/2894/652 2522/2898/656 2520/2896/654
f 2517/2893/651 2519/2895/653 2524/2900/3 2521/2897/655
f 2514/2890/648 2513/2889/647 2526/2902/659 2523/2899/657
f 2515/2891/649 2510/2886/2 2525/2901/658
f 2526/2902/659 2525/2901/658 2527/2903/660 2528/2904/661
f 2520/2896/654 2522/2898/656 2529/2905/662 2530/2906/663
f 2521/2897/655 2524/2900/3 2531/2907/664 2532/2908/665
f 2523/2899/657 2526/2902/659 2528/2904/661 2533/2909/666
f 2525/2901/658 2510/2886/2 2527/2903/660
f 2512/2888/7 2520/2896/654 2530/2906/663
f 2522/2898/656 2521/2897/655 2532/2908/665 2529/2905/662
f 2524/2900/3 2523/2899/657 2533/2909/666 2531/2907/664
f 2530/2906/663 2529/2905/662 2534/2910/667 2535/2911/668
f 2532/2908/665 2531/2907/664 2536/2912/669 2537/2913/670
f 2533/2909/666 2528/2904/661 2538/2914/671 2539/2915/672
f 2527/2903/660 2510/2886/2 2540/2916/673
f 2512/2888/7 2530/2906/663 2535/2911/668
f 2529/2905/662 2532/2908/665 2537/2913/670 2534/2910/667
f 2531/2907/664 2533/2909/666 2539/2915/672 2536/2912/669
f 2528/2904/661 2527/2903/660 2540/2916/673 2538/2914/671
f 2540/2916/673 2510/2886/2 2541/2917/674
f 2512/2888/7 2535/2911/668 2542/2918/675
f 2534/2910/667 2537/2913/670 2543/2919/676 2544/2920/677
f 2536/2912/669 2539/2915/672 2545/2921/678 2546/2922/5
f 2538/2914/671 2540/2916/673 2541/2917/674 2547/2923/679
f 2535/2911/668 2534/2910/667 2544/2920/677 2542/2918/675
f 2537/2913/670 2536/2912/669 2546/2922/5 2543/2919/676
f 2539/2915/672 2538/2914/671 2547/2923/679 2545/2921/678
f 2544/2920/677 2543/2919/676 2548/2924/680 2549/2925/681
f 2546/2922/5 2545/2921/678 2550/2926/682 2551/2927/683
f 2547/2923/679 2541/2917/674 2552/2928/684 2553/2929/685
f 2542/2918/675 2544/2920/677 2549/2925/681 2554/2930/686
f 2543/2919/676 2546/2922/5 2551/2927/683 2548/2924/680
f 2545/2921/678 2547/2923/679 2553/2929/685 2550/2926/682
f 2541/2917/674 2510/2886/2 2552/2928/684
f 2512/2888/7 2542/2918/675 2554/2930/686
f 2554/2930/686 2549/2925/681 2555/2931/687 2556/2932/688
f 2548/2924/680 2551/2927/683 2557/2933/689 2558/2934/690
f 2550/2926/682 2553/2929/685 2559/2935/691 2560/2936/692
f 2552/2928/684 2510/2886/2 2561/2937/693
f 2512/2888/7 2554/2930/686 2556/2932/688
f 2549/2925/681 2548/2924/680 2558/2934/690 2555/2931/687
f 2551/2927/683 2550/2926/682 2560/2936/692 2557/2933/689
f 2553/2929/685 2552/2928/684 2561/2937/693 2559/2935/691
f 2558/2934/690 2557/2933/689 2562/2938/6 2563/2939/694
f 2560/2936/692 2559/2935/691 2564/2940/695 2565/2941/696
f 2561/2937/693 2510/2886/2 2566/2942/697
f 2512/2888/7 2556/2932/688 2567/2943/698
f 2555/2931/687 2558/2934/690 2563/2939/694 2568/2944/699
f 2557/2933/689 2560/2936/692 2565/2941/696 2562/2938/6
f 2559/2935/691 2561/2937/693 2566/2942/697 2564/2940/695
f 2556/2932/688 2555/2931/687 2568/2944/699 2567/2943/698
f 2512/2888/7 2567/2943/698 2569/2945/700
f 2568/2944/699 2563/2939/694 2570/2946/701 2571/2947/702
f 2562/2938/6 2565/2941/696 2572/2948/703 2573/2949/704
f 2564/2940/695 2566/2942/697 2574/2950/705 2575/2951/706
f 2567/2943/698 2568/2944/699 2571/2947/702 2569/2945/700
f 2563/2939/694 2562/2938/6 2573/2949/704 2570/2946/701
f 2565/2941/696 2564/2940/695 2575/2951/706 2572/2948/703
f 2566/2942/697 2510/2886/2 2574/2950/705
f 2573/2949/704 2572/2948/703 2576/2952/707 2577/2953/708
f 2575/2951/706 2574/2950/705 2578/2954/709 2579/2955/710
f 2569/2945/700 2571/2947/702 2580/2956/711 2581/2957/712
f 2570/2946/701 2573/2949/704 2577/2953/708 2582/2958/713
f 2572/2948/703 2575/2951/706 2579/2955/710 2576/2952/707
f 2574/2950/705 2510/2886/2 2578/2954/709
f 2512/2888/7 2569/2945/700 2581/2957/712
f 2571/2947/702 2570/2946/701 2582/2958/713 2580/2956/711
f 2581/2957/712 2580/2956/711 2498/2874/635 2497/2873/634
f 2582/2958/713 2577/2953/708 2502/2878/1 2501/2877/638
f 2576/2952/707 2579/2955/710 2506/2882/642 2505/2881/641
f 2578/2954/709 2510/2886/2 2509/2885/645
f 2512/2888/7 2581/2957/712 2497/2873/634
f 2580/2956/711 2582/2958/713 2501/2877/638 2498/2874/635
f 2577/2953/708 2576/2952/707 2505/2881/641 2502/2878/1
f 2579/2955/710 2578/2954/709 2509/2885/645 2506/2882/642
l 2586 2587
l 2588 2587
l 2583 2584
l 2585 2584
o Collider_Cube.008
v 1.135051 0.055157 1.600388
v 1.135051 0.690447 1.539828
v 1.135051 0.055157 -1.600388
v 1.135051 0.690447 -1.539828
v 2.217055 0.055157 1.600388
v 2.156495 0.690447 1.539828
v 2.217055 0.055157 -1.600388
v 2.156495 0.690447 -1.539828
v 1.135051 0.690447 1.600388
v 1.135051 0.690447 -1.600388
v 2.217055 0.690447 -1.600388
v 2.217055 0.690447 1.600388
v 1.135051 0.056754 1.539828
v 1.135051 0.056754 -1.539828
v 2.156495 0.056754 -1.539828
v 2.156495 0.056754 1.539828
v 2.217055 0.055157 0.352207
v 2.217055 0.055157 -0.352207
v 2.217055 0.690447 -0.352207
v 2.217055 0.690447 0.352207
v 2.156495 0.690447 -0.352207
v 2.156495 0.690447 0.352207
v 2.156495 0.056754 -0.352207
v 2.156495 0.056754 0.352207
v -1.270861 0.000000 1.620528
v -1.270861 2.000000 1.620528
v -1.270861 0.000000 -1.620528
v -1.270861 2.000000 -1.620528
v 1.140889 0.000000 1.620528
v 1.140889 2.000000 1.620528
v 1.140889 0.000000 -1.620528
v 1.140889 2.000000 -1.620528
v -1.270861 0.000000 0.000000
v -1.270861 2.845238 0.000000
v 1.140889 0.000000 0.000000
v 1.140889 2.845238 0.000000
v -1.428369 2.014158 1.855383
v -1.428369 2.014158 -1.855383
v 1.298397 2.014158 1.855383
v 1.298397 2.014158 -1.855383
v -1.428369 3.027119 0.000000
v 1.298397 3.027119 0.000000
v -1.428369 2.867557 0.000000
v -1.428369 1.854595 -1.763873
v 1.298397 1.854595 -1.763873
v 1.298397 2.867557 0.000000
v 1.298397 1.854595 1.763873
v -1.428369 1.854595 1.763873
v 0.919896 0.128282 -1.599862
v 0.919896 1.920213 -1.599862
v 0.919896 0.128282 -1.704118
v 0.919896 1.920213 -1.704118
v 1.024152 1.920213 -1.599862
v 1.024152 1.920213 -1.704118
v 1.024152 0.064609 -1.704118
v 1.024152 0.064609 -1.599862
v 0.784732 0.128282 -1.704118
v 0.784732 0.128282 -1.599862
v 0.784732 0.064609 -1.704118
v 0.784732 0.064609 -1.599862
v 0.919896 0.128282 1.599862
v 0.919896 1.920213 1.599862
v 0.919896 0.128282 1.704118
v 0.919896 1.920213 1.704118
v 1.024152 1.920213 1.599862
v 1.024152 1.920213 1.704118
v 1.024152 0.064609 1.704118
v 1.024152 0.064609 1.599862
v 0.784732 0.128282 1.704118
v 0.784732 0.128282 1.599862
v 0.784732 0.064609 1.704118
v 0.784732 0.064609 1.599862
v -0.629655 2.150736 -0.336181
v -0.629655 2.326123 -0.336181
v -0.629655 2.150736 -1.424716
v -0.629655 2.326123 -1.424716
v 0.504241 2.150736 -0.336181
v 0.504241 2.326123 -0.336181
v 0.504241 2.150736 -1.424716
v 0.504241 2.326123 -1.424716
v -0.062707 2.150736 -1.424716
v -0.062707 2.843471 -1.424716
v -0.062707 2.150736 -0.336181
v -0.062707 2.843471 -0.336181
v -0.629655 2.150736 0.336181
v -0.629655 2.326123 0.336181
v -0.629655 2.150736 1.424716
v -0.629655 2.326123 1.424716
v 0.504241 2.150736 0.336181
v 0.504241 2.326123 0.336181
v 0.504241 2.150736 1.424716
v 0.504241 2.326123 1.424716
v -0.062707 2.150736 1.424716
v -0.062707 2.843471 1.424716
v -0.062707 2.150736 0.336181
v -0.062707 2.843471 0.336181
v -1.115466 2.868966 0.267456
v -1.147794 3.394271 0.268825
v -1.115466 2.868966 -0.267456
v -1.147794 3.394271 -0.268825
v -0.818094 2.868966 0.267456
v -0.785765 3.394271 0.268825
v -0.818094 2.868966 -0.267456
v -0.785765 3.394271 -0.268825
v 1.156518 0.061376 -0.884300
v 1.156518 0.242641 -0.884300
v 1.156518 0.061376 -1.134739
v 1.156518 0.242641 -1.134739
v 1.359293 0.061376 -0.884300
v 1.359293 0.242641 -0.884300
v 1.359293 0.061376 -1.134739
v 1.359293 0.242641 -1.134739
v 1.156518 0.528461 -0.884300
v 1.156518 0.528461 -1.174193
v 1.406675 0.528461 -1.174193
v 1.406675 0.528461 -0.884300
v 1.235118 1.060783 -1.001386
v 1.235118 1.060783 -1.059130
v 1.281872 1.060783 -1.059130
v 1.281872 1.060783 -1.001386
v 1.156518 0.061376 0.884300
v 1.156518 0.242641 0.884300
v 1.156518 0.061376 1.134739
v 1.156518 0.242641 1.134739
v 1.359293 0.061376 0.884300
v 1.359293 0.242641 0.884300
v 1.359293 0.061376 1.134739
v 1.359293 0.242641 1.134739
v 1.156518 0.528460 0.848019
v 1.156518 0.528460 1.146074
v 1.406675 0.528460 1.146074
v 1.406675 0.528460 0.848019
v 1.235118 1.060783 0.956568
v 1.235118 1.060783 1.014312
v 1.281872 1.060783 1.014312
v 1.281872 1.060783 0.956568
v -1.374489 0.000000 1.732122
v -1.374489 0.067298 1.732122
v -1.374489 0.000000 -1.732122
v -1.374489 0.067298 -1.732122
v 2.260407 0.000000 1.732122
v 2.260407 0.067298 1.732122
v 2.260407 0.000000 -1.732122
v 2.260407 0.067298 -1.732122
v 1.136906 0.064413 0.352193
v 1.136906 0.142953 0.352193
v 1.136906 0.064413 -0.352193
v 1.136906 0.142953 -0.352193
v 1.408092 0.064413 0.352193
v 1.408092 0.142953 0.352193
v 1.408092 0.064413 -0.352193
v 1.408092 0.142953 -0.352193
v 1.893773 0.501375 -0.351655
v 1.893773 0.501375 -0.598753
v 2.050891 0.501375 -0.351655
v 2.050891 0.501375 -0.598753
v 1.945681 0.658493 -0.351655
v 1.893773 0.606585 -0.351655
v 1.893773 0.606585 -0.598753
v 1.945681 0.658493 -0.598753
v 2.050891 0.606585 -0.351655
v 1.998983 0.658493 -0.351655
v 1.998983 0.658493 -0.598753
v 2.050891 0.606585 -0.598753
v 1.957248 0.061335 -0.463878
v 1.957248 0.503188 -0.463878
v 1.957248 0.061335 -0.494046
v 1.957248 0.503188 -0.494046
v 1.987417 0.061335 -0.463878
v 1.987417 0.503188 -0.463878
v 1.987417 0.061335 -0.494046
v 1.987417 0.503188 -0.494046
vt 0.375000 0.250000
vt 0.625000 0.250000
vt 0.625000 0.500000
vt 0.375000 0.500000
vt 0.375000 0.666667
vt 0.625000 0.666667
vt 0.625000 0.750000
vt 0.375000 0.750000
vt 0.625000 1.000000
vt 0.375000 1.000000
vt 0.638980 0.504730
vt 0.638980 0.584910
vt 0.625000 0.583333
vt 0.638980 0.504730
vt 0.638980 0.584910
vt 0.861020 0.504730
vt 0.875000 0.500000
vt 0.638980 0.665090
vt 0.638980 0.745270
vt 0.861020 0.745270
vt 0.875000 0.750000
vt 0.638980 0.745270
vt 0.861020 0.745270
vt 0.861020 0.504730
vt 0.638980 0.665090
vt 0.375000 0.583333
vt 0.375000 0.125000
vt 0.625000 0.125000
vt 0.625000 0.250000
vt 0.375000 0.250000
vt 0.625000 0.500000
vt 0.375000 0.500000
vt 0.375000 0.625000
vt 0.625000 0.625000
vt 0.625000 0.750000
vt 0.375000 0.750000
vt 0.625000 1.000000
vt 0.375000 1.000000
vt 0.125000 0.625000
vt 0.125000 0.750000
vt 0.875000 0.625000
vt 0.875000 0.750000
vt 0.875000 0.500000
vt 0.125000 0.500000
vt 0.375000 0.000000
vt 0.625000 0.000000
vt 0.625000 0.625000
vt 0.875000 0.625000
vt 0.875000 0.750000
vt 0.625000 0.750000
vt 0.625000 0.500000
vt 0.875000 0.500000
vt 0.625000 0.625000
vt 0.625000 0.750000
vt 0.875000 0.750000
vt 0.875000 0.625000
vt 0.625000 0.500000
vt 0.875000 0.500000
vt 0.375000 0.000000
vt 0.625000 0.000000
vt 0.625000 0.250000
vt 0.375000 0.250000
vt 0.625000 0.500000
vt 0.375000 0.500000
vt 0.625000 0.750000
vt 0.375000 0.750000
vt 0.625000 1.000000
vt 0.375000 1.000000
vt 0.875000 0.500000
vt 0.875000 0.750000
vt 0.375000 0.250000
vt 0.375000 0.000000
vt 0.375000 0.250000
vt 0.375000 0.000000
vt 0.375000 1.000000
vt 0.375000 1.000000
vt 0.125000 0.750000
vt 0.125000 0.500000
vt 0.375000 0.000000
vt 0.375000 0.250000
vt 0.625000 0.250000
vt 0.625000 0.000000
vt 0.375000 0.500000
vt 0.625000 0.500000
vt 0.375000 0.750000
vt 0.625000 0.750000
vt 0.375000 1.000000
vt 0.625000 1.000000
vt 0.875000 0.750000
vt 0.875000 0.500000
vt 0.375000 0.000000
vt 0.375000 0.250000
vt 0.375000 0.000000
vt 0.375000 0.250000
vt 0.375000 1.000000
vt 0.375000 1.000000
vt 0.125000 0.500000
vt 0.125000 0.750000
vt 0.375000 0.000000
vt 0.625000 0.000000
vt 0.625000 0.250000
vt 0.375000 0.250000
vt 0.375000 0.375000
vt 0.625000 0.375000
vt 0.625000 0.500000
vt 0.375000 0.500000
vt 0.625000 0.750000
vt 0.375000 0.750000
vt 0.375000 0.875000
vt 0.625000 0.875000
vt 0.625000 1.000000
vt 0.375000 1.000000
vt 0.250000 0.500000
vt 0.250000 0.750000
vt 0.750000 0.500000
vt 0.875000 0.500000
vt 0.875000 0.750000
vt 0.750000 0.750000
vt 0.125000 0.500000
vt 0.125000 0.750000
vt 0.375000 0.000000
vt 0.375000 0.250000
vt 0.625000 0.250000
vt 0.625000 0.000000
vt 0.375000 0.375000
vt 0.375000 0.500000
vt 0.625000 0.500000
vt 0.625000 0.375000
vt 0.375000 0.750000
vt 0.625000 0.750000
vt 0.375000 0.875000
vt 0.375000 1.000000
vt 0.625000 1.000000
vt 0.625000 0.875000
vt 0.250000 0.500000
vt 0.250000 0.750000
vt 0.750000 0.500000
vt 0.750000 0.750000
vt 0.875000 0.750000
vt 0.875000 0.500000
vt 0.125000 0.500000
vt 0.125000 0.750000
vt 0.375000 0.000000
vt 0.625000 0.000000
vt 0.625000 0.250000
vt 0.375000 0.250000
vt 0.625000 0.500000
vt 0.375000 0.500000
vt 0.625000 0.750000
vt 0.375000 0.750000
vt 0.625000 1.000000
vt 0.375000 1.000000
vt 0.125000 0.500000
vt 0.125000 0.750000
vt 0.875000 0.500000
vt 0.875000 0.750000
vt 0.375000 0.000000
vt 0.625000 0.000000
vt 0.625000 0.250000
vt 0.375000 0.250000
vt 0.625000 0.500000
vt 0.375000 0.500000
vt 0.625000 0.750000
vt 0.375000 0.750000
vt 0.625000 1.000000
vt 0.375000 1.000000
vt 0.125000 0.500000
vt 0.125000 0.750000
vt 0.625000 0.500000
vt 0.625000 0.750000
vt 0.625000 0.250000
vt 0.625000 0.000000
vt 0.625000 0.000000
vt 0.625000 0.250000
vt 0.625000 1.000000
vt 0.625000 0.500000
vt 0.875000 0.500000
vt 0.875000 0.750000
vt 0.625000 0.750000
vt 0.625000 1.000000
vt 0.375000 0.000000
vt 0.375000 0.250000
vt 0.625000 0.250000
vt 0.625000 0.000000
vt 0.375000 0.500000
vt 0.625000 0.500000
vt 0.375000 0.750000
vt 0.625000 0.750000
vt 0.375000 1.000000
vt 0.625000 1.000000
vt 0.125000 0.500000
vt 0.125000 0.750000
vt 0.625000 0.750000
vt 0.625000 0.500000
vt 0.625000 0.250000
vt 0.625000 0.250000
vt 0.625000 0.000000
vt 0.625000 0.000000
vt 0.625000 1.000000
vt 0.625000 0.500000
vt 0.625000 0.750000
vt 0.875000 0.750000
vt 0.875000 0.500000
vt 0.625000 1.000000
vt 0.375000 0.000000
vt 0.625000 0.000000
vt 0.625000 0.250000
vt 0.375000 0.250000
vt 0.625000 0.500000
vt 0.375000 0.500000
vt 0.625000 0.750000
vt 0.375000 0.750000
vt 0.625000 1.000000
vt 0.375000 1.000000
vt 0.125000 0.500000
vt 0.125000 0.750000
vt 0.875000 0.500000
vt 0.875000 0.750000
vt 0.375000 0.000000
vt 0.625000 0.000000
vt 0.625000 0.250000
vt 0.375000 0.250000
vt 0.625000 0.500000
vt 0.375000 0.500000
vt 0.625000 0.750000
vt 0.375000 0.750000
vt 0.625000 1.000000
vt 0.375000 1.000000
vt 0.125000 0.500000
vt 0.125000 0.750000
vt 0.875000 0.500000
vt 0.875000 0.750000
vt 0.707594 0.500000
vt 0.792406 0.500000
vt 0.792406 0.750000
vt 0.707594 0.750000
vt 0.375000 0.500000
vt 0.542406 0.500000
vt 0.542406 0.750000
vt 0.375000 0.750000
vt 0.375000 0.000000
vt 0.542406 0.000000
vt 0.542406 0.250000
vt 0.375000 0.250000
vt 0.125000 0.500000
vt 0.125000 0.750000
vt 0.625000 0.332594
vt 0.625000 0.417406
vt 0.625000 0.000000
vt 0.625000 0.250000
vt 0.625000 0.832594
vt 0.625000 0.917406
vt 0.542406 1.000000
vt 0.375000 1.000000
vt 0.375000 0.000000
vt 0.625000 0.000000
vt 0.625000 0.250000
vt 0.375000 0.250000
vt 0.625000 0.500000
vt 0.375000 0.500000
vt 0.625000 0.750000
vt 0.375000 0.750000
vt 0.625000 1.000000
vt 0.375000 1.000000
vt 0.125000 0.500000
vt 0.125000 0.750000
vt 0.875000 0.500000
vt 0.875000 0.750000
vn 0.0000 0.0000 -1.0000
vn 1.0000 0.0000 0.0000
vn 0.0000 0.0000 1.0000
vn 0.0000 1.0000 0.0000
vn -1.0000 0.0000 0.0000
vn 0.0000 -1.0000 0.0000
vn 0.0000 0.8866 0.4625
vn 0.0000 0.8866 -0.4625
vn 0.0000 0.8777 0.4792
vn 0.0000 0.8777 -0.4792
vn 0.0000 -0.8672 -0.4980
vn 0.0000 -0.8672 0.4980
vn 0.0000 -0.4975 0.8675
vn 0.0000 -0.4975 -0.8675
vn -0.6741 0.7387 0.0000
vn 0.6741 0.7387 0.0000
vn -0.9981 -0.0614 0.0000
vn 0.0000 -0.0026 -1.0000
vn 0.9981 -0.0614 0.0000
vn 0.0000 -0.0026 1.0000
vn 0.9865 -0.1635 0.0000
vn -0.9893 0.1461 0.0000
vn 0.0000 -0.1367 -0.9906
vn 0.0000 0.2148 0.9767
vn 0.0000 0.2113 -0.9774
vn 0.9736 0.2283 0.0000
vn 0.0000 -0.1259 -0.9920
vn 0.0000 -0.0396 0.9992
vn 0.0000 0.1998 -0.9798
vn 0.0000 0.2403 0.9707
vn -0.7071 0.7071 0.0000
vn 0.7071 0.7071 0.0000
usemtl Collider
s off
f 2591/2959/714 2598/2960/714 2599/2961/714 2595/2962/714
f 2605/2963/715 2608/2964/715 2600/2965/715 2593/2966/715
f 2593/2966/716 2600/2965/716 2597/2967/716 2589/2968/716
f 2596/2969/717 2609/2970/717 2607/2971/717 2599/2961/717
f 2609/2970/718 2596/2969/718 2603/2972/718 2611/2973/718
f 2592/2974/717 2596/2969/717 2599/2961/717 2598/2975/717
f 2610/2976/717 2594/2977/717 2600/2965/717 2608/2964/717
f 2594/2977/717 2590/2978/717 2597/2979/717 2600/2965/717
f 2590/2978/714 2594/2977/714 2604/2980/714 2601/2981/714
f 2596/2969/716 2592/2974/716 2602/2982/716 2603/2972/716
f 2594/2977/718 2610/2976/718 2612/2983/718 2604/2980/718
f 2609/2970/716 2611/2973/716 2606/2984/716 2607/2971/716
f 2595/2962/715 2599/2961/715 2607/2971/715 2606/2984/715
f 2612/2983/714 2610/2976/714 2608/2964/714 2605/2963/714
f 2621/2985/718 2622/2986/718 2616/2987/718 2615/2988/718
f 2615/2988/714 2616/2987/714 2620/2989/714 2619/2990/714
f 2623/2991/715 2624/2992/715 2618/2993/715 2617/2994/715
f 2617/2994/716 2618/2993/716 2614/2995/716 2613/2996/716
f 2621/2997/719 2623/2991/719 2617/2994/719 2613/2998/719
f 2624/2992/720 2622/2999/720 2614/3000/720 2618/2993/720
f 2620/2989/721 2616/3001/721 2622/2999/721 2624/2992/721
f 2615/3002/719 2619/2990/719 2623/2991/719 2621/2997/719
f 2619/2990/715 2620/2989/715 2624/2992/715 2623/2991/715
f 2613/3003/718 2614/3004/718 2622/2986/718 2621/2985/718
f 2630/3005/722 2629/3006/722 2625/3007/722 2627/3008/722
f 2628/3009/723 2626/3010/723 2629/3006/723 2630/3005/723
f 2634/3011/724 2635/3012/724 2636/3013/724 2631/3014/724
f 2633/3015/725 2634/3011/725 2631/3014/725 2632/3016/725
f 2629/3006/718 2631/3014/718 2636/3013/718 2625/3007/718
f 2627/3008/715 2635/3012/715 2634/3011/715 2630/3005/715
f 2626/3010/718 2632/3016/718 2631/3014/718 2629/3006/718
f 2630/3005/715 2634/3011/715 2633/3015/715 2628/3009/715
f 2625/3007/726 2636/3013/726 2635/3012/726 2627/3008/726
f 2628/3009/727 2633/3015/727 2632/3016/727 2626/3010/727
f 2637/3017/718 2638/3018/718 2640/3019/718 2639/3020/718
f 2639/3020/714 2640/3019/714 2642/3021/714 2643/3022/714
f 2643/3022/715 2642/3021/715 2641/3023/715 2644/3024/715
f 2644/3024/716 2641/3023/716 2638/3025/716 2637/3026/716
f 2642/3021/717 2640/3027/717 2638/3028/717 2641/3023/717
f 2637/3017/717 2639/3020/717 2645/3029/717 2646/3030/717
f 2646/3030/718 2645/3029/718 2647/3031/718 2648/3032/718
f 2644/3024/716 2637/3026/716 2646/3033/716 2648/3034/716
f 2643/3022/719 2644/3024/719 2648/3035/719 2647/3036/719
f 2639/3020/714 2643/3022/714 2647/3031/714 2645/3029/714
f 2649/3037/718 2651/3038/718 2652/3039/718 2650/3040/718
f 2651/3038/716 2655/3041/716 2654/3042/716 2652/3039/716
f 2655/3041/715 2656/3043/715 2653/3044/715 2654/3042/715
f 2656/3043/714 2649/3045/714 2650/3046/714 2653/3044/714
f 2654/3042/717 2653/3044/717 2650/3047/717 2652/3048/717
f 2649/3037/717 2658/3049/717 2657/3050/717 2651/3038/717
f 2658/3049/718 2660/3051/718 2659/3052/718 2657/3050/718
f 2656/3043/714 2660/3053/714 2658/3054/714 2649/3045/714
f 2655/3041/719 2659/3055/719 2660/3056/719 2656/3043/719
f 2651/3038/716 2657/3050/716 2659/3052/716 2655/3041/716
f 2661/3057/718 2662/3058/718 2664/3059/718 2663/3060/718
f 2669/3061/714 2670/3062/714 2668/3063/714 2667/3064/714
f 2667/3064/715 2668/3063/715 2666/3065/715 2665/3066/715
f 2671/3067/716 2672/3068/716 2662/3069/716 2661/3070/716
f 2669/3071/719 2667/3064/719 2665/3066/719 2671/3072/719
f 2670/3073/728 2664/3074/728 2662/3075/728 2672/3076/728
f 2668/3063/729 2670/3073/729 2672/3076/729 2666/3065/729
f 2663/3077/719 2669/3071/719 2671/3072/719 2661/3078/719
f 2665/3066/716 2666/3065/716 2672/3068/716 2671/3067/716
f 2663/3060/714 2664/3059/714 2670/3062/714 2669/3061/714
f 2673/3079/718 2675/3080/718 2676/3081/718 2674/3082/718
f 2681/3083/716 2679/3084/716 2680/3085/716 2682/3086/716
f 2679/3084/715 2677/3087/715 2678/3088/715 2680/3085/715
f 2683/3089/714 2673/3090/714 2674/3091/714 2684/3092/714
f 2681/3093/719 2683/3094/719 2677/3087/719 2679/3084/719
f 2682/3095/728 2684/3096/728 2674/3097/728 2676/3098/728
f 2680/3085/729 2678/3088/729 2684/3096/729 2682/3095/729
f 2675/3099/719 2673/3100/719 2683/3094/719 2681/3093/719
f 2677/3087/714 2683/3089/714 2684/3092/714 2678/3088/714
f 2675/3080/716 2681/3083/716 2682/3086/716 2676/3081/716
f 2685/3101/730 2686/3102/730 2688/3103/730 2687/3104/730
f 2687/3104/731 2688/3103/731 2692/3105/731 2691/3106/731
f 2691/3106/732 2692/3105/732 2690/3107/732 2689/3108/732
f 2689/3108/733 2690/3107/733 2686/3109/733 2685/3110/733
f 2687/3111/719 2691/3106/719 2689/3108/719 2685/3112/719
f 2692/3105/717 2688/3113/717 2686/3114/717 2690/3107/717
f 2693/3115/718 2694/3116/718 2696/3117/718 2695/3118/718
f 2695/3118/714 2696/3117/714 2700/3119/714 2699/3120/714
f 2699/3120/715 2700/3119/715 2698/3121/715 2697/3122/715
f 2697/3122/716 2698/3121/716 2694/3123/716 2693/3124/716
f 2695/3125/719 2699/3120/719 2697/3122/719 2693/3126/719
f 2698/3121/734 2700/3119/734 2703/3127/734 2704/3128/734
f 2702/3129/735 2701/3130/735 2705/3131/735 2706/3132/735
f 2696/3117/718 2694/3116/718 2701/3130/718 2702/3129/718
f 2694/3123/716 2698/3121/716 2704/3128/716 2701/3133/716
f 2700/3119/736 2696/3117/736 2702/3129/736 2703/3127/736
f 2707/3134/717 2706/3135/717 2705/3136/717 2708/3137/717
f 2701/3133/737 2704/3128/737 2708/3137/737 2705/3138/737
f 2703/3127/738 2702/3129/738 2706/3132/738 2707/3134/738
f 2704/3128/739 2703/3127/739 2707/3134/739 2708/3137/739
f 2709/3139/718 2711/3140/718 2712/3141/718 2710/3142/718
f 2711/3140/716 2715/3143/716 2716/3144/716 2712/3141/716
f 2715/3143/715 2713/3145/715 2714/3146/715 2716/3144/715
f 2713/3145/714 2709/3147/714 2710/3148/714 2714/3146/714
f 2711/3149/719 2709/3150/719 2713/3145/719 2715/3143/719
f 2714/3146/734 2720/3151/734 2719/3152/734 2716/3144/734
f 2718/3153/735 2722/3154/735 2721/3155/735 2717/3156/735
f 2712/3141/718 2718/3153/718 2717/3156/718 2710/3142/718
f 2710/3148/740 2717/3157/740 2720/3151/740 2714/3146/740
f 2716/3144/741 2719/3152/741 2718/3153/741 2712/3141/741
f 2723/3158/717 2724/3159/717 2721/3160/717 2722/3161/717
f 2717/3157/742 2721/3162/742 2724/3159/742 2720/3151/742
f 2719/3152/743 2723/3158/743 2722/3154/743 2718/3153/743
f 2720/3151/739 2724/3159/739 2723/3158/739 2719/3152/739
f 2725/3163/718 2726/3164/718 2728/3165/718 2727/3166/718
f 2727/3166/714 2728/3165/714 2732/3167/714 2731/3168/714
f 2731/3168/715 2732/3167/715 2730/3169/715 2729/3170/715
f 2729/3170/716 2730/3169/716 2726/3171/716 2725/3172/716
f 2727/3173/719 2731/3168/719 2729/3170/719 2725/3174/719
f 2732/3167/717 2728/3175/717 2726/3176/717 2730/3169/717
f 2733/3177/718 2734/3178/718 2736/3179/718 2735/3180/718
f 2735/3180/714 2736/3179/714 2740/3181/714 2739/3182/714
f 2739/3182/715 2740/3181/715 2738/3183/715 2737/3184/715
f 2737/3184/716 2738/3183/716 2734/3185/716 2733/3186/716
f 2735/3187/719 2739/3182/719 2737/3184/719 2733/3188/719
f 2740/3181/717 2736/3189/717 2734/3190/717 2738/3183/717
f 2751/3191/717 2748/3192/717 2745/3193/717 2750/3194/717
f 2744/3195/715 2752/3196/715 2749/3197/715 2743/3198/715
f 2741/3199/718 2746/3200/718 2747/3201/718 2742/3202/718
f 2742/3203/719 2744/3195/719 2743/3198/719 2741/3204/719
f 2742/3202/714 2747/3201/714 2748/3205/714 2751/3206/714 2752/3196/714 2744/3195/714
f 2745/3207/744 2748/3208/744 2747/3201/744 2746/3200/744
f 2751/3191/745 2750/3194/745 2749/3197/745 2752/3196/745
f 2743/3198/716 2749/3197/716 2750/3209/716 2745/3210/716 2746/3211/716 2741/3212/716
f 2753/3213/718 2754/3214/718 2756/3215/718 2755/3216/718
f 2755/3216/714 2756/3215/714 2760/3217/714 2759/3218/714
f 2759/3218/715 2760/3217/715 2758/3219/715 2757/3220/715
f 2757/3220/716 2758/3219/716 2754/3221/716 2753/3222/716
f 2755/3223/719 2759/3218/719 2757/3220/719 2753/3224/719
f 2760/3217/717 2756/3225/717 2754/3226/717 2758/3219/717
