# Blender v3.0.1 OBJ File: 'PublicBuilding_7C.blend'
# www.blender.org
mtllib PublicBuilding_7C.mtl
o PublicBuilding_7
v 0.797835 1.444258 -1.103716
v 0.797007 1.603896 -1.366840
v 0.795601 1.603896 -0.543859
v 0.797835 1.444258 -0.837853
v 0.958393 1.937143 -0.559845
v 1.024912 2.658357 -1.366840
v 0.161109 2.658357 -1.366840
v 0.958393 1.875671 -0.604464
v 1.024912 2.570357 -1.366840
v 0.959515 2.570357 -1.366840
v 0.795158 2.454995 -1.366840
v 0.795601 1.875671 -0.607643
v 0.795601 1.875671 0.137752
v 0.958703 1.875671 0.300854
v 0.853637 1.937143 -0.559845
v 0.050209 2.658357 -1.366840
v 0.853637 1.937142 0.195788
v 0.958703 1.937142 0.300854
v -0.140956 2.824121 -1.366840
v 0.790244 1.603896 0.132396
v 0.694789 1.780033 -1.062187
v 0.695006 1.780033 -1.366840
v 0.694563 2.375060 -1.366840
v 0.694789 2.149843 -1.062187
v 0.795601 1.780077 -1.366840
v 0.795384 1.780077 -1.062167
v 0.795384 2.149843 -1.062167
v 0.795158 2.375060 -1.366840
v 0.795601 1.232870 -0.595450
v 0.797835 1.268049 -0.799044
v 0.613705 1.268049 -0.799044
v 0.613705 1.268049 -1.103716
v 0.797835 1.268049 -1.103716
v 0.613705 0.200110 -0.799044
v 0.613705 0.200110 -1.103716
v 0.613705 0.653748 -1.103716
v 0.613705 0.653748 -0.799044
v 0.797835 0.653748 -0.799044
v 0.797835 0.200109 -0.799044
v 0.797306 0.653748 -0.619469
v 0.790244 0.200110 -0.619469
v 0.795601 1.232870 -0.087599
v 0.750770 1.232870 -0.087599
v 0.750770 1.232870 -0.595450
v 0.750770 0.696939 -0.595450
v 0.875237 1.268049 -1.103716
v 0.875237 1.268049 -0.799044
v 0.795938 1.739636 -1.366840
v 0.795577 1.739636 -1.063723
v 0.851103 1.739838 -1.366840
v 0.851103 1.780279 -1.366840
v 0.851103 1.780279 -1.062137
v 0.851103 1.739838 -1.063693
v 1.116359 0.200110 -0.799044
v 1.116359 0.050164 -0.799044
v -0.182443 0.000000 -0.799018
v 0.548112 -0.000000 0.921315
v 1.116359 0.000000 -0.799044
v 0.797835 0.200109 -1.103716
v 1.116359 0.050164 -1.103716
v 1.116359 0.000000 -1.103716
v 0.797835 1.444258 -2.052274
v 0.795601 1.603896 -1.926697
v 0.958393 1.937143 -2.173835
v 0.790244 0.200110 -2.304510
v 0.790244 0.653748 -2.304510
v 0.797835 0.653748 -2.091083
v 0.958393 1.875671 -2.129215
v 0.795601 1.875671 -2.126037
v 0.795601 1.875671 -2.309866
v 0.958703 1.875671 -2.472968
v 0.853637 1.937143 -2.173835
v 0.853637 1.937142 -2.367902
v 0.958703 1.937142 -2.472968
v 0.790244 1.603896 -2.304510
v 0.694789 1.780033 -1.671493
v 0.694789 2.149843 -1.671493
v 0.795384 1.780077 -1.671512
v 0.795384 2.149843 -1.671512
v 0.797835 1.268049 -2.091083
v 0.613705 1.268049 -2.091083
v 0.613705 0.200110 -2.091083
v 0.613705 0.653748 -2.091083
v 0.797835 0.200110 -2.091083
v 0.875237 1.268049 -2.091083
v 0.795577 1.739636 -1.669956
v 0.851103 1.739838 -1.669986
v 0.851103 1.780279 -1.671542
v 1.116359 0.200110 -2.091083
v 1.116359 0.050164 -2.091083
v 1.096729 0.200110 -2.610994
v 1.116359 0.000000 -2.091083
v 1.096729 0.000000 -2.610994
v 1.487141 1.444258 0.616643
v 1.487141 1.444258 0.350779
v 1.484908 1.603896 0.056785
v 1.486314 1.603896 0.616643
v 1.647700 1.937142 -0.190352
v 0.850416 2.658357 0.616643
v 1.714219 2.658357 0.616643
v 1.479551 0.200109 -0.619469
v 1.479551 0.653748 -0.619469
v 1.485247 0.653748 -0.399475
v 1.714219 2.570357 0.616643
v 1.647700 1.875671 -0.145733
v 1.648822 2.570357 0.616643
v 1.484465 2.454995 0.616643
v 1.484908 1.875671 -0.142554
v 1.484908 1.875671 -0.624826
v 1.648009 1.875671 -0.787927
v 1.542943 1.937142 -0.190352
v 0.739516 2.658357 0.616643
v 1.542943 1.937142 -0.682861
v 1.648009 1.937142 -0.787927
v 0.243440 3.088517 0.616643
v 1.479551 1.603896 -0.619469
v 1.384096 1.780033 0.311990
v 1.384096 2.149843 0.311990
v 1.383870 2.375060 0.616643
v 1.384313 1.780033 0.616643
v 1.484908 1.780077 0.616643
v 1.484691 1.780077 0.311970
v 1.484691 2.149843 0.311970
v 1.484465 2.375060 0.616643
v 1.484908 0.696938 0.108376
v 1.484908 0.696938 -0.399475
v 1.440077 0.696938 -0.399474
v 1.440077 0.696938 0.108376
v 1.484908 1.232870 0.108376
v 1.487141 1.268049 0.311970
v 1.487141 1.268049 0.616643
v 1.303012 1.268049 0.616643
v 1.303012 1.268049 0.311970
v 1.303012 0.200109 0.311970
v 1.303012 0.653748 0.311970
v 1.303012 0.653748 0.616643
v 1.303012 0.200109 0.616643
v 1.487141 0.653748 0.311970
v 1.487141 0.200109 0.311970
v 1.440077 1.232870 -0.399474
v 1.440077 1.232870 0.108376
v 1.484908 1.232870 -0.399474
v 1.564544 1.268049 0.616643
v 1.564544 1.268049 0.311970
v 1.484884 1.739635 0.313526
v 1.485245 1.739635 0.616643
v 1.486613 0.653748 0.108376
v 1.540410 1.739838 0.616643
v 1.540410 1.739838 0.313496
v 1.540410 1.780279 0.311941
v 1.540410 1.780279 0.616643
v 1.487141 0.200109 0.616643
v 1.487141 0.140110 0.616643
v 1.487141 0.140110 0.311970
v 1.805666 0.200109 0.311970
v 1.646404 0.140110 0.311970
v 1.646404 0.080110 0.311970
v 1.646404 0.080110 0.616643
v 1.805666 0.080110 0.616643
v 1.805666 0.080110 0.311970
v 1.786036 0.200109 -0.799018
v 1.805666 -0.000000 0.311970
v 1.786036 0.000000 -0.799018
v 1.646404 0.140110 0.616643
v 1.805666 -0.000000 0.616643
v 1.484908 1.603896 1.176500
v 1.487141 1.444258 0.882506
v 1.647700 1.937142 1.423638
v 1.479552 0.200109 1.852755
v 1.485247 0.653748 1.632760
v 1.479552 0.653748 1.852755
v 1.647700 1.875671 1.379018
v 1.484908 1.875671 1.375840
v 1.484908 1.875671 1.858111
v 1.648009 1.875671 2.021213
v 1.542943 1.937142 1.423638
v 1.542943 1.937142 1.916147
v 1.648009 1.937142 2.021213
v 1.479552 1.603896 1.852755
v 1.384096 1.780033 0.921296
v 1.384096 2.149843 0.921296
v 1.484691 1.780077 0.921315
v 1.484691 2.149843 0.921315
v 1.484908 0.696938 1.124909
v 1.440077 0.696938 1.124909
v 1.440077 0.696938 1.632760
v 1.484908 0.696938 1.632760
v 1.484908 1.232870 1.124909
v 1.487141 1.268049 0.921315
v 1.303012 1.268049 0.921315
v 1.303012 0.200109 0.921315
v 1.303012 0.653748 0.921315
v 1.487141 0.653748 0.921315
v 1.487141 0.200109 0.921315
v 1.440077 1.232870 1.124909
v 1.440077 1.232870 1.632760
v 1.484908 1.232870 1.632760
v 1.564544 1.268049 0.921315
v 1.484884 1.739635 0.919760
v 1.486613 0.653748 1.124909
v 1.540410 1.780279 0.921345
v 1.540410 1.739838 0.919789
v 1.487141 0.140110 0.921315
v 1.805666 0.200109 0.921315
v 1.646404 0.140110 0.921315
v 1.646404 0.080110 0.921315
v 1.805666 0.080110 0.921315
v 1.786036 0.200109 2.159239
v 1.786036 -0.000000 2.159240
v 1.805666 -0.000000 0.921315
v 0.329303 1.444258 1.860345
v 0.243440 1.603896 1.859518
v -0.257628 1.603896 1.858111
v 0.036366 1.444258 1.860345
v -0.684766 1.937142 2.020903
v 0.243440 2.658357 2.087424
v 0.243440 2.658357 1.223619
v -1.113883 0.200109 1.852755
v -0.713888 0.653748 1.858451
v -1.113883 0.653748 1.852755
v -0.640146 1.875671 2.020903
v 0.243440 2.570357 2.087424
v 0.243440 2.570357 2.022026
v 0.243440 2.454995 1.857669
v -0.636968 1.875671 1.858111
v -1.119239 1.875671 1.858111
v -1.282341 1.875671 2.021213
v -0.684766 1.937142 1.916147
v 0.243440 2.658357 1.112720
v -1.177275 1.937142 1.916147
v -1.282341 1.937142 2.021213
v -1.113883 1.603896 1.852755
v -0.074109 1.780033 1.757299
v 0.243440 1.780033 1.757516
v 0.243440 2.375060 1.757073
v -0.074109 2.149843 1.757299
v 0.243440 1.780077 1.858111
v -0.074128 1.780077 1.857894
v -0.074128 2.149843 1.857894
v 0.243440 2.375060 1.857669
v -0.206037 0.696938 1.858111
v -0.206037 0.696938 1.813280
v -0.713888 0.696938 1.813280
v -0.713888 0.696938 1.858111
v -0.206037 1.232870 1.858111
v -0.002443 1.268049 1.860345
v -0.002443 0.653748 1.860345
v -0.206037 1.232870 1.813280
v -0.713888 1.232870 1.813280
v -0.713888 1.232870 1.858111
v 0.243440 1.739635 1.858448
v -0.072573 1.739635 1.858087
v -0.182443 0.200109 1.860345
v -0.206037 0.653748 1.859817
v 0.243440 1.739838 1.913614
v 0.243440 1.780279 1.913614
v -0.074158 1.780279 1.913614
v -0.072602 1.739838 1.913614
v 0.548112 -0.000000 2.178869
v 0.548112 0.200109 2.178869
v -0.182443 0.200109 2.178869
v -0.182443 -0.000000 2.178869
v -1.430182 0.200109 2.159240
v -1.430182 -0.000000 2.159240
v 0.623297 1.603896 1.858111
v 1.050435 1.937142 2.020903
v 1.079557 0.653748 1.858451
v 1.005815 1.875671 2.020903
v 1.002637 1.875671 1.858111
v 1.050435 1.937142 1.916147
v 0.548092 1.780033 1.757299
v 0.548092 2.149843 1.757299
v 0.548112 1.780077 1.857894
v 0.548112 2.149843 1.857894
v 0.571706 0.696938 1.858111
v 1.079557 0.696938 1.858111
v 1.079557 0.696938 1.813280
v 0.571706 0.696938 1.813280
v 0.571706 1.232870 1.858111
v 0.368112 1.268049 1.860345
v 0.368112 0.653748 1.860345
v 1.079557 1.232870 1.813280
v 0.571706 1.232870 1.813280
v 1.079557 1.232870 1.858111
v 0.546556 1.739635 1.858087
v 0.548112 0.200109 1.860345
v 0.571706 0.653748 1.859817
v 0.546586 1.739838 1.913614
v 0.548142 1.780279 1.913614
v -1.121473 1.444258 -0.146182
v -1.121473 1.444258 0.119681
v -1.119239 1.603896 0.413675
v -1.120646 1.603896 -0.146182
v -1.282032 1.937142 1.423638
v -0.484748 2.658357 0.616643
v -1.348551 2.658357 0.616643
v -1.119579 0.653748 1.216621
v -1.348551 2.570357 0.616643
v -1.282032 1.875671 1.379018
v -1.283153 2.570357 0.616643
v -1.118797 2.454995 0.616643
v -1.119239 1.875671 1.375840
v -1.177275 1.937142 1.423638
v -0.373847 2.658357 0.616643
v -1.018427 1.780033 0.921296
v -1.018427 2.149843 0.921296
v -1.018201 2.375060 0.616643
v -1.018644 1.780033 0.616643
v -1.119239 1.780077 0.616643
v -1.119022 1.780077 0.921315
v -1.119022 2.149843 0.921315
v -1.118797 2.375060 0.616643
v -1.119239 0.696938 0.708770
v -1.119239 0.696938 1.216621
v -1.074408 0.696938 1.216621
v -1.074408 0.696938 0.708770
v -1.119239 1.232870 0.708770
v -1.121473 1.268049 0.158490
v -1.121473 1.268049 -0.146182
v -0.937343 1.268049 -0.146182
v -0.937343 1.268049 0.158490
v -0.937343 0.200109 0.158490
v -0.937343 0.653748 0.158490
v -0.937343 0.653748 -0.146182
v -0.937343 0.200109 -0.146182
v -1.121473 0.653748 0.158490
v -1.121473 0.200109 0.158490
v -1.074408 1.232870 1.216621
v -1.074408 1.232870 0.708770
v -1.119239 1.232870 1.216621
v -1.198875 1.268049 -0.146182
v -1.198875 1.268049 0.158490
v -1.119215 1.739635 0.919760
v -1.119576 1.739635 0.616643
v -1.120945 0.653748 0.708770
v -1.174742 1.739838 0.616643
v -1.174742 1.739838 0.919789
v -1.174742 1.780279 0.921345
v -1.174742 1.780279 0.616643
v -1.430182 0.200109 -0.146182
v -1.121473 0.200109 -0.146182
v -1.121473 0.200109 -0.450855
v -1.430182 0.200109 -0.450855
v -1.430182 0.200109 0.158490
v -1.119239 1.603896 -0.706040
v -1.121473 1.444258 -0.412045
v -1.282032 1.937142 -0.190352
v -1.113883 0.200109 -1.382294
v -1.119579 0.653748 -1.486601
v -1.113883 0.653748 -1.706596
v -1.282032 1.875671 -0.145733
v -1.119239 1.875671 -0.142554
v -1.177275 1.937142 -0.190352
v -1.113883 1.603896 -1.706596
v -1.018427 1.780033 0.311990
v -1.018427 2.149843 0.311990
v -1.119022 1.780077 0.311970
v -1.119022 2.149843 0.311970
v -1.119239 0.696938 -0.978750
v -1.074408 0.696938 -0.978750
v -1.074408 0.696938 -1.486601
v -1.119239 0.696938 -1.486601
v -1.119239 1.232870 -0.978750
v -1.121473 1.268049 -0.450855
v -0.937343 1.268049 -0.450855
v -0.937343 0.200109 -0.450855
v -0.937343 0.653748 -0.450855
v -1.121473 0.653748 -0.450855
v -1.074408 1.232870 -0.978750
v -1.074408 1.232870 -1.486601
v -1.119239 1.232870 -1.486601
v -1.198875 1.268049 -0.450855
v -1.119215 1.739635 0.313526
v -1.120945 0.653748 -0.654449
v -1.174742 1.780279 0.311941
v -1.174742 1.739838 0.313496
v -1.430182 -0.000000 0.158490
v -1.430182 0.000000 -1.688779
v -1.430182 0.000000 -0.450855
v -1.430182 0.200109 -1.688779
v -1.430182 0.000000 -0.146182
v 0.243439 1.937142 -0.682861
v 0.243439 1.875671 -0.787927
v 0.243439 1.937142 -0.787927
v 0.243439 1.875671 -0.624826
v 0.243439 0.200110 -0.619469
v 0.243439 0.653748 -0.619469
v 0.243439 1.603896 -0.619469
v 0.243439 0.200110 -0.799018
v 0.243439 0.000000 -0.799018
v -1.113883 0.653748 -2.297725
v -1.113883 0.200109 -2.297725
v -1.119239 1.875671 -2.303082
v -1.113883 1.603896 -2.297725
v -1.282341 1.937142 -2.466183
v -1.282341 1.875671 -2.466183
v -0.140956 2.824121 0.616643
v -1.177275 1.937142 -2.361116
v -1.430182 0.200109 -2.604209
v 0.090666 1.231117 -2.302861
v 0.090666 0.697596 -2.302861
v 0.091132 0.697596 -2.250997
v 0.091132 1.231117 -2.250997
v -1.430182 0.000000 -2.604209
v -0.414304 1.231116 -2.299374
v -0.414304 0.697596 -2.299374
v -0.413838 0.697596 -2.247510
v -0.413838 1.231116 -2.247510
v -0.441090 2.341758 -0.561157
v -0.441090 2.729564 -0.561157
v -0.740011 2.729564 -0.561157
v -0.740011 2.262084 -0.561157
v -0.740011 2.729564 -1.011651
v -0.740011 2.262084 -1.011651
v -0.441090 2.729564 -1.011651
v -0.441090 2.341758 -1.011651
v -0.768601 2.729564 -0.518070
v -0.768601 2.729564 -1.054738
v -0.412500 2.729564 -1.054738
v -0.768601 2.901417 -1.054738
v -0.412500 2.901417 -1.054738
v -0.412500 2.729564 -0.518070
v -0.412500 2.901417 -0.518070
v -0.481157 2.901417 -0.980508
v -0.481157 2.901417 -0.592300
v -0.768601 2.901417 -0.518070
v -0.481157 2.780295 -0.980508
v -0.699944 2.780295 -0.980508
v -0.699944 2.551513 -0.980508
v -0.481157 2.551513 -0.980508
v -0.699944 2.901417 -0.592300
v -0.699944 2.901417 -0.980508
v -0.699944 2.551513 -0.592300
v -0.481157 2.551513 -0.592300
v -0.699944 2.780295 -0.592300
v -0.481157 2.780295 -0.592300
v 1.755231 0.406702 0.087297
v 1.755231 0.438792 0.087297
v 1.755231 0.438792 0.214198
v 1.755231 0.406702 0.214198
v 1.487352 0.406702 0.048025
v 1.487352 0.438792 0.048025
v 1.707647 0.438792 0.048025
v 1.707647 0.406702 0.048025
v 1.439768 0.438792 0.087297
v 1.439768 0.438792 0.214198
v 1.487352 0.438792 0.253470
v 1.707647 0.438792 0.253470
v 1.707647 0.406702 0.253470
v 1.487352 0.406702 0.253470
v 1.439768 0.406702 0.214198
v 1.439768 0.406702 0.087297
v 1.439768 0.300434 0.214198
v 1.439768 0.197680 0.214198
v 1.487352 0.197680 0.253470
v 1.487352 0.300434 0.253470
v 1.487352 0.300434 0.048025
v 1.487352 0.197680 0.048025
v 1.439768 0.197680 0.087297
v 1.439768 0.300434 0.087297
v 1.755231 0.300434 0.087297
v 1.755231 0.197680 0.087297
v 1.707647 0.197680 0.048025
v 1.707647 0.300434 0.048025
v 1.755231 0.197680 0.214198
v 1.707647 0.197680 0.253470
v 1.742015 0.391894 0.208881
v 1.698418 0.391894 0.244863
v 1.452985 0.391894 0.208881
v 1.452985 0.391894 0.092614
v 1.496582 0.391894 0.244863
v 1.496582 0.391894 0.056632
v 1.698418 0.391894 0.056632
v 1.742015 0.391894 0.092614
v 1.755231 0.300434 0.214198
v 1.707647 0.300434 0.253470
v 1.755231 0.406702 0.991258
v 1.755231 0.438792 0.991258
v 1.755231 0.438792 1.118159
v 1.755231 0.406702 1.118159
v 1.487352 0.406702 0.951985
v 1.487352 0.438792 0.951985
v 1.707647 0.438792 0.951985
v 1.707647 0.406702 0.951985
v 1.439768 0.438792 0.991258
v 1.439768 0.438792 1.118159
v 1.487352 0.438792 1.157431
v 1.707647 0.438792 1.157431
v 1.707647 0.406702 1.157431
v 1.487352 0.406702 1.157431
v 1.439768 0.406702 1.118159
v 1.439768 0.406702 0.991258
v 1.439768 0.300434 1.118159
v 1.439768 0.197680 1.118159
v 1.487352 0.197680 1.157431
v 1.487352 0.300434 1.157431
v 1.487352 0.300434 0.951985
v 1.487352 0.197680 0.951985
v 1.439768 0.197680 0.991258
v 1.439768 0.300434 0.991258
v 1.755231 0.300434 0.991258
v 1.755231 0.197680 0.991258
v 1.707647 0.197680 0.951985
v 1.707647 0.300434 0.951985
v 1.755231 0.197680 1.118159
v 1.707647 0.197680 1.157431
v 1.742015 0.391894 1.112842
v 1.698418 0.391894 1.148824
v 1.452985 0.391894 1.112842
v 1.452985 0.391894 0.996575
v 1.496582 0.391894 1.148824
v 1.496582 0.391894 0.960593
v 1.698418 0.391894 0.960593
v 1.742015 0.391894 0.996575
v 1.755231 0.300434 1.118159
v 1.707647 0.300434 1.157431
v 1.596403 0.496160 0.249126
v 1.591006 0.612271 0.271433
v 1.523475 0.599763 0.248763
v 1.498078 0.491913 0.236790
v 1.480696 0.566136 0.065734
v 1.509355 0.760714 0.103016
v 1.511554 0.703675 0.087838
v 1.502169 0.557967 0.034506
v 1.604197 0.573197 0.059225
v 1.595526 0.763900 0.090056
v 1.677308 0.691475 0.076536
v 1.687808 0.570647 0.047886
v 1.704415 0.499493 0.215938
v 1.696892 0.630120 0.224794
v 1.669194 0.551345 0.251253
v 1.678802 0.471458 0.240354
v 1.575875 0.414854 0.086794
v 1.594699 0.386375 0.064166
v 1.665436 0.354131 0.074032
v 1.665614 0.331452 0.094208
v 1.601507 0.709726 0.239977
v 1.592331 0.817299 0.108300
v 1.585316 0.870278 0.128438
v 1.718607 0.770547 0.163577
v 1.702545 0.704641 0.105241
v 1.582309 0.904333 0.144027
v 1.595186 0.868238 0.185118
v 1.711756 0.761261 0.194452
v 1.720389 0.757259 0.174836
v 1.604732 0.821449 0.215494
v 1.604286 0.776306 0.233871
v 1.696005 0.700204 0.211368
v 1.703141 0.744056 0.207208
v 1.571567 0.380396 0.197662
v 1.559902 0.388375 0.173784
v 1.654707 0.377468 0.179014
v 1.650879 0.390090 0.199640
v 1.571097 0.373881 0.158510
v 1.569051 0.385240 0.141666
v 1.659814 0.359307 0.145523
v 1.657977 0.367796 0.162265
v 1.581882 0.364595 0.125083
v 1.582987 0.376899 0.108693
v 1.671301 0.323012 0.114810
v 1.667051 0.335828 0.131334
v 1.697525 0.592551 0.076622
v 1.718552 0.596327 0.102730
v 1.750548 0.540009 0.117949
v 1.762586 0.538502 0.139711
v 1.764427 0.527384 0.160294
v 1.722357 0.480704 0.186472
v 1.471113 0.527052 0.209777
v 1.542861 0.658065 0.225648
v 1.535097 0.706999 0.209451
v 1.452465 0.536661 0.178846
v 1.461113 0.586523 0.159288
v 1.523903 0.736603 0.193645
v 1.511200 0.754540 0.172850
v 1.455536 0.602548 0.138752
v 1.463235 0.593603 0.116679
v 1.512366 0.763028 0.155167
v 1.507571 0.780798 0.131385
v 1.473933 0.592918 0.096568
v 1.488382 0.423398 0.123523
v 1.497813 0.413220 0.108304
v 1.480607 0.395696 0.155765
v 1.491214 0.439343 0.139091
v 1.486252 0.405777 0.193694
v 1.479052 0.392665 0.172392
v 1.512931 0.428145 0.085780
v 1.524720 0.416316 0.064754
v 1.640103 0.404549 0.219624
v 1.577148 0.395665 0.221037
v 1.513817 0.387324 0.213686
v 1.596403 0.496160 1.163664
v 1.591006 0.612271 1.185971
v 1.523475 0.599763 1.163301
v 1.498078 0.491913 1.151328
v 1.480697 0.566136 0.980272
v 1.509355 0.760714 1.017553
v 1.511554 0.703675 1.002375
v 1.502169 0.557967 0.949044
v 1.604197 0.573197 0.973763
v 1.595526 0.763900 1.004594
v 1.677308 0.691475 0.991074
v 1.687808 0.570647 0.962424
v 1.704415 0.499493 1.130476
v 1.696892 0.630120 1.139331
v 1.669194 0.551345 1.165791
v 1.678802 0.471458 1.154892
v 1.575875 0.414854 1.001332
v 1.594699 0.386375 0.978704
v 1.665436 0.354131 0.988570
v 1.665614 0.331452 1.008746
v 1.601507 0.709726 1.154515
v 1.592331 0.817299 1.022838
v 1.585316 0.870278 1.042976
v 1.718607 0.770547 1.078115
v 1.702545 0.704641 1.019779
v 1.582309 0.904333 1.058565
v 1.595186 0.868238 1.099655
v 1.711756 0.761261 1.108990
v 1.720389 0.757259 1.089374
v 1.604732 0.821449 1.130032
v 1.604286 0.776306 1.148409
v 1.696005 0.700204 1.125906
v 1.703141 0.744056 1.121746
v 1.571567 0.380396 1.112200
v 1.559902 0.388375 1.088322
v 1.654707 0.377468 1.093552
v 1.650879 0.390090 1.114178
v 1.571097 0.373881 1.073048
v 1.569051 0.385240 1.056204
v 1.659814 0.359307 1.060061
v 1.657977 0.367796 1.076803
v 1.581882 0.364595 1.039621
v 1.582987 0.376899 1.023231
v 1.671301 0.323012 1.029348
v 1.667051 0.335828 1.045872
v 1.697525 0.592551 0.991160
v 1.718552 0.596327 1.017267
v 1.750548 0.540009 1.032487
v 1.762586 0.538502 1.054249
v 1.764427 0.527384 1.074832
v 1.722357 0.480704 1.101010
v 1.471113 0.527052 1.124315
v 1.542861 0.658065 1.140186
v 1.535097 0.706999 1.123989
v 1.452465 0.536661 1.093384
v 1.461113 0.586523 1.073826
v 1.523903 0.736603 1.108182
v 1.511200 0.754540 1.087388
v 1.455536 0.602548 1.053290
v 1.463235 0.593603 1.031217
v 1.512366 0.763028 1.069704
v 1.507571 0.780798 1.045922
v 1.473933 0.592918 1.011106
v 1.488382 0.423398 1.038061
v 1.497813 0.413220 1.022842
v 1.480607 0.395696 1.070303
v 1.491214 0.439343 1.053628
v 1.486252 0.405777 1.108232
v 1.479052 0.392665 1.086930
v 1.512931 0.428145 1.000318
v 1.524720 0.416316 0.979292
v 1.640103 0.404549 1.134162
v 1.577148 0.395665 1.135575
v 1.513817 0.387324 1.128224
v 0.684054 0.230599 -0.821279
v 0.684054 0.230599 -2.071460
v 0.674835 0.230599 -2.071460
v 0.674835 0.230599 -0.821279
v 0.684054 0.199425 -2.100589
v 0.684054 0.199425 -0.792150
v 0.662444 0.199425 -0.792150
v 0.662444 0.199425 -2.100589
v 0.684054 1.471776 -0.821779
v 0.684054 1.471776 -0.792872
v 0.684054 1.471776 -2.070960
v 0.684054 1.471776 -2.099867
v 0.674835 1.471776 -0.821779
v 0.674835 1.471776 -2.070960
v 0.682398 0.239380 -2.071460
v 0.682398 0.239380 -0.821279
v 0.682398 0.264198 -2.071293
v 0.682398 0.264198 -0.821446
v 0.674835 0.273380 -2.071293
v 0.674835 0.273380 -0.821446
v 0.674835 0.273380 -0.821279
v 0.674835 0.273380 -2.071460
v 0.682398 0.282563 -2.071460
v 0.682398 0.282563 -0.821279
v 0.682398 0.307380 -2.071293
v 0.682398 0.307380 -0.821446
v 0.674835 0.316563 -2.071293
v 0.674835 0.316563 -0.821446
v 0.674835 0.316563 -0.821279
v 0.674835 0.316563 -2.071460
v 0.682398 0.325745 -2.071460
v 0.682398 0.325745 -0.821279
v 0.682398 0.350563 -2.071293
v 0.682398 0.350563 -0.821446
v 0.674835 0.359745 -2.071293
v 0.674835 0.359745 -0.821446
v 0.674835 0.359745 -0.821279
v 0.674835 0.359745 -2.071460
v 0.682398 0.368927 -2.071460
v 0.682398 0.368927 -0.821279
v 0.682398 0.393745 -2.071293
v 0.682398 0.393745 -0.821446
v 0.674835 0.402927 -2.071293
v 0.674835 0.402927 -0.821446
v 0.674835 0.402927 -0.821279
v 0.674835 0.402927 -2.071460
v 0.682398 0.412110 -2.071460
v 0.682398 0.412110 -0.821279
v 0.682398 0.436927 -2.071293
v 0.682398 0.436927 -0.821446
v 0.674835 0.446110 -2.071293
v 0.674835 0.446110 -0.821446
v 0.674835 0.446110 -0.821279
v 0.674835 0.446110 -2.071460
v 0.682398 0.455292 -2.071460
v 0.682398 0.455292 -0.821279
v 0.682398 0.480110 -2.071293
v 0.682398 0.480110 -0.821446
v 0.674835 0.489292 -2.071293
v 0.674835 0.489292 -0.821446
v 0.674835 0.489292 -0.821279
v 0.674835 0.489292 -2.071460
v 0.682398 0.498474 -2.071460
v 0.682398 0.498474 -0.821279
v 0.682398 0.523292 -2.071293
v 0.682398 0.523292 -0.821446
v 0.674835 0.532474 -2.071293
v 0.674835 0.532474 -0.821446
v 0.674835 0.532474 -0.821279
v 0.674835 0.532474 -2.071460
v 0.682398 0.541657 -2.071460
v 0.682398 0.541657 -0.821279
v 0.682398 0.566474 -2.071293
v 0.682398 0.566474 -0.821446
v 0.674835 0.575657 -2.071293
v 0.674835 0.575657 -0.821446
v 0.674835 0.575657 -0.821279
v 0.674835 0.575657 -2.071460
v 0.682398 0.584839 -2.071460
v 0.682398 0.584839 -0.821279
v 0.682398 0.609657 -2.071293
v 0.682398 0.609657 -0.821446
v 0.674835 0.618839 -2.071293
v 0.674835 0.618839 -0.821446
v 0.674835 0.618839 -0.821279
v 0.674835 0.618839 -2.071460
v 0.682398 0.628021 -2.071460
v 0.682398 0.628021 -0.821279
v 0.682398 0.652839 -2.071293
v 0.682398 0.652839 -0.821446
v 0.674835 0.662021 -2.071293
v 0.674835 0.662021 -0.821446
v 0.674835 0.662021 -0.821279
v 0.674835 0.662021 -2.071460
v 0.682398 0.671204 -2.071460
v 0.682398 0.671204 -0.821279
v 0.682398 0.696021 -2.071293
v 0.682398 0.696021 -0.821446
v 0.674835 0.705204 -2.071293
v 0.674835 0.705204 -0.821446
v 0.674835 0.705204 -0.821279
v 0.674835 0.705204 -2.071460
v 0.682398 0.714386 -2.071460
v 0.682398 0.714386 -0.821279
v 0.682398 0.739204 -2.071293
v 0.682398 0.739204 -0.821446
v 0.674835 0.748386 -2.071293
v 0.674835 0.748386 -0.821446
v 0.674835 0.748386 -0.821279
v 0.674835 0.748386 -2.071460
v 0.682398 0.757568 -2.071460
v 0.682398 0.757568 -0.821279
v 0.682398 0.782386 -2.071293
v 0.682398 0.782386 -0.821446
v 0.674835 0.791568 -2.071293
v 0.674835 0.791568 -0.821446
v 0.674835 0.791568 -0.821279
v 0.674835 0.791568 -2.071460
v 0.682398 0.800751 -2.071460
v 0.682398 0.800751 -0.821279
v 0.682398 0.825568 -2.071293
v 0.682398 0.825568 -0.821446
v 0.674835 0.834751 -2.071293
v 0.674835 0.834751 -0.821446
v 0.674835 0.834751 -0.821279
v 0.674835 0.834751 -2.071460
v 0.682398 0.843933 -2.071460
v 0.682398 0.843933 -0.821279
v 0.682398 0.868751 -2.071293
v 0.682398 0.868751 -0.821446
v 0.674835 0.877933 -2.071293
v 0.674835 0.877933 -0.821446
v 0.674835 0.877933 -0.821279
v 0.674835 0.877933 -2.071460
v 0.682398 0.887116 -2.071460
v 0.682398 0.887116 -0.821279
v 0.682398 0.911933 -2.071293
v 0.682398 0.911933 -0.821446
v 0.674835 0.921115 -2.071293
v 0.674835 0.921115 -0.821446
v 0.674835 0.921115 -0.821279
v 0.674835 0.921115 -2.071460
v 0.682398 0.930298 -2.071460
v 0.682398 0.930298 -0.821279
v 0.682398 0.955115 -2.071293
v 0.682398 0.955115 -0.821446
v 0.674835 0.964298 -2.071293
v 0.674835 0.964298 -0.821446
v 0.674835 0.964298 -0.821279
v 0.674835 0.964298 -2.071460
v 0.682398 0.973480 -2.071460
v 0.682398 0.973480 -0.821279
v 0.682398 0.998298 -2.071293
v 0.682398 0.998298 -0.821446
v 0.674835 1.007480 -2.071293
v 0.674835 1.007480 -0.821446
v 0.674835 1.007480 -0.821279
v 0.674835 1.007480 -2.071460
v 0.682398 1.016663 -2.071460
v 0.682398 1.016663 -0.821279
v 0.682398 1.041480 -2.071293
v 0.682398 1.041480 -0.821446
v 0.674835 1.050663 -2.071293
v 0.674835 1.050663 -0.821446
v 0.674835 1.050663 -0.821279
v 0.674835 1.050663 -2.071460
v 0.682398 1.059845 -2.071460
v 0.682398 1.059845 -0.821279
v 0.682398 1.084662 -2.071293
v 0.682398 1.084662 -0.821446
v 0.674835 1.093845 -2.071293
v 0.674835 1.093845 -0.821446
v 0.674835 1.093845 -0.821279
v 0.674835 1.093845 -2.071460
v 0.682398 1.103027 -2.071460
v 0.682398 1.103027 -0.821279
v 0.682398 1.127845 -2.071293
v 0.682398 1.127845 -0.821446
v 0.674835 1.137027 -2.071293
v 0.674835 1.137027 -0.821446
v 0.674835 1.137027 -0.821279
v 0.674835 1.137027 -2.071460
v 0.682398 1.146210 -2.071460
v 0.682398 1.146210 -0.821279
v 0.682398 1.171027 -2.071293
v 0.682398 1.171027 -0.821446
v 0.674835 1.180210 -2.071293
v 0.674835 1.180210 -0.821446
v 0.674835 1.180210 -0.821279
v 0.674835 1.180210 -2.071460
v 0.682398 1.189392 -2.071460
v 0.682398 1.189392 -0.821279
v 0.682398 1.214210 -2.071293
v 0.682398 1.214210 -0.821446
v 0.674835 1.223392 -2.071293
v 0.674835 1.223392 -0.821446
v 0.674835 1.223392 -0.821279
v 0.674835 1.223392 -2.071460
v 0.682398 1.232574 -2.071460
v 0.682398 1.232574 -0.821279
v 0.682398 1.257392 -2.071293
v 0.682398 1.257392 -0.821446
v 0.674835 1.266574 -2.071293
v 0.674835 1.266574 -0.821446
v 0.674835 1.266574 -0.821279
v 0.674835 1.266574 -2.071460
v 0.682398 1.275757 -2.071460
v 0.682398 1.275757 -0.821279
v 0.682398 1.300574 -2.071293
v 0.682398 1.300574 -0.821446
v 0.674835 1.309757 -2.071293
v 0.674835 1.309757 -0.821446
v 0.674835 1.309757 -0.821279
v 0.674835 1.309757 -2.071460
v 0.682398 1.318939 -2.071460
v 0.682398 1.318939 -0.821279
v 0.682398 1.343757 -2.071293
v 0.682398 1.343757 -0.821446
v 0.674835 1.352939 -2.071293
v 0.674835 1.352939 -0.821446
v 0.674835 1.352939 -0.821279
v 0.674835 1.352939 -2.071460
v 0.682398 1.362121 -2.071460
v 0.682398 1.362121 -0.821279
v 0.682398 1.386939 -2.071293
v 0.682398 1.386939 -0.821446
v 0.674835 1.396121 -2.071293
v 0.674835 1.396121 -0.821446
v 0.674835 1.396121 -0.821279
v 0.674835 1.396121 -2.071460
v 0.682398 1.405304 -2.071460
v 0.682398 1.405304 -0.821279
v 0.682398 1.430121 -2.071293
v 0.682398 1.430121 -0.821446
v 0.674835 1.439304 -2.071293
v 0.674835 1.439304 -0.821446
v 1.440077 0.696939 -0.125258
v 1.440077 0.696939 0.108377
v 1.440077 0.725652 0.081168
v 1.440077 0.725652 -0.125258
v 1.440077 0.948560 -0.399474
v 1.440077 0.696939 -0.399474
v 1.440077 0.725652 -0.372264
v 1.440077 0.948560 -0.372264
v 1.440077 1.232870 0.108377
v 1.440077 1.232870 -0.125258
v 1.440077 1.204156 -0.125258
v 1.440077 1.204156 0.081168
v 1.440077 0.948560 0.108377
v 1.440077 0.948560 0.081168
v 1.467989 0.696939 -0.399474
v 1.467989 0.948560 -0.399474
v 1.467989 0.948560 0.108377
v 1.467989 0.696939 0.108377
v 1.467989 0.725652 0.081168
v 1.467989 0.948560 0.081168
v 1.467989 1.204156 -0.372264
v 1.467989 1.204156 -0.165838
v 1.440077 1.204156 -0.165838
v 1.440077 1.204156 -0.372264
v 1.467989 1.204156 0.081168
v 1.467989 0.981248 0.081168
v 1.440077 0.981248 0.081168
v 1.440077 0.696939 -0.165838
v 1.440077 0.725652 -0.165838
v 1.467989 1.232870 0.108377
v 1.440077 0.981248 0.108377
v 1.467989 0.981248 0.108377
v 1.467989 0.696939 -0.125258
v 1.467989 0.725652 -0.125258
v 1.440077 1.232870 -0.399474
v 1.440077 0.981248 -0.399474
v 1.440077 0.981248 -0.372264
v 1.467989 1.204156 -0.125258
v 1.467989 0.948560 -0.372264
v 1.467989 0.725652 -0.372265
v 1.467989 1.232870 -0.399474
v 1.440077 1.232870 -0.165838
v 1.467989 1.232870 -0.165838
v 1.467989 1.232870 -0.125258
v 1.467989 0.696939 -0.165838
v 1.467989 0.725652 -0.165838
v 1.467989 0.981248 -0.399474
v 1.467989 0.981248 -0.372264
v 1.467989 0.981248 -0.165838
v 1.467989 0.948560 -0.165838
v 1.440077 0.981248 -0.165838
v 1.440077 0.981248 -0.125258
v 1.440077 0.948560 -0.125258
v 1.440077 0.948560 -0.165838
v 1.467989 0.948560 -0.125258
v 1.467989 0.981248 -0.125258
v 1.440077 0.696939 1.399326
v 1.440077 0.696939 1.632961
v 1.440077 0.725652 1.605752
v 1.440077 0.725652 1.399326
v 1.440077 0.948560 1.125110
v 1.440077 0.696939 1.125110
v 1.440077 0.725652 1.152319
v 1.440077 0.948560 1.152319
v 1.440077 1.232870 1.632961
v 1.440077 1.232870 1.399326
v 1.440077 1.204156 1.399326
v 1.440077 1.204156 1.605752
v 1.440077 0.948560 1.632961
v 1.440077 0.948560 1.605752
v 1.467989 0.696939 1.125110
v 1.467989 0.948560 1.125110
v 1.467989 0.948560 1.632961
v 1.467989 0.696939 1.632961
v 1.467989 0.725652 1.605752
v 1.467989 0.948560 1.605752
v 1.467989 1.204156 1.152319
v 1.467989 1.204156 1.358746
v 1.440077 1.204156 1.358746
v 1.440077 1.204156 1.152319
v 1.467989 1.204156 1.605752
v 1.467989 0.981248 1.605752
v 1.440077 0.981248 1.605752
v 1.440077 0.696939 1.358746
v 1.440077 0.725652 1.358746
v 1.467989 1.232870 1.632961
v 1.440077 0.981248 1.632961
v 1.467989 0.981248 1.632961
v 1.467989 0.696939 1.399326
v 1.467989 0.725652 1.399326
v 1.440077 1.232870 1.125110
v 1.440077 0.981248 1.125110
v 1.440077 0.981248 1.152319
v 1.467989 1.204156 1.399326
v 1.467989 0.948560 1.152319
v 1.467989 0.725652 1.152319
v 1.467989 1.232870 1.125110
v 1.440077 1.232870 1.358746
v 1.467989 1.232870 1.358746
v 1.467989 1.232870 1.399326
v 1.467989 0.696939 1.358745
v 1.467989 0.725652 1.358745
v 1.467989 0.981248 1.125110
v 1.467989 0.981248 1.152319
v 1.467989 0.981248 1.358746
v 1.467989 0.948560 1.358746
v 1.440077 0.981248 1.358746
v 1.440077 0.981248 1.399326
v 1.440077 0.948560 1.399326
v 1.440077 0.948560 1.358746
v 1.467989 0.948560 1.399326
v 1.467989 0.981248 1.399326
v 0.804105 0.696939 1.811518
v 0.570469 0.696939 1.811518
v 0.597679 0.725652 1.811518
v 0.804105 0.725652 1.811518
v 1.078320 0.948560 1.811518
v 1.078320 0.696939 1.811518
v 1.051111 0.725652 1.811518
v 1.051111 0.948560 1.811518
v 0.570469 1.232870 1.811518
v 0.804105 1.232870 1.811518
v 0.804105 1.204156 1.811518
v 0.597679 1.204156 1.811518
v 0.570469 0.948560 1.811518
v 0.597679 0.948560 1.811518
v 1.078320 0.696939 1.839430
v 1.078320 0.948560 1.839430
v 0.570469 0.948560 1.839430
v 0.570470 0.696939 1.839430
v 0.597679 0.725652 1.839430
v 0.597679 0.948560 1.839430
v 1.051111 1.204156 1.839430
v 0.844685 1.204156 1.839430
v 0.844685 1.204156 1.811518
v 1.051111 1.204156 1.811518
v 0.597679 1.204156 1.839430
v 0.597679 0.981248 1.839430
v 0.597679 0.981248 1.811518
v 0.844685 0.696939 1.811518
v 0.844685 0.725652 1.811518
v 0.570469 1.232870 1.839430
v 0.570469 0.981248 1.811518
v 0.570469 0.981248 1.839430
v 0.804105 0.696939 1.839430
v 0.804105 0.725652 1.839430
v 1.078320 1.232870 1.811518
v 1.078320 0.981248 1.811518
v 1.051111 0.981248 1.811518
v 0.804105 1.204156 1.839430
v 1.051111 0.948560 1.839430
v 1.051111 0.725652 1.839430
v 1.078320 1.232870 1.839430
v 0.844685 1.232870 1.811518
v 0.844685 1.232870 1.839430
v 0.804105 1.232870 1.839430
v 0.844685 0.696939 1.839430
v 0.844685 0.725652 1.839430
v 1.078320 0.981248 1.839430
v 1.051111 0.981248 1.839430
v 0.844685 0.981248 1.839430
v 0.844685 0.948560 1.839430
v 0.844685 0.981248 1.811518
v 0.804105 0.981248 1.811518
v 0.804105 0.948560 1.811518
v 0.844685 0.948560 1.811518
v 0.804105 0.948560 1.839430
v 0.804105 0.981248 1.839430
v -0.480379 0.696939 1.811518
v -0.714014 0.696939 1.811518
v -0.686805 0.725652 1.811518
v -0.480379 0.725652 1.811518
v -0.206164 0.948560 1.811518
v -0.206164 0.696939 1.811518
v -0.233373 0.725652 1.811518
v -0.233373 0.948560 1.811518
v -0.714014 1.232870 1.811518
v -0.480379 1.232870 1.811518
v -0.480379 1.204156 1.811518
v -0.686805 1.204156 1.811518
v -0.714014 0.948560 1.811518
v -0.686805 0.948560 1.811518
v -0.206164 0.696939 1.839430
v -0.206164 0.948560 1.839430
v -0.714014 0.948560 1.839430
v -0.714014 0.696939 1.839430
v -0.686805 0.725652 1.839430
v -0.686805 0.948560 1.839430
v -0.233373 1.204156 1.839430
v -0.439799 1.204156 1.839430
v -0.439799 1.204156 1.811518
v -0.233373 1.204156 1.811518
v -0.686805 1.204156 1.839430
v -0.686805 0.981248 1.839430
v -0.686805 0.981248 1.811518
v -0.439799 0.696939 1.811518
v -0.439799 0.725652 1.811518
v -0.714014 1.232870 1.839430
v -0.714014 0.981248 1.811518
v -0.714014 0.981248 1.839430
v -0.480379 0.696939 1.839430
v -0.480379 0.725652 1.839430
v -0.206164 1.232870 1.811518
v -0.206164 0.981248 1.811518
v -0.233373 0.981248 1.811518
v -0.480379 1.204156 1.839430
v -0.233373 0.948560 1.839430
v -0.233373 0.725652 1.839430
v -0.206164 1.232870 1.839430
v -0.439799 1.232870 1.811518
v -0.439799 1.232870 1.839430
v -0.480379 1.232870 1.839430
v -0.439799 0.696939 1.839430
v -0.439799 0.725652 1.839430
v -0.206164 0.981248 1.839430
v -0.233373 0.981248 1.839430
v -0.439799 0.981248 1.839430
v -0.439799 0.948560 1.839430
v -0.439799 0.981248 1.811518
v -0.480379 0.981248 1.811518
v -0.480379 0.948560 1.811518
v -0.439799 0.948560 1.811518
v -0.480379 0.948560 1.839430
v -0.480379 0.981248 1.839430
v -0.141288 0.696939 -2.248548
v 0.092348 0.696939 -2.248548
v 0.065139 0.725652 -2.248548
v -0.141288 0.725652 -2.248548
v -0.415503 0.948560 -2.248548
v -0.415503 0.696939 -2.248548
v -0.388294 0.725652 -2.248548
v -0.388294 0.948560 -2.248548
v 0.092348 1.232870 -2.248548
v -0.141288 1.232870 -2.248548
v -0.141288 1.204156 -2.248548
v 0.065139 1.204156 -2.248548
v 0.092348 0.948560 -2.248548
v 0.065139 0.948560 -2.248548
v -0.415503 0.696939 -2.276460
v -0.415503 0.948560 -2.276460
v 0.092348 0.948560 -2.276460
v 0.092348 0.696939 -2.276460
v 0.065138 0.725652 -2.276460
v 0.065138 0.948560 -2.276460
v -0.388294 1.204156 -2.276460
v -0.181867 1.204156 -2.276460
v -0.181867 1.204156 -2.248548
v -0.388294 1.204156 -2.248548
v 0.065139 1.204156 -2.276460
v 0.065138 0.981248 -2.276460
v 0.065139 0.981248 -2.248548
v -0.181867 0.696939 -2.248548
v -0.181867 0.725652 -2.248548
v 0.092348 1.232870 -2.276460
v 0.092348 0.981248 -2.248548
v 0.092348 0.981248 -2.276460
v -0.141288 0.696939 -2.276460
v -0.141288 0.725652 -2.276460
v -0.415503 1.232870 -2.248548
v -0.415503 0.981248 -2.248548
v -0.388294 0.981248 -2.248548
v -0.141288 1.204156 -2.276460
v -0.388294 0.948560 -2.276460
v -0.388294 0.725652 -2.276460
v -0.415503 1.232870 -2.276460
v -0.181867 1.232870 -2.248548
v -0.181867 1.232870 -2.276460
v -0.141288 1.232870 -2.276460
v -0.181868 0.696939 -2.276460
v -0.181868 0.725652 -2.276460
v -0.415503 0.981248 -2.276460
v -0.388294 0.981248 -2.276460
v -0.181867 0.981248 -2.276460
v -0.181867 0.948560 -2.276460
v -0.181867 0.981248 -2.248548
v -0.141288 0.981248 -2.248548
v -0.141288 0.948560 -2.248548
v -0.181867 0.948560 -2.248548
v -0.141288 0.948560 -2.276460
v -0.141288 0.981248 -2.276460
v -1.073087 0.696939 -1.253384
v -1.073087 0.696939 -1.487019
v -1.073087 0.725652 -1.459810
v -1.073087 0.725652 -1.253384
v -1.073087 0.948560 -0.979168
v -1.073087 0.696939 -0.979168
v -1.073087 0.725652 -1.006377
v -1.073087 0.948560 -1.006377
v -1.073087 1.232870 -1.487019
v -1.073087 1.232870 -1.253384
v -1.073087 1.204156 -1.253384
v -1.073087 1.204156 -1.459810
v -1.073087 0.948560 -1.487019
v -1.073087 0.948560 -1.459810
v -1.100999 0.696939 -0.979168
v -1.100999 0.948560 -0.979168
v -1.100999 0.948560 -1.487019
v -1.100999 0.696939 -1.487019
v -1.100999 0.725652 -1.459810
v -1.100999 0.948560 -1.459810
v -1.100999 1.204156 -1.006377
v -1.100999 1.204156 -1.212804
v -1.073087 1.204156 -1.212804
v -1.073087 1.204156 -1.006377
v -1.100999 1.204156 -1.459810
v -1.100999 0.981248 -1.459810
v -1.073087 0.981248 -1.459810
v -1.073087 0.696939 -1.212804
v -1.073087 0.725652 -1.212804
v -1.100999 1.232870 -1.487019
v -1.073087 0.981248 -1.487019
v -1.100999 0.981248 -1.487019
v -1.100999 0.696939 -1.253384
v -1.100999 0.725652 -1.253384
v -1.073087 1.232870 -0.979168
v -1.073087 0.981248 -0.979168
v -1.073087 0.981248 -1.006377
v -1.100999 1.204156 -1.253384
v -1.100999 0.948560 -1.006377
v -1.100999 0.725652 -1.006377
v -1.100999 1.232870 -0.979168
v -1.073087 1.232870 -1.212804
v -1.100999 1.232870 -1.212804
v -1.100999 1.232870 -1.253384
v -1.100999 0.696939 -1.212803
v -1.100999 0.725652 -1.212803
v -1.100999 0.981248 -0.979168
v -1.100999 0.981248 -1.006377
v -1.100999 0.981248 -1.212804
v -1.100999 0.948560 -1.212804
v -1.073087 0.981248 -1.212804
v -1.073087 0.981248 -1.253384
v -1.073087 0.948560 -1.253384
v -1.073087 0.948560 -1.212804
v -1.100999 0.948560 -1.253384
v -1.100999 0.981248 -1.253384
v -1.073087 0.696939 0.942573
v -1.073087 0.696939 0.708938
v -1.073087 0.725652 0.736147
v -1.073087 0.725652 0.942573
v -1.073087 0.948560 1.216789
v -1.073087 0.696939 1.216789
v -1.073087 0.725652 1.189579
v -1.073087 0.948560 1.189579
v -1.073087 1.232870 0.708938
v -1.073087 1.232870 0.942573
v -1.073087 1.204156 0.942573
v -1.073087 1.204156 0.736147
v -1.073087 0.948560 0.708938
v -1.073087 0.948560 0.736147
v -1.100999 0.696939 1.216789
v -1.100999 0.948560 1.216789
v -1.100999 0.948560 0.708938
v -1.100999 0.696939 0.708938
v -1.100999 0.725652 0.736147
v -1.100999 0.948560 0.736147
v -1.100999 1.204156 1.189579
v -1.100999 1.204156 0.983153
v -1.073087 1.204156 0.983153
v -1.073087 1.204156 1.189579
v -1.100999 1.204156 0.736147
v -1.100999 0.981248 0.736147
v -1.073087 0.981248 0.736147
v -1.073087 0.696939 0.983153
v -1.073087 0.725652 0.983153
v -1.100999 1.232870 0.708938
v -1.073087 0.981248 0.708938
v -1.100999 0.981248 0.708938
v -1.100999 0.696939 0.942574
v -1.100999 0.725652 0.942574
v -1.073087 1.232870 1.216789
v -1.073087 0.981248 1.216789
v -1.073087 0.981248 1.189579
v -1.100999 1.204156 0.942574
v -1.100999 0.948560 1.189579
v -1.100999 0.725652 1.189579
v -1.100999 1.232870 1.216789
v -1.073087 1.232870 0.983153
v -1.100999 1.232870 0.983153
v -1.100999 1.232870 0.942573
v -1.100999 0.696939 0.983154
v -1.100999 0.725652 0.983154
v -1.100999 0.981248 1.216789
v -1.100999 0.981248 1.189579
v -1.100999 0.981248 0.983153
v -1.100999 0.948560 0.983153
v -1.073087 0.981248 0.983153
v -1.073087 0.981248 0.942573
v -1.073087 0.948560 0.942573
v -1.073087 0.948560 0.983153
v -1.100999 0.948560 0.942574
v -1.100999 0.981248 0.942574
v 1.302356 0.685632 0.637576
v 1.302356 0.685632 0.926507
v 1.302356 0.725652 0.844002
v 1.302356 0.725652 0.637576
v 1.302356 0.948560 0.308066
v 1.302356 0.685632 0.308066
v 1.302356 0.725652 0.390570
v 1.302356 0.948560 0.390570
v 1.302356 1.270216 0.926507
v 1.302356 1.270216 0.637576
v 1.302356 1.204156 0.637576
v 1.302356 1.204156 0.844002
v 1.302356 0.948560 0.926507
v 1.302356 0.948560 0.844002
v 1.330268 0.685632 0.308065
v 1.330268 0.948560 0.308065
v 1.330268 0.948560 0.926507
v 1.330268 0.685632 0.926507
v 1.330268 0.725652 0.844002
v 1.330268 0.948560 0.844002
v 1.330268 1.204156 0.390570
v 1.330268 1.204156 0.596996
v 1.302356 1.204156 0.596996
v 1.302356 1.204156 0.390570
v 1.330268 1.204156 0.844002
v 1.330268 0.981248 0.844002
v 1.302356 0.981248 0.844002
v 1.302356 0.685632 0.596996
v 1.302356 0.725652 0.596996
v 1.330268 1.270216 0.926507
v 1.302356 0.981248 0.926507
v 1.330268 0.981248 0.926507
v 1.330268 0.685632 0.844002
v 1.302356 1.270216 0.308066
v 1.302356 0.981248 0.308066
v 1.302356 0.981248 0.390570
v 1.330268 1.204156 0.637576
v 1.330268 0.948560 0.390570
v 1.330268 0.725652 0.390570
v 1.330268 1.270216 0.308066
v 1.302356 1.270216 0.596996
v 1.330268 1.270216 0.596996
v 1.330268 1.270216 0.637576
v 1.330268 0.685632 0.390570
v 1.330268 0.476945 0.390570
v 1.330268 0.476945 0.308065
v 1.302356 0.476945 0.596996
v 1.302356 0.476945 0.637576
v 1.330268 0.725652 0.637576
v 1.330268 0.725652 0.596996
v 1.330268 0.685632 0.596996
v 1.330268 0.981248 0.308065
v 1.330268 0.981248 0.390570
v 1.330268 0.981248 0.596996
v 1.330268 0.948560 0.596996
v 1.302356 0.981248 0.596996
v 1.302356 0.981248 0.637576
v 1.330268 0.685632 0.637576
v 1.302356 0.948560 0.637576
v 1.302356 0.948560 0.596996
v 1.330268 0.225991 0.308065
v 1.330268 0.225991 0.390570
v 1.330268 0.196172 0.390570
v 1.330268 0.196172 0.308065
v 1.330268 0.948560 0.637576
v 1.330268 0.981248 0.637576
v 1.330268 0.196172 0.926507
v 1.302356 0.196172 0.926507
v 1.302356 0.196172 0.637576
v 1.330268 0.196172 0.637576
v 1.330268 0.196172 0.844002
v 1.330268 0.196172 0.596996
v 1.302356 0.196172 0.596996
v 1.302356 0.196172 0.308066
v 1.302356 0.476945 0.926507
v 1.330268 0.476945 0.926507
v 1.330268 0.476945 0.637576
v 1.330268 0.476945 0.596996
v 1.330268 0.438039 0.844002
v 1.330268 0.225991 0.844002
v 1.338310 0.255803 0.814980
v 1.338310 0.408227 0.814980
v 1.302356 0.476945 0.308066
v 1.330268 0.225991 0.596996
v 1.330268 0.225991 0.637576
v 1.302356 0.225991 0.926507
v 1.302356 0.225991 0.637576
v 1.302356 0.225991 0.308066
v 1.302356 0.438039 0.637576
v 1.302356 0.438039 0.596996
v 1.302356 0.225991 0.596996
v 1.330268 0.225991 0.926507
v 1.302356 0.438039 0.926507
v 1.302356 0.438039 0.308066
v 1.330268 0.438039 0.926507
v 1.330268 0.438039 0.637576
v 1.330268 0.438039 0.596996
v 1.330268 0.476945 0.844002
v 1.330268 0.438039 0.308065
v 1.330268 0.438039 0.390570
v 1.338310 0.408227 0.567974
v 1.338310 0.408227 0.419592
v 1.338310 0.656292 0.666598
v 1.338310 0.656292 0.814980
v 1.338310 0.506285 0.814980
v 1.338310 0.506285 0.666598
v 1.338310 0.255803 0.567974
v 1.338310 0.408227 0.666598
v 1.338310 0.255803 0.666598
v 1.338310 0.506285 0.419592
v 1.338310 0.656292 0.419592
v 1.338310 0.656292 0.567974
v 1.338310 0.506285 0.567974
v 1.338310 0.255803 0.419592
v 1.363651 0.185984 0.340971
v 1.363651 1.247543 0.332476
v 1.303011 1.247543 0.332476
v 1.303011 0.185984 0.340971
v 1.363651 0.185984 0.892316
v 1.303011 0.185984 0.892316
v 1.303011 1.247543 0.900810
v 1.363651 1.247543 0.900810
v 1.363651 0.185984 0.311971
v 1.303011 0.185984 0.311971
v 1.303011 1.268049 0.311970
v 1.363651 1.268049 0.311970
v 1.363651 0.185984 0.921316
v 1.363651 1.268049 0.921316
v 1.303011 1.268049 0.921316
v 1.303011 0.185984 0.921316
v 1.381254 1.777138 0.639715
v 1.381254 1.777138 0.934191
v 1.381254 1.829064 0.867905
v 1.381254 1.829064 0.639715
v 1.381254 2.008523 0.300381
v 1.381254 1.777138 0.300381
v 1.381254 1.829064 0.366668
v 1.381254 2.008523 0.366668
v 1.381254 2.156703 0.934191
v 1.381254 2.381870 0.617286
v 1.381254 2.277560 0.639715
v 1.381254 2.122206 0.867905
v 1.381254 2.008523 0.934191
v 1.381254 2.008523 0.867905
v 1.409166 1.777138 0.300381
v 1.409166 2.008523 0.300381
v 1.409166 2.008523 0.934191
v 1.409166 1.777138 0.934191
v 1.409166 1.829064 0.867905
v 1.409166 2.008523 0.867904
v 1.409166 2.122206 0.366668
v 1.409166 2.277560 0.594857
v 1.381254 2.277560 0.594857
v 1.381254 2.122206 0.366668
v 1.409166 2.122206 0.867905
v 1.409166 2.050933 0.867904
v 1.381254 2.050933 0.867905
v 1.381254 1.777138 0.594857
v 1.381254 1.829064 0.594857
v 1.409166 2.156703 0.934191
v 1.381254 2.050933 0.934191
v 1.409166 2.050933 0.934191
v 1.409166 1.777138 0.867905
v 1.381254 2.156703 0.300381
v 1.381254 2.050933 0.300381
v 1.381254 2.050933 0.366668
v 1.409166 2.277560 0.639715
v 1.409166 2.008523 0.366668
v 1.409166 1.829064 0.366668
v 1.409166 2.156703 0.300381
v 1.409166 2.381870 0.617286
v 1.409166 1.829064 0.639715
v 1.409166 1.829064 0.594857
v 1.409166 1.777138 0.594857
v 1.409166 1.777138 0.366668
v 1.409166 2.050933 0.300381
v 1.409166 2.050933 0.366668
v 1.409166 2.050933 0.594857
v 1.409166 2.008523 0.594857
v 1.381254 2.050933 0.594857
v 1.381254 2.050933 0.639715
v 1.409166 1.777138 0.639715
v 1.381254 2.008523 0.639715
v 1.381254 2.008523 0.594857
v 1.409166 2.008523 0.639715
v 1.409166 2.050933 0.639715
v 0.688604 1.777138 -1.344912
v 0.688604 1.777138 -1.050436
v 0.688604 1.829064 -1.116723
v 0.688604 1.829064 -1.344912
v 0.688604 2.008523 -1.684247
v 0.688604 1.777138 -1.684247
v 0.688604 1.829064 -1.617960
v 0.688604 2.008523 -1.617960
v 0.688604 2.156703 -1.050436
v 0.688604 2.381870 -1.367341
v 0.688604 2.277560 -1.344912
v 0.688604 2.122206 -1.116723
v 0.688604 2.008523 -1.050436
v 0.688604 2.008523 -1.116723
v 0.716516 1.777138 -1.684247
v 0.716516 2.008523 -1.684247
v 0.716516 2.008523 -1.050436
v 0.716516 1.777138 -1.050436
v 0.716516 1.829064 -1.116723
v 0.716516 2.008523 -1.116723
v 0.716516 2.122206 -1.617960
v 0.716516 2.277560 -1.389770
v 0.688604 2.277560 -1.389770
v 0.688604 2.122206 -1.617960
v 0.716516 2.122206 -1.116723
v 0.716516 2.050933 -1.116723
v 0.688604 2.050933 -1.116723
v 0.688604 1.777138 -1.389770
v 0.688604 1.829064 -1.389770
v 0.716516 2.156703 -1.050436
v 0.688604 2.050933 -1.050436
v 0.716516 2.050933 -1.050436
v 0.716516 1.777138 -1.116723
v 0.688604 2.156703 -1.684247
v 0.688604 2.050933 -1.684247
v 0.688604 2.050933 -1.617960
v 0.716516 2.277560 -1.344912
v 0.716516 2.008523 -1.617960
v 0.716516 1.829064 -1.617960
v 0.716516 2.156703 -1.684247
v 0.716516 2.381870 -1.367341
v 0.716516 1.829064 -1.344912
v 0.716516 1.829064 -1.389771
v 0.716516 1.777138 -1.389771
v 0.716516 1.777138 -1.617960
v 0.716516 2.050933 -1.684247
v 0.716516 2.050933 -1.617960
v 0.716516 2.050933 -1.389770
v 0.716516 2.008523 -1.389770
v 0.688604 2.050933 -1.389770
v 0.688604 2.050933 -1.344912
v 0.716516 1.777138 -1.344912
v 0.688604 2.008523 -1.344912
v 0.688604 2.008523 -1.389770
v 0.716516 2.008523 -1.344912
v 0.716516 2.050933 -1.344912
v 0.214408 1.777138 1.753773
v -0.080068 1.777138 1.753773
v -0.013781 1.829064 1.753773
v 0.214408 1.829064 1.753773
v 0.553743 2.008523 1.753773
v 0.553743 1.777138 1.753773
v 0.487456 1.829064 1.753773
v 0.487456 2.008523 1.753773
v -0.080068 2.156703 1.753773
v 0.236837 2.381870 1.753773
v 0.214408 2.277560 1.753773
v -0.013781 2.122206 1.753773
v -0.080068 2.008523 1.753773
v -0.013781 2.008523 1.753773
v 0.553743 1.777138 1.781685
v 0.553743 2.008523 1.781685
v -0.080068 2.008523 1.781685
v -0.080068 1.777138 1.781685
v -0.013781 1.829064 1.781685
v -0.013781 2.008523 1.781685
v 0.487456 2.122206 1.781685
v 0.259266 2.277560 1.781685
v 0.259266 2.277560 1.753773
v 0.487456 2.122206 1.753773
v -0.013781 2.122206 1.781685
v -0.013781 2.050933 1.781685
v -0.013781 2.050933 1.753773
v 0.259266 1.777138 1.753773
v 0.259266 1.829064 1.753773
v -0.080068 2.156703 1.781685
v -0.080068 2.050933 1.753773
v -0.080068 2.050933 1.781685
v -0.013781 1.777138 1.781685
v 0.553743 2.156703 1.753773
v 0.553743 2.050933 1.753773
v 0.487456 2.050933 1.753773
v 0.214408 2.277560 1.781685
v 0.487456 2.008523 1.781685
v 0.487456 1.829064 1.781685
v 0.553743 2.156703 1.781685
v 0.236837 2.381870 1.781685
v 0.214408 1.829064 1.781685
v 0.259266 1.829064 1.781685
v 0.259266 1.777138 1.781685
v 0.487456 1.777138 1.781685
v 0.553743 2.050933 1.781685
v 0.487456 2.050933 1.781685
v 0.259266 2.050933 1.781685
v 0.259266 2.008523 1.781685
v 0.259266 2.050933 1.753773
v 0.214408 2.050933 1.753773
v 0.214408 1.777138 1.781685
v 0.214408 2.008523 1.753773
v 0.259266 2.008523 1.753773
v 0.214408 2.008523 1.781685
v 0.214408 2.050933 1.781685
v -0.932510 0.685632 -0.167282
v -0.932510 0.685632 -0.456212
v -0.932510 0.725652 -0.373708
v -0.932510 0.725652 -0.167282
v -0.932510 0.948560 0.162229
v -0.932510 0.685632 0.162229
v -0.932510 0.725652 0.079724
v -0.932510 0.948560 0.079724
v -0.932510 1.270216 -0.456212
v -0.932510 1.270216 -0.167282
v -0.932510 1.204156 -0.167282
v -0.932510 1.204156 -0.373708
v -0.932510 0.948560 -0.456212
v -0.932510 0.948560 -0.373708
v -0.960422 0.685632 0.162229
v -0.960422 0.948560 0.162229
v -0.960422 0.948560 -0.456212
v -0.960422 0.685632 -0.456212
v -0.960422 0.725652 -0.373708
v -0.960422 0.948560 -0.373708
v -0.960422 1.204156 0.079724
v -0.960422 1.204156 -0.126702
v -0.932510 1.204156 -0.126702
v -0.932510 1.204156 0.079724
v -0.960422 1.204156 -0.373708
v -0.960422 0.981248 -0.373708
v -0.932510 0.981248 -0.373708
v -0.932510 0.685632 -0.126702
v -0.932510 0.725652 -0.126702
v -0.960422 1.270216 -0.456212
v -0.932510 0.981248 -0.456212
v -0.960422 0.981248 -0.456212
v -0.960422 0.685632 -0.373708
v -0.932510 1.270216 0.162229
v -0.932510 0.981248 0.162229
v -0.932510 0.981248 0.079724
v -0.960422 1.204156 -0.167282
v -0.960422 0.948560 0.079724
v -0.960422 0.725652 0.079724
v -0.960422 1.270216 0.162229
v -0.932510 1.270216 -0.126702
v -0.960422 1.270216 -0.126702
v -0.960422 1.270216 -0.167282
v -0.960422 0.685632 0.079724
v -0.960422 0.476945 0.079724
v -0.960422 0.476945 0.162229
v -0.932510 0.476945 -0.126702
v -0.932510 0.476945 -0.167282
v -0.960422 0.725652 -0.167282
v -0.960422 0.725652 -0.126702
v -0.960422 0.685632 -0.126702
v -0.960422 0.981248 0.162229
v -0.960422 0.981248 0.079724
v -0.960422 0.981248 -0.126702
v -0.960422 0.948560 -0.126702
v -0.932510 0.981248 -0.126702
v -0.932510 0.981248 -0.167282
v -0.960422 0.685632 -0.167282
v -0.932510 0.948560 -0.167282
v -0.932510 0.948560 -0.126702
v -0.960422 0.225991 0.162229
v -0.960422 0.225991 0.079724
v -0.960422 0.196172 0.079724
v -0.960422 0.196172 0.162229
v -0.960422 0.948560 -0.167282
v -0.960422 0.981248 -0.167282
v -0.960422 0.196172 -0.456212
v -0.932510 0.196172 -0.456212
v -0.932510 0.196172 -0.167282
v -0.960422 0.196172 -0.167282
v -0.960422 0.196172 -0.373708
v -0.960422 0.196172 -0.126702
v -0.932510 0.196172 -0.126702
v -0.932510 0.196172 0.162229
v -0.932510 0.476945 -0.456212
v -0.960422 0.476945 -0.456212
v -0.960422 0.476945 -0.167282
v -0.960422 0.476945 -0.126702
v -0.960422 0.438039 -0.373708
v -0.960422 0.225991 -0.373708
v -0.968465 0.255803 -0.344686
v -0.968465 0.408227 -0.344686
v -0.932510 0.476945 0.162229
v -0.960422 0.225991 -0.126702
v -0.960422 0.225991 -0.167282
v -0.932510 0.225991 -0.456212
v -0.932510 0.225991 -0.167282
v -0.932510 0.225991 0.162229
v -0.932510 0.438039 -0.167282
v -0.932510 0.438039 -0.126702
v -0.932510 0.225991 -0.126702
v -0.960422 0.225991 -0.456212
v -0.932510 0.438039 -0.456212
v -0.932510 0.438039 0.162229
v -0.960422 0.438039 -0.456212
v -0.960422 0.438039 -0.167282
v -0.960422 0.438039 -0.126702
v -0.960422 0.476945 -0.373708
v -0.960422 0.438039 0.162229
v -0.960422 0.438039 0.079724
v -0.968465 0.408227 -0.097680
v -0.968465 0.408227 0.050703
v -0.968465 0.656292 -0.196303
v -0.968465 0.656292 -0.344686
v -0.968465 0.506285 -0.344686
v -0.968465 0.506285 -0.196303
v -0.968465 0.255803 -0.097680
v -0.968465 0.408227 -0.196303
v -0.968465 0.255803 -0.196303
v -0.968465 0.506285 0.050703
v -0.968465 0.656292 0.050703
v -0.968465 0.656292 -0.097680
v -0.968465 0.506285 -0.097680
v -0.968465 0.255803 0.050703
v -0.993805 0.185984 0.129324
v -0.993805 1.247543 0.137818
v -0.933166 1.247543 0.137818
v -0.933166 0.185984 0.129324
v -0.993805 0.185984 -0.422021
v -0.933166 0.185984 -0.422021
v -0.933166 1.247543 -0.430516
v -0.993805 1.247543 -0.430516
v -0.993805 0.185984 0.158324
v -0.933166 0.185984 0.158324
v -0.933166 1.268049 0.158324
v -0.993805 1.268049 0.158324
v -0.993805 0.185984 -0.451021
v -0.993805 1.268049 -0.451021
v -0.933166 1.268049 -0.451021
v -0.933166 0.185984 -0.451021
v -1.015786 1.777138 0.592428
v -1.015785 1.777138 0.297952
v -1.015785 1.829064 0.364239
v -1.015786 1.829064 0.592428
v -1.015786 2.008523 0.931762
v -1.015786 1.777138 0.931762
v -1.015786 1.829064 0.865476
v -1.015786 2.008523 0.865476
v -1.015785 2.156703 0.297952
v -1.015786 2.381870 0.614857
v -1.015786 2.285379 0.592428
v -1.015785 2.122206 0.364239
v -1.015785 2.008523 0.297952
v -1.015785 2.008523 0.364239
v -1.043698 1.777138 0.931763
v -1.043698 2.008523 0.931763
v -1.043698 2.008523 0.297952
v -1.043698 1.777138 0.297952
v -1.043698 1.829064 0.364239
v -1.043698 2.008523 0.364239
v -1.043698 2.122206 0.865476
v -1.043698 2.285379 0.637286
v -1.015786 2.285379 0.637286
v -1.015786 2.122206 0.865476
v -1.043698 2.122206 0.364239
v -1.043698 2.050933 0.364239
v -1.015785 2.050933 0.364239
v -1.015786 1.777138 0.637286
v -1.015786 1.829064 0.637286
v -1.043698 2.156703 0.297952
v -1.015785 2.050933 0.297952
v -1.043698 2.050933 0.297952
v -1.043698 1.777138 0.364239
v -1.015786 2.156703 0.931762
v -1.015786 2.050933 0.931762
v -1.015786 2.050933 0.865476
v -1.043698 2.285379 0.592428
v -1.043698 2.008523 0.865476
v -1.043698 1.829064 0.865476
v -1.043698 2.156703 0.931762
v -1.043698 2.381870 0.614857
v -1.043698 1.829064 0.592428
v -1.043698 1.829064 0.637286
v -1.043698 1.777138 0.637286
v -1.043698 1.777138 0.865476
v -1.043698 2.050933 0.931763
v -1.043698 2.050933 0.865476
v -1.043698 2.050933 0.637286
v -1.043698 2.008523 0.637286
v -1.015786 2.050933 0.637286
v -1.015786 2.050933 0.592428
v -1.043698 1.777138 0.592428
v -1.015786 2.008523 0.592428
v -1.015786 2.008523 0.637286
v -1.043698 2.008523 0.592428
v -1.043698 2.050933 0.592428
v 1.412819 0.364069 -0.680189
v 1.412819 1.895695 -0.680189
v 1.408835 1.895695 -0.660160
v 1.408835 0.364069 -0.660160
v 1.397489 1.895695 -0.643181
v 1.397489 0.364069 -0.643181
v 1.380509 1.895695 -0.631835
v 1.380509 0.364069 -0.631835
v 1.360480 1.895695 -0.627851
v 1.360480 0.364069 -0.627851
v 1.340451 1.895695 -0.631835
v 1.340451 0.364069 -0.631835
v 1.323471 1.895695 -0.643181
v 1.323471 0.364069 -0.643180
v 1.312126 1.895695 -0.660160
v 1.312126 0.364069 -0.660160
v 1.308142 1.895695 -0.680189
v 1.308142 0.364069 -0.680189
v 1.312126 1.895695 -0.700218
v 1.312126 0.364069 -0.700218
v 1.323471 1.895695 -0.717198
v 1.323471 0.364069 -0.717198
v 1.340451 1.895695 -0.728544
v 1.340451 0.364069 -0.728544
v 1.360480 1.895695 -0.732528
v 1.360480 0.364069 -0.732528
v 1.380509 1.895695 -0.728544
v 1.380509 0.364069 -0.728544
v 1.397489 1.895695 -0.717198
v 1.397489 0.364069 -0.717198
v 1.408835 1.895695 -0.700218
v 1.408835 0.364069 -0.700218
v 1.354946 0.329130 -0.627851
v 1.373995 0.322941 -0.631835
v 1.354946 0.329130 -0.732528
v 1.373995 0.322941 -0.728544
v 1.355091 0.285839 -0.728544
v 1.338887 0.297611 -0.732528
v 1.308959 0.344073 -0.700219
v 1.305170 0.345304 -0.680190
v 1.390144 0.317694 -0.717198
v 1.390144 0.317694 -0.643181
v 1.400934 0.314188 -0.660161
v 1.308959 0.344073 -0.660161
v 1.319749 0.340567 -0.643181
v 1.335898 0.335320 -0.728544
v 1.335898 0.335320 -0.631835
v 1.319749 0.340567 -0.717198
v 1.400934 0.314188 -0.700219
v 1.404723 0.312957 -0.680190
v 1.308946 0.319365 -0.717199
v 1.322683 0.309384 -0.728544
v 1.302100 0.288802 -0.728544
v 1.292120 0.302539 -0.717199
v 1.308946 0.319365 -0.643181
v 1.322683 0.309384 -0.631836
v 1.368827 0.275858 -0.717199
v 1.299767 0.326033 -0.660161
v 1.378006 0.269189 -0.700219
v 1.296544 0.328375 -0.680190
v 1.378006 0.269189 -0.660161
v 1.381229 0.266848 -0.680190
v 1.299767 0.326033 -0.700219
v 1.368828 0.275858 -0.643181
v 1.355091 0.285839 -0.631836
v 1.338887 0.297611 -0.627851
v 1.344637 0.230255 -0.680190
v 1.342295 0.233478 -0.660161
v 1.297297 0.210550 -0.660161
v 1.298528 0.206761 -0.680190
v 1.313873 0.272598 -0.627852
v 1.325646 0.256394 -0.631836
v 1.313873 0.272598 -0.732528
v 1.302100 0.288802 -0.631836
v 1.325646 0.256394 -0.728544
v 1.292120 0.302539 -0.643181
v 1.335626 0.242657 -0.717199
v 1.285451 0.311717 -0.660161
v 1.342295 0.233478 -0.700219
v 1.283109 0.314941 -0.680190
v 1.285451 0.311717 -0.700219
v 1.335626 0.242657 -0.643181
v 1.276165 0.275587 -0.631836
v 1.270918 0.291736 -0.643181
v 1.247415 0.288013 -0.643182
v 1.247415 0.271033 -0.631836
v 1.297297 0.210550 -0.700219
v 1.267412 0.302526 -0.700219
v 1.266181 0.306315 -0.680190
v 1.293791 0.221341 -0.643181
v 1.270918 0.291736 -0.717199
v 1.288544 0.237489 -0.631836
v 1.276165 0.275587 -0.728545
v 1.282354 0.256538 -0.627852
v 1.282354 0.256538 -0.732529
v 1.288544 0.237489 -0.728545
v 1.293791 0.221341 -0.717199
v 1.267412 0.302526 -0.660161
v 1.247415 0.288013 -0.717199
v 1.247415 0.271033 -0.728545
v 1.173194 0.271034 -0.728545
v 1.173194 0.288014 -0.717199
v 1.247415 0.213996 -0.717199
v 1.247415 0.230975 -0.728545
v 1.247415 0.299359 -0.660161
v 1.247415 0.202650 -0.700219
v 1.247415 0.303343 -0.680190
v 1.247415 0.202650 -0.660161
v 1.247415 0.198666 -0.680190
v 1.247415 0.299359 -0.700219
v 1.247415 0.213996 -0.643182
v 1.247415 0.230975 -0.631836
v 1.247415 0.251004 -0.627852
v 1.247415 0.251004 -0.732529
v 1.173194 0.266997 -0.718798
v 1.173194 0.251004 -0.721979
v 1.250137 0.251004 -0.721979
v 1.250137 0.266996 -0.718798
v 1.173194 0.251004 -0.627852
v 1.173194 0.230976 -0.631836
v 1.173194 0.251004 -0.732529
v 1.173194 0.271034 -0.631836
v 1.173194 0.230976 -0.728545
v 1.173194 0.288014 -0.643181
v 1.173194 0.213996 -0.717199
v 1.173194 0.299359 -0.660161
v 1.173194 0.202650 -0.700219
v 1.173194 0.303343 -0.680190
v 1.173194 0.202650 -0.660161
v 1.173194 0.198666 -0.680190
v 1.173194 0.299359 -0.700219
v 1.173194 0.213996 -0.643181
v 1.173194 0.212397 -0.664198
v 1.173194 0.209216 -0.680190
v 1.173194 0.198666 -0.680190
v 1.173194 0.202650 -0.660161
v 1.173194 0.221455 -0.650641
v 1.173194 0.213996 -0.643181
v 1.173194 0.235013 -0.641582
v 1.173194 0.230976 -0.631836
v 1.173194 0.251004 -0.638401
v 1.173194 0.251004 -0.627852
v 1.173194 0.266997 -0.641582
v 1.173194 0.271034 -0.631836
v 1.173194 0.280554 -0.650641
v 1.173194 0.288014 -0.643181
v 1.173194 0.289613 -0.664198
v 1.173194 0.299359 -0.660161
v 1.173194 0.292794 -0.680190
v 1.173194 0.303343 -0.680190
v 1.173194 0.289613 -0.696182
v 1.173194 0.299359 -0.700219
v 1.173194 0.280554 -0.709740
v 1.173194 0.288014 -0.717199
v 1.173194 0.266997 -0.718798
v 1.173194 0.271034 -0.728545
v 1.173194 0.251004 -0.721979
v 1.173194 0.251004 -0.732529
v 1.173194 0.235013 -0.718798
v 1.173194 0.230976 -0.728545
v 1.173194 0.221455 -0.709740
v 1.173194 0.213996 -0.717199
v 1.173194 0.212397 -0.696182
v 1.173194 0.202650 -0.700219
v 1.173194 0.251004 -0.638401
v 1.173194 0.266997 -0.641582
v 1.250137 0.266996 -0.641582
v 1.250137 0.251004 -0.638401
v 1.173194 0.235013 -0.718798
v 1.250137 0.235013 -0.718798
v 1.173194 0.280554 -0.650641
v 1.250137 0.280554 -0.650641
v 1.173194 0.221455 -0.709740
v 1.250137 0.221455 -0.709740
v 1.173194 0.289613 -0.664198
v 1.250137 0.289612 -0.664198
v 1.173194 0.212397 -0.696182
v 1.250137 0.212396 -0.696182
v 1.173194 0.292794 -0.680190
v 1.250137 0.292794 -0.680190
v 1.173194 0.209216 -0.680190
v 1.173194 0.212397 -0.664198
v 1.250137 0.212396 -0.664198
v 1.250137 0.209216 -0.680190
v 1.173194 0.289613 -0.696182
v 1.250137 0.289612 -0.696182
v 1.173194 0.221455 -0.650641
v 1.250137 0.221455 -0.650641
v 1.173194 0.280554 -0.709740
v 1.250137 0.280554 -0.709740
v 1.173194 0.235013 -0.641582
v 1.250137 0.235013 -0.641582
v 1.367784 0.730018 0.837085
v 1.376216 0.726525 0.837085
v 1.376216 0.724221 0.825498
v 1.367784 0.727447 0.824161
v 1.323773 0.696247 0.837085
v 1.324965 0.705296 0.837085
v 1.324965 0.704607 0.833622
v 1.389013 0.713728 0.837085
v 1.392506 0.705296 0.837085
v 1.392506 0.704607 0.833622
v 1.389013 0.712398 0.830395
v 1.334013 0.720969 0.837085
v 1.341254 0.726525 0.837085
v 1.341254 0.724221 0.825498
v 1.334013 0.719087 0.827624
v 1.358735 0.731209 0.837085
v 1.358735 0.728548 0.823705
v 1.383457 0.720969 0.837085
v 1.383457 0.719087 0.827624
v 1.328457 0.713728 0.837085
v 1.328457 0.712398 0.830395
v 1.349686 0.730018 0.837085
v 1.349686 0.727447 0.824161
v 1.393697 0.696247 0.837085
v 1.389013 0.708608 0.824724
v 1.383457 0.713728 0.819604
v 1.334013 0.713728 0.819604
v 1.328457 0.708608 0.824724
v 1.358735 0.720969 0.812363
v 1.349686 0.720127 0.813205
v 1.376216 0.717657 0.815675
v 1.324965 0.702646 0.830686
v 1.392506 0.702646 0.830686
v 1.341254 0.717657 0.815675
v 1.367784 0.720127 0.813205
v 1.324965 0.699710 0.828725
v 1.392506 0.699710 0.828725
v 1.389013 0.702937 0.820934
v 1.341254 0.707834 0.809112
v 1.334013 0.705708 0.814245
v 1.367784 0.709171 0.805885
v 1.358735 0.709627 0.804784
v 1.383457 0.705708 0.814245
v 1.328457 0.702937 0.820934
v 1.349686 0.709171 0.805885
v 1.376216 0.707834 0.809112
v 1.383457 0.696247 0.812363
v 1.376216 0.696247 0.806807
v 1.328457 0.696247 0.819604
v 1.324965 0.696247 0.828036
v 1.392506 0.696247 0.828036
v 1.349686 0.696247 0.803314
v 1.341254 0.696247 0.806807
v 1.367784 0.696247 0.803314
v 1.389013 0.696247 0.819604
v 1.334013 0.696247 0.812363
v 1.358735 0.696247 0.802123
v 1.389013 0.689558 0.820934
v 1.383457 0.686787 0.814245
v 1.334013 0.686787 0.814245
v 1.328457 0.689558 0.820934
v 1.358735 0.682868 0.804784
v 1.349686 0.683324 0.805885
v 1.376216 0.684661 0.809112
v 1.324965 0.692785 0.828725
v 1.392506 0.692785 0.828725
v 1.341254 0.684661 0.809112
v 1.367784 0.683324 0.805885
v 1.376216 0.674838 0.815675
v 1.367784 0.672368 0.813205
v 1.324965 0.689849 0.830686
v 1.392506 0.689849 0.830686
v 1.389013 0.683887 0.824724
v 1.341254 0.674838 0.815675
v 1.334013 0.678766 0.819604
v 1.358735 0.671526 0.812363
v 1.383457 0.678766 0.819604
v 1.328457 0.683887 0.824724
v 1.349686 0.672368 0.813205
v 1.383457 0.673407 0.827624
v 1.376216 0.668274 0.825498
v 1.328457 0.680097 0.830395
v 1.324965 0.687887 0.833622
v 1.392506 0.687887 0.833622
v 1.349686 0.665047 0.824161
v 1.341254 0.668274 0.825498
v 1.367784 0.665047 0.824161
v 1.389013 0.680097 0.830395
v 1.334013 0.673407 0.827624
v 1.358735 0.663947 0.823705
v 1.367784 0.662477 0.837085
v 1.358735 0.661286 0.837085
v 1.389013 0.678766 0.837085
v 1.383457 0.671526 0.837085
v 1.334013 0.671526 0.837085
v 1.328457 0.678766 0.837085
v 1.349686 0.662477 0.837085
v 1.376216 0.665969 0.837085
v 1.324965 0.687199 0.837085
v 1.392506 0.687199 0.837085
v 1.341254 0.665969 0.837085
v 1.376216 0.668274 0.848672
v 1.367784 0.665047 0.850008
v 1.324965 0.687887 0.840548
v 1.392506 0.687887 0.840548
v 1.389013 0.680097 0.843774
v 1.341254 0.668274 0.848672
v 1.334013 0.673407 0.846545
v 1.358735 0.663947 0.850464
v 1.383457 0.673407 0.846545
v 1.328457 0.680097 0.843774
v 1.349686 0.665047 0.850008
v 1.358735 0.671526 0.861807
v 1.349686 0.672368 0.860964
v 1.383457 0.678766 0.854566
v 1.376216 0.674838 0.858494
v 1.328457 0.683887 0.849446
v 1.324965 0.689849 0.843483
v 1.392506 0.689849 0.843483
v 1.341254 0.674838 0.858494
v 1.367784 0.672368 0.860964
v 1.389013 0.683887 0.849446
v 1.334013 0.678766 0.854566
v 1.367784 0.683324 0.868285
v 1.358735 0.682868 0.869385
v 1.389013 0.689558 0.853235
v 1.383457 0.686787 0.859925
v 1.334013 0.686787 0.859925
v 1.328457 0.689558 0.853235
v 1.349686 0.683324 0.868285
v 1.376216 0.684661 0.865058
v 1.324965 0.692785 0.845445
v 1.392506 0.692785 0.845445
v 1.341254 0.684661 0.865058
v 1.349686 0.696247 0.870855
v 1.341254 0.696247 0.867363
v 1.376216 0.696247 0.867363
v 1.367784 0.696247 0.870855
v 1.324965 0.696247 0.846133
v 1.392506 0.696247 0.846133
v 1.389013 0.696247 0.854566
v 1.334013 0.696247 0.861807
v 1.358735 0.696247 0.872047
v 1.383457 0.696247 0.861807
v 1.328457 0.696247 0.854566
v 1.358735 0.709627 0.869385
v 1.349686 0.709171 0.868285
v 1.383457 0.705708 0.859925
v 1.376216 0.707834 0.865058
v 1.328457 0.702937 0.853235
v 1.324965 0.699710 0.845445
v 1.392506 0.699710 0.845445
v 1.341254 0.707834 0.865058
v 1.367784 0.709171 0.868285
v 1.389013 0.702937 0.853235
v 1.334013 0.705708 0.859925
v 1.341254 0.717657 0.858494
v 1.334013 0.713728 0.854566
v 1.367784 0.720127 0.860964
v 1.358735 0.720969 0.861807
v 1.389013 0.708608 0.849446
v 1.383457 0.713728 0.854566
v 1.328457 0.708608 0.849446
v 1.349686 0.720127 0.860964
v 1.376216 0.717657 0.858494
v 1.324965 0.702646 0.843483
v 1.392506 0.702646 0.843483
v 1.392506 0.704607 0.840548
v 1.349686 0.727447 0.850008
v 1.341254 0.724221 0.848672
v 1.376216 0.724221 0.848672
v 1.367784 0.727447 0.850008
v 1.324965 0.704607 0.840548
v 1.389013 0.712398 0.843774
v 1.334013 0.719087 0.846545
v 1.358735 0.728548 0.850464
v 1.383457 0.719087 0.846545
v 1.328457 0.712398 0.843774
v -0.997938 0.730018 -0.366790
v -1.006370 0.726525 -0.366790
v -1.006370 0.724221 -0.355203
v -0.997938 0.727447 -0.353867
v -0.953928 0.696247 -0.366790
v -0.955119 0.705296 -0.366790
v -0.955119 0.704607 -0.363327
v -1.019167 0.713728 -0.366790
v -1.022660 0.705296 -0.366790
v -1.022660 0.704607 -0.363327
v -1.019167 0.712398 -0.360101
v -0.964168 0.720969 -0.366790
v -0.971408 0.726525 -0.366790
v -0.971408 0.724221 -0.355203
v -0.964168 0.719087 -0.357330
v -0.988889 0.731209 -0.366790
v -0.988889 0.728548 -0.353411
v -1.013611 0.720969 -0.366790
v -1.013611 0.719087 -0.357330
v -0.958611 0.713728 -0.366790
v -0.958611 0.712398 -0.360101
v -0.979841 0.730018 -0.366790
v -0.979841 0.727447 -0.353867
v -1.023851 0.696247 -0.366790
v -1.019167 0.708608 -0.354429
v -1.013611 0.713728 -0.349309
v -0.964168 0.713728 -0.349309
v -0.958611 0.708608 -0.354429
v -0.988889 0.720969 -0.342068
v -0.979841 0.720127 -0.342911
v -1.006370 0.717657 -0.345381
v -0.955119 0.702646 -0.360392
v -1.022660 0.702646 -0.360392
v -0.971408 0.717657 -0.345381
v -0.997938 0.720127 -0.342911
v -0.955119 0.699710 -0.358430
v -1.022660 0.699710 -0.358430
v -1.019167 0.702937 -0.350640
v -0.971408 0.707834 -0.338817
v -0.964168 0.705708 -0.343950
v -0.997938 0.709171 -0.335590
v -0.988889 0.709627 -0.334490
v -1.013611 0.705708 -0.343950
v -0.958611 0.702937 -0.350640
v -0.979841 0.709171 -0.335590
v -1.006370 0.707834 -0.338817
v -1.013611 0.696247 -0.342068
v -1.006370 0.696247 -0.336512
v -0.958611 0.696247 -0.349309
v -0.955119 0.696247 -0.357741
v -1.022660 0.696247 -0.357741
v -0.979841 0.696247 -0.333020
v -0.971408 0.696247 -0.336512
v -0.997938 0.696247 -0.333020
v -1.019167 0.696247 -0.349309
v -0.964168 0.696247 -0.342068
v -0.988889 0.696247 -0.331828
v -1.019167 0.689558 -0.350640
v -1.013611 0.686787 -0.343950
v -0.964168 0.686787 -0.343950
v -0.958611 0.689558 -0.350640
v -0.988889 0.682868 -0.334490
v -0.979841 0.683324 -0.335590
v -1.006370 0.684661 -0.338817
v -0.955119 0.692785 -0.358430
v -1.022660 0.692785 -0.358430
v -0.971408 0.684661 -0.338817
v -0.997938 0.683324 -0.335590
v -1.006370 0.674838 -0.345381
v -0.997938 0.672368 -0.342911
v -0.955119 0.689849 -0.360392
v -1.022660 0.689849 -0.360392
v -1.019167 0.683887 -0.354429
v -0.971408 0.674838 -0.345381
v -0.964168 0.678766 -0.349309
v -0.988889 0.671526 -0.342068
v -1.013611 0.678766 -0.349309
v -0.958611 0.683887 -0.354429
v -0.979841 0.672368 -0.342911
v -1.013611 0.673407 -0.357330
v -1.006370 0.668274 -0.355203
v -0.958611 0.680097 -0.360101
v -0.955119 0.687887 -0.363327
v -1.022660 0.687887 -0.363327
v -0.979841 0.665047 -0.353867
v -0.971408 0.668274 -0.355203
v -0.997938 0.665047 -0.353867
v -1.019167 0.680097 -0.360101
v -0.964168 0.673407 -0.357330
v -0.988889 0.663947 -0.353411
v -0.997938 0.662477 -0.366790
v -0.988889 0.661286 -0.366790
v -1.019167 0.678766 -0.366790
v -1.013611 0.671526 -0.366790
v -0.964168 0.671526 -0.366790
v -0.958611 0.678766 -0.366790
v -0.979841 0.662477 -0.366790
v -1.006370 0.665969 -0.366790
v -0.955119 0.687199 -0.366790
v -1.022660 0.687199 -0.366790
v -0.971408 0.665969 -0.366790
v -1.006370 0.668274 -0.378377
v -0.997938 0.665047 -0.379714
v -0.955119 0.687887 -0.370253
v -1.022660 0.687887 -0.370253
v -1.019167 0.680097 -0.373480
v -0.971408 0.668274 -0.378377
v -0.964168 0.673407 -0.376251
v -0.988889 0.663947 -0.380170
v -1.013611 0.673407 -0.376251
v -0.958611 0.680097 -0.373480
v -0.979841 0.665047 -0.379714
v -0.988889 0.671526 -0.391512
v -0.979841 0.672368 -0.390670
v -1.013611 0.678766 -0.384271
v -1.006370 0.674838 -0.388200
v -0.958611 0.683887 -0.379151
v -0.955119 0.689849 -0.373189
v -1.022660 0.689849 -0.373189
v -0.971408 0.674838 -0.388200
v -0.997938 0.672368 -0.390670
v -1.019167 0.683887 -0.379151
v -0.964168 0.678766 -0.384271
v -0.997938 0.683324 -0.397990
v -0.988889 0.682868 -0.399091
v -1.019167 0.689558 -0.382941
v -1.013611 0.686787 -0.389630
v -0.964168 0.686787 -0.389630
v -0.958611 0.689558 -0.382941
v -0.979841 0.683324 -0.397990
v -1.006370 0.684661 -0.394763
v -0.955119 0.692785 -0.375150
v -1.022660 0.692785 -0.375150
v -0.971408 0.684661 -0.394763
v -0.979841 0.696247 -0.400561
v -0.971408 0.696247 -0.397068
v -1.006370 0.696247 -0.397068
v -0.997938 0.696247 -0.400561
v -0.955119 0.696247 -0.375839
v -1.022660 0.696247 -0.375839
v -1.019167 0.696247 -0.384271
v -0.964168 0.696247 -0.391512
v -0.988889 0.696247 -0.401752
v -1.013611 0.696247 -0.391512
v -0.958611 0.696247 -0.384271
v -0.988889 0.709627 -0.399091
v -0.979841 0.709171 -0.397990
v -1.013611 0.705708 -0.389630
v -1.006370 0.707834 -0.394763
v -0.958611 0.702937 -0.382941
v -0.955119 0.699710 -0.375150
v -1.022660 0.699710 -0.375150
v -0.971408 0.707834 -0.394763
v -0.997938 0.709171 -0.397990
v -1.019167 0.702937 -0.382941
v -0.964168 0.705708 -0.389630
v -0.971408 0.717657 -0.388200
v -0.964168 0.713728 -0.384271
v -0.997938 0.720127 -0.390670
v -0.988889 0.720969 -0.391512
v -1.019167 0.708608 -0.379151
v -1.013611 0.713728 -0.384271
v -0.958611 0.708608 -0.379151
v -0.979841 0.720127 -0.390670
v -1.006370 0.717657 -0.388200
v -0.955119 0.702646 -0.373189
v -1.022660 0.702646 -0.373189
v -1.022660 0.704607 -0.370253
v -0.979841 0.727447 -0.379714
v -0.971408 0.724221 -0.378377
v -1.006370 0.724221 -0.378377
v -0.997938 0.727447 -0.379714
v -0.955119 0.704607 -0.370253
v -1.019167 0.712398 -0.373480
v -0.964168 0.719087 -0.376251
v -0.988889 0.728548 -0.380170
v -1.013611 0.719087 -0.376251
v -0.958611 0.712398 -0.373480
v 0.548112 -0.000000 2.159240
v 0.548112 -0.000000 0.616643
v 0.548112 -0.000000 0.311970
v 0.548112 0.000000 -0.799018
v 0.741842 0.197245 -0.799546
v 0.741842 0.197245 -2.090007
v -0.182443 -0.000000 0.311970
v -0.182443 -0.000000 0.616643
v -0.182443 -0.000000 2.159240
v -0.182443 -0.000000 0.921315
v -0.182443 0.000000 -1.688779
v 0.548112 0.000000 -1.688779
vt 0.096429 0.591906
vt 0.096429 0.591906
vt 0.096429 0.591906
vt 0.096429 0.591906
vt 0.032154 0.594375
vt 0.032154 0.594375
vt 0.032154 0.594375
vt 0.032154 0.594375
vt 0.032154 0.594375
vt 0.032154 0.594375
vt 0.032154 0.594375
vt 0.032154 0.594375
vt 0.032154 0.594375
vt 0.032154 0.594375
vt 0.032154 0.594375
vt 0.032154 0.594375
vt 0.032154 0.594375
vt 0.032154 0.594375
vt 0.032154 0.594375
vt 0.096429 0.591906
vt 0.096429 0.591906
vt 0.096429 0.591906
vt 0.030221 0.029548
vt 0.030221 0.029548
vt 0.030221 0.029548
vt 0.030221 0.029548
vt 0.032154 0.594375
vt 0.032154 0.594375
vt 0.032154 0.594375
vt 0.032154 0.594375
vt 0.096429 0.591906
vt 0.096429 0.591906
vt 0.096429 0.591906
vt 0.096429 0.591906
vt 0.096429 0.591906
vt 0.096429 0.591906
vt 0.096429 0.591906
vt 0.096429 0.591906
vt 0.096429 0.591906
vt 0.096429 0.591906
vt 0.096429 0.591906
vt 0.096429 0.591906
vt 0.281264 0.593113
vt 0.281264 0.593113
vt 0.281264 0.593113
vt 0.281264 0.593113
vt 0.281264 0.593113
vt 0.281264 0.593113
vt 0.096429 0.591906
vt 0.096429 0.591906
vt 0.154561 0.590016
vt 0.154561 0.590016
vt 0.154562 0.590016
vt 0.154562 0.590016
vt 0.096429 0.591906
vt 0.154561 0.590016
vt 0.154562 0.590016
vt 0.096429 0.591906
vt 0.096429 0.591906
vt 0.096429 0.591906
vt 0.096429 0.591906
vt 0.032154 0.594375
vt 0.032154 0.594375
vt 0.032154 0.594375
vt 0.032154 0.594375
vt 0.032154 0.594375
vt 0.096429 0.591906
vt 0.096429 0.591906
vt 0.032154 0.594375
vt 0.032154 0.594375
vt 0.032154 0.594375
vt 0.032154 0.594375
vt 0.032154 0.594375
vt 0.032154 0.594375
vt 0.032154 0.594375
vt 0.344990 0.594203
vt 0.344990 0.594203
vt 0.344990 0.594203
vt 0.344990 0.594203
vt 0.344990 0.594203
vt 0.344990 0.594203
vt 0.344990 0.594203
vt 0.406498 0.594041
vt 0.406498 0.594041
vt 0.406498 0.594041
vt 0.406498 0.594041
vt 0.344990 0.594203
vt 0.344990 0.594203
vt 0.344990 0.594203
vt 0.344990 0.594203
vt 0.406498 0.594041
vt 0.406498 0.594041
vt 0.406498 0.594041
vt 0.406498 0.594041
vt 0.096429 0.591906
vt 0.096429 0.591906
vt 0.032154 0.594375
vt 0.154561 0.590016
vt 0.154562 0.590016
vt 0.154562 0.590016
vt 0.032154 0.594375
vt 0.032154 0.594375
vt 0.032154 0.594375
vt 0.032154 0.594375
vt 0.032154 0.594375
vt 0.032154 0.594375
vt 0.032154 0.594375
vt 0.096429 0.591906
vt 0.096429 0.591906
vt 0.096429 0.591906
vt 0.030221 0.029548
vt 0.030221 0.029548
vt 0.032154 0.594375
vt 0.032154 0.594375
vt 0.096429 0.591906
vt 0.096429 0.591906
vt 0.096429 0.591906
vt 0.096429 0.591906
vt 0.096429 0.591906
vt 0.096429 0.591906
vt 0.281264 0.593113
vt 0.281264 0.593113
vt 0.281264 0.593113
vt 0.096429 0.591906
vt 0.096429 0.591906
vt 0.154561 0.590016
vt 0.154562 0.590016
vt 0.154561 0.590016
vt 0.032154 0.594375
vt 0.032154 0.594375
vt 0.032154 0.594375
vt 0.096429 0.591906
vt 0.096429 0.591906
vt 0.032154 0.594375
vt 0.032154 0.594375
vt 0.032154 0.594375
vt 0.344990 0.594203
vt 0.344990 0.594203
vt 0.344990 0.594203
vt 0.344990 0.594203
vt 0.344990 0.594203
vt 0.344990 0.594203
vt 0.406498 0.594041
vt 0.406498 0.594041
vt 0.344990 0.594203
vt 0.406498 0.594041
vt 0.406498 0.594041
vt 0.096429 0.591906
vt 0.096429 0.591906
vt 0.096429 0.591906
vt 0.096429 0.591906
vt 0.032154 0.594375
vt 0.032154 0.594375
vt 0.032154 0.594375
vt 0.154561 0.590016
vt 0.154562 0.590016
vt 0.154562 0.590016
vt 0.032154 0.594375
vt 0.032154 0.594375
vt 0.032154 0.594375
vt 0.032154 0.594375
vt 0.032154 0.594375
vt 0.032154 0.594375
vt 0.032154 0.594375
vt 0.032154 0.594375
vt 0.032154 0.594375
vt 0.032154 0.594375
vt 0.032154 0.594375
vt 0.032154 0.594375
vt 0.096429 0.591906
vt 0.096429 0.591906
vt 0.096429 0.591906
vt 0.030221 0.029548
vt 0.030221 0.029548
vt 0.030221 0.029548
vt 0.030221 0.029548
vt 0.032154 0.594375
vt 0.032154 0.594375
vt 0.032154 0.594375
vt 0.032154 0.594375
vt 0.096429 0.591906
vt 0.096429 0.591906
vt 0.096429 0.591906
vt 0.096429 0.591906
vt 0.096429 0.591906
vt 0.096429 0.591906
vt 0.096429 0.591906
vt 0.096429 0.591906
vt 0.096429 0.591906
vt 0.096429 0.591906
vt 0.096429 0.591906
vt 0.096429 0.591906
vt 0.096429 0.591906
vt 0.096429 0.591906
vt 0.096429 0.591906
vt 0.096429 0.591906
vt 0.281264 0.593113
vt 0.281264 0.593113
vt 0.281264 0.593113
vt 0.281264 0.593113
vt 0.030221 0.029548
vt 0.030221 0.029548
vt 0.030221 0.029548
vt 0.030221 0.029548
vt 0.096429 0.591906
vt 0.096429 0.591906
vt 0.154561 0.590016
vt 0.154562 0.590016
vt 0.154562 0.590016
vt 0.154561 0.590016
vt 0.096429 0.591906
vt 0.096429 0.591906
vt 0.030221 0.029548
vt 0.030221 0.029548
vt 0.030221 0.029548
vt 0.030221 0.029548
vt 0.096429 0.591906
vt 0.096429 0.591906
vt 0.096429 0.591906
vt 0.032154 0.594375
vt 0.032154 0.594375
vt 0.032154 0.594375
vt 0.032154 0.594375
vt 0.032154 0.594375
vt 0.096429 0.591906
vt 0.096429 0.591906
vt 0.032154 0.594375
vt 0.154562 0.590016
vt 0.096429 0.591906
vt 0.032154 0.594375
vt 0.032154 0.594375
vt 0.032154 0.594375
vt 0.032154 0.594375
vt 0.032154 0.594375
vt 0.032154 0.594375
vt 0.281264 0.593113
vt 0.281264 0.593113
vt 0.281264 0.593113
vt 0.281264 0.593113
vt 0.344990 0.594203
vt 0.344990 0.594203
vt 0.344990 0.594203
vt 0.344990 0.594203
vt 0.406498 0.594041
vt 0.406498 0.594041
vt 0.406498 0.594041
vt 0.406498 0.594041
vt 0.344990 0.594203
vt 0.344990 0.594203
vt 0.406498 0.594041
vt 0.406498 0.594041
vt 0.406498 0.594041
vt 0.406498 0.594041
vt 0.344990 0.594203
vt 0.406498 0.594041
vt 0.406498 0.594041
vt 0.406498 0.594041
vt 0.406498 0.594041
vt 0.281264 0.593113
vt 0.281264 0.593113
vt 0.281264 0.593113
vt 0.281264 0.593113
vt 0.344990 0.594203
vt 0.281264 0.593113
vt 0.281264 0.593113
vt 0.281264 0.593113
vt 0.281264 0.593113
vt 0.096429 0.591906
vt 0.096429 0.591906
vt 0.032154 0.594375
vt 0.154561 0.590016
vt 0.154562 0.590016
vt 0.154562 0.590016
vt 0.032154 0.594375
vt 0.032154 0.594375
vt 0.032154 0.594375
vt 0.032154 0.594375
vt 0.032154 0.594375
vt 0.032154 0.594375
vt 0.032154 0.594375
vt 0.096429 0.591906
vt 0.096429 0.591906
vt 0.096429 0.591906
vt 0.030221 0.029548
vt 0.030221 0.029548
vt 0.032154 0.594375
vt 0.032154 0.594375
vt 0.096429 0.591906
vt 0.096429 0.591906
vt 0.096429 0.591906
vt 0.096429 0.591906
vt 0.096429 0.591906
vt 0.096429 0.591906
vt 0.096429 0.591906
vt 0.096429 0.591906
vt 0.096429 0.591906
vt 0.096429 0.591906
vt 0.096429 0.591906
vt 0.281264 0.593113
vt 0.281264 0.593113
vt 0.030221 0.029548
vt 0.030221 0.029548
vt 0.096429 0.591906
vt 0.096429 0.591906
vt 0.154561 0.590016
vt 0.154561 0.590016
vt 0.154562 0.590016
vt 0.154562 0.590016
vt 0.096429 0.591906
vt 0.096429 0.591906
vt 0.030221 0.029548
vt 0.030221 0.029548
vt 0.030221 0.029548
vt 0.030221 0.029548
vt 0.096429 0.591906
vt 0.096429 0.591906
vt 0.096429 0.591906
vt 0.032154 0.594375
vt 0.032154 0.594375
vt 0.032154 0.594375
vt 0.096429 0.591906
vt 0.154562 0.590016
vt 0.096429 0.591906
vt 0.032154 0.594375
vt 0.032154 0.594375
vt 0.032154 0.594375
vt 0.281264 0.593113
vt 0.281264 0.593113
vt 0.344990 0.594203
vt 0.344990 0.594203
vt 0.344990 0.594203
vt 0.344990 0.594203
vt 0.406498 0.594041
vt 0.406498 0.594041
vt 0.344990 0.594203
vt 0.344990 0.594203
vt 0.406498 0.594041
vt 0.406498 0.594041
vt 0.344990 0.594203
vt 0.406498 0.594041
vt 0.406498 0.594041
vt 0.281264 0.593113
vt 0.281264 0.593113
vt 0.344990 0.594203
vt 0.281264 0.593113
vt 0.281264 0.593113
vt 0.096429 0.591906
vt 0.096429 0.591906
vt 0.096429 0.591906
vt 0.096429 0.591906
vt 0.032154 0.594375
vt 0.032154 0.594375
vt 0.032154 0.594375
vt 0.154561 0.590016
vt 0.154562 0.590016
vt 0.154562 0.590016
vt 0.032154 0.594375
vt 0.032154 0.594375
vt 0.032154 0.594375
vt 0.032154 0.594375
vt 0.032154 0.594375
vt 0.032154 0.594375
vt 0.032154 0.594375
vt 0.032154 0.594375
vt 0.032154 0.594375
vt 0.032154 0.594375
vt 0.032154 0.594375
vt 0.096429 0.591906
vt 0.096429 0.591906
vt 0.096429 0.591906
vt 0.030221 0.029548
vt 0.030221 0.029548
vt 0.030221 0.029548
vt 0.030221 0.029548
vt 0.032154 0.594375
vt 0.032154 0.594375
vt 0.032154 0.594375
vt 0.032154 0.594375
vt 0.096429 0.591906
vt 0.096429 0.591906
vt 0.096429 0.591906
vt 0.096429 0.591906
vt 0.096429 0.591906
vt 0.096429 0.591906
vt 0.096429 0.591906
vt 0.096429 0.591906
vt 0.096429 0.591906
vt 0.096429 0.591906
vt 0.096429 0.591906
vt 0.096429 0.591906
vt 0.096429 0.591906
vt 0.096429 0.591906
vt 0.096429 0.591906
vt 0.096429 0.591906
vt 0.030221 0.029548
vt 0.030221 0.029548
vt 0.030221 0.029548
vt 0.030221 0.029548
vt 0.096429 0.591906
vt 0.096429 0.591906
vt 0.096429 0.591906
vt 0.096429 0.591906
vt 0.096429 0.591906
vt 0.154561 0.590016
vt 0.154562 0.590016
vt 0.154562 0.590016
vt 0.096429 0.591906
vt 0.032154 0.594375
vt 0.032154 0.594375
vt 0.032154 0.594375
vt 0.032154 0.594375
vt 0.032154 0.594375
vt 0.032154 0.594375
vt 0.344990 0.594203
vt 0.344990 0.594203
vt 0.344990 0.594203
vt 0.344990 0.594203
vt 0.344990 0.594203
vt 0.344990 0.594203
vt 0.344990 0.594203
vt 0.344990 0.594203
vt 0.096429 0.591906
vt 0.032154 0.594375
vt 0.154562 0.590016
vt 0.032154 0.594375
vt 0.032154 0.594375
vt 0.032154 0.594375
vt 0.096429 0.591906
vt 0.030221 0.029548
vt 0.030221 0.029548
vt 0.032154 0.594375
vt 0.032154 0.594375
vt 0.096429 0.591906
vt 0.096429 0.591906
vt 0.096429 0.591906
vt 0.096429 0.591906
vt 0.096429 0.591906
vt 0.096429 0.591906
vt 0.096429 0.591906
vt 0.096429 0.591906
vt 0.096429 0.591906
vt 0.096429 0.591906
vt 0.096429 0.591906
vt 0.096429 0.591906
vt 0.030221 0.029548
vt 0.030221 0.029548
vt 0.030221 0.029548
vt 0.030221 0.029548
vt 0.096429 0.591906
vt 0.096429 0.591906
vt 0.096429 0.591906
vt 0.096429 0.591906
vt 0.154561 0.590016
vt 0.154562 0.590016
vt 0.154562 0.590016
vt 0.096429 0.591906
vt 0.032154 0.594375
vt 0.032154 0.594375
vt 0.032154 0.594375
vt 0.344990 0.594203
vt 0.096429 0.591906
vt 0.096429 0.591906
vt 0.096429 0.591906
vt 0.096429 0.591906
vt 0.032154 0.594375
vt 0.032154 0.594375
vt 0.032154 0.594375
vt 0.154562 0.590016
vt 0.032154 0.594375
vt 0.032154 0.594375
vt 0.032154 0.594375
vt 0.032154 0.594375
vt 0.032154 0.594375
vt 0.032154 0.594375
vt 0.032154 0.594375
vt 0.096429 0.591906
vt 0.030221 0.029548
vt 0.030221 0.029548
vt 0.030221 0.029548
vt 0.030221 0.029548
vt 0.032154 0.594375
vt 0.032154 0.594375
vt 0.032154 0.594375
vt 0.032154 0.594375
vt 0.096429 0.591906
vt 0.096429 0.591906
vt 0.096429 0.591906
vt 0.096429 0.591906
vt 0.096429 0.591906
vt 0.096429 0.591906
vt 0.096429 0.591906
vt 0.096429 0.591906
vt 0.096429 0.591906
vt 0.096429 0.591906
vt 0.096429 0.591906
vt 0.096429 0.591906
vt 0.096429 0.591906
vt 0.096429 0.591906
vt 0.096429 0.591906
vt 0.096429 0.591906
vt 0.281264 0.593113
vt 0.281264 0.593113
vt 0.281264 0.593113
vt 0.281264 0.593113
vt 0.030221 0.029548
vt 0.030221 0.029548
vt 0.030221 0.029548
vt 0.030221 0.029548
vt 0.096429 0.591906
vt 0.096429 0.591906
vt 0.154561 0.590016
vt 0.154562 0.590016
vt 0.154562 0.590016
vt 0.154561 0.590016
vt 0.096429 0.591906
vt 0.030221 0.029548
vt 0.030221 0.029548
vt 0.030221 0.029548
vt 0.030221 0.029548
vt 0.096429 0.591906
vt 0.096429 0.591906
vt 0.096429 0.591906
vt 0.032154 0.594375
vt 0.032154 0.594375
vt 0.032154 0.594375
vt 0.032154 0.594375
vt 0.032154 0.594375
vt 0.096429 0.591906
vt 0.096429 0.591906
vt 0.032154 0.594375
vt 0.154562 0.590016
vt 0.096429 0.591906
vt 0.032154 0.594375
vt 0.032154 0.594375
vt 0.032154 0.594375
vt 0.032154 0.594375
vt 0.032154 0.594375
vt 0.032154 0.594375
vt 0.344990 0.594203
vt 0.344990 0.594203
vt 0.344990 0.594203
vt 0.344990 0.594203
vt 0.344990 0.594203
vt 0.344990 0.594203
vt 0.344990 0.594203
vt 0.344990 0.594203
vt 0.096429 0.591906
vt 0.096429 0.591906
vt 0.032154 0.594375
vt 0.154561 0.590016
vt 0.154562 0.590016
vt 0.154562 0.590016
vt 0.032154 0.594375
vt 0.032154 0.594375
vt 0.032154 0.594375
vt 0.096429 0.591906
vt 0.096429 0.591906
vt 0.030221 0.029548
vt 0.030221 0.029548
vt 0.032154 0.594375
vt 0.032154 0.594375
vt 0.096429 0.591906
vt 0.096429 0.591906
vt 0.096429 0.591906
vt 0.096429 0.591906
vt 0.096429 0.591906
vt 0.096429 0.591906
vt 0.096429 0.591906
vt 0.096429 0.591906
vt 0.096429 0.591906
vt 0.096429 0.591906
vt 0.096429 0.591906
vt 0.281264 0.593113
vt 0.281264 0.593113
vt 0.030221 0.029548
vt 0.030221 0.029548
vt 0.096429 0.591906
vt 0.096429 0.591906
vt 0.154561 0.590016
vt 0.154561 0.590016
vt 0.154562 0.590016
vt 0.154562 0.590016
vt 0.096429 0.591906
vt 0.096429 0.591906
vt 0.030221 0.029548
vt 0.030221 0.029548
vt 0.030221 0.029548
vt 0.030221 0.029548
vt 0.096429 0.591906
vt 0.096429 0.591906
vt 0.096429 0.591906
vt 0.032154 0.594375
vt 0.032154 0.594375
vt 0.032154 0.594375
vt 0.096429 0.591906
vt 0.154562 0.590016
vt 0.096429 0.591906
vt 0.032154 0.594375
vt 0.032154 0.594375
vt 0.032154 0.594375
vt 0.344990 0.594203
vt 0.344990 0.594203
vt 0.344990 0.594203
vt 0.344990 0.594203
vt 0.344990 0.594203
vt 0.344990 0.594203
vt 0.344990 0.594203
vt 0.032154 0.594375
vt 0.032154 0.594375
vt 0.032154 0.594375
vt 0.032154 0.594375
vt 0.154561 0.590016
vt 0.154562 0.590016
vt 0.096429 0.591906
vt 0.096429 0.591906
vt 0.344990 0.594203
vt 0.344990 0.594203
vt 0.096429 0.591906
vt 0.344990 0.594203
vt 0.154562 0.590016
vt 0.154561 0.590016
vt 0.096429 0.591906
vt 0.096429 0.591906
vt 0.032154 0.594375
vt 0.032154 0.594375
vt 0.096429 0.591906
vt 0.032154 0.594375
vt 0.032154 0.594375
vt 0.344990 0.594203
vt 0.344990 0.594203
vt 0.032154 0.594375
vt 0.096429 0.591906
vt 0.096429 0.591906
vt 0.096429 0.591906
vt 0.096429 0.591906
vt 0.344990 0.594203
vt 0.096429 0.591906
vt 0.096429 0.591906
vt 0.030221 0.029548
vt 0.030221 0.029548
vt 0.030221 0.029548
vt 0.030221 0.029548
vt 0.096429 0.591906
vt 0.096429 0.591906
vt 0.096429 0.591905
vt 0.096429 0.591905
vt 0.096429 0.591905
vt 0.096429 0.591905
vt 0.096429 0.591905
vt 0.096429 0.591905
vt 0.096429 0.591906
vt 0.096429 0.591906
vt 0.032154 0.594375
vt 0.032154 0.594375
vt 0.032154 0.594375
vt 0.032154 0.594375
vt 0.032154 0.594375
vt 0.032154 0.594375
vt 0.032154 0.594375
vt 0.032154 0.594375
vt 0.032154 0.594374
vt 0.032154 0.594374
vt 0.032154 0.594375
vt 0.032154 0.594375
vt 0.032154 0.594375
vt 0.032154 0.594375
vt 0.096429 0.591906
vt 0.096429 0.591905
vt 0.096429 0.591905
vt 0.096429 0.591906
vt 0.032154 0.594375
vt 0.032154 0.594375
vt 0.096430 0.591905
vt 0.096430 0.591906
vt 0.096429 0.591905
vt 0.096429 0.591905
vt 0.032154 0.594375
vt 0.032154 0.594375
vt 0.032154 0.594375
vt 0.032154 0.594375
vt 0.530756 0.592184
vt 0.530756 0.592184
vt 0.530756 0.592184
vt 0.530756 0.592184
vt 0.530756 0.592184
vt 0.530756 0.592184
vt 0.530756 0.592184
vt 0.530756 0.592184
vt 0.530756 0.592184
vt 0.530756 0.592184
vt 0.530756 0.592184
vt 0.530756 0.592184
vt 0.530756 0.592184
vt 0.530756 0.592184
vt 0.530756 0.592184
vt 0.530756 0.592184
vt 0.530756 0.592184
vt 0.530756 0.592184
vt 0.530756 0.592184
vt 0.530756 0.592184
vt 0.530756 0.592184
vt 0.530756 0.592184
vt 0.530756 0.592184
vt 0.530756 0.592184
vt 0.530756 0.592184
vt 0.530756 0.592184
vt 0.530756 0.592184
vt 0.530756 0.592184
vt 0.530756 0.592184
vt 0.530756 0.592184
vt 0.530756 0.592184
vt 0.530756 0.592184
vt 0.530756 0.592184
vt 0.530756 0.592184
vt 0.530756 0.592184
vt 0.530756 0.592184
vt 0.530756 0.592184
vt 0.530756 0.592184
vt 0.530756 0.592184
vt 0.530756 0.592184
vt 0.530756 0.592184
vt 0.530756 0.592184
vt 0.530756 0.592184
vt 0.530756 0.592184
vt 0.530756 0.592184
vt 0.530756 0.592184
vt 0.530756 0.592184
vt 0.530756 0.592184
vt 0.530756 0.592184
vt 0.530756 0.592184
vt 0.530756 0.592184
vt 0.530756 0.592184
vt 0.530756 0.592184
vt 0.530756 0.592184
vt 0.530756 0.592184
vt 0.530756 0.592184
vt 0.530756 0.592184
vt 0.530756 0.592184
vt 0.530756 0.592184
vt 0.530756 0.592184
vt 0.530756 0.592184
vt 0.530756 0.592184
vt 0.530756 0.592184
vt 0.530756 0.592184
vt 0.530756 0.592184
vt 0.530756 0.592184
vt 0.530756 0.592184
vt 0.530756 0.592184
vt 0.530756 0.592184
vt 0.530756 0.592184
vt 0.530756 0.592184
vt 0.530756 0.592184
vt 0.530756 0.592184
vt 0.530756 0.592184
vt 0.530756 0.592184
vt 0.530756 0.592184
vt 0.530756 0.592184
vt 0.530756 0.592184
vt 0.530756 0.592184
vt 0.530756 0.592184
vt 0.344727 0.408555
vt 0.344727 0.408555
vt 0.344727 0.408555
vt 0.344727 0.408555
vt 0.344727 0.408555
vt 0.344727 0.408555
vt 0.344727 0.408555
vt 0.344727 0.408555
vt 0.344727 0.408555
vt 0.344727 0.408555
vt 0.344727 0.408555
vt 0.344727 0.408555
vt 0.344727 0.408555
vt 0.344727 0.408555
vt 0.344727 0.408555
vt 0.344727 0.408555
vt 0.344727 0.408555
vt 0.344727 0.408555
vt 0.344727 0.408555
vt 0.344727 0.408555
vt 0.344727 0.408555
vt 0.344727 0.408555
vt 0.344727 0.408555
vt 0.344727 0.408555
vt 0.344727 0.408555
vt 0.344727 0.408555
vt 0.344727 0.408555
vt 0.344727 0.408555
vt 0.344727 0.408555
vt 0.344727 0.408555
vt 0.344727 0.408555
vt 0.344727 0.408555
vt 0.344727 0.408555
vt 0.344727 0.408555
vt 0.344727 0.408555
vt 0.344727 0.408555
vt 0.344727 0.408555
vt 0.344727 0.408555
vt 0.344727 0.408555
vt 0.344727 0.408555
vt 0.344727 0.408555
vt 0.344727 0.408555
vt 0.344727 0.408555
vt 0.344727 0.408555
vt 0.344727 0.408555
vt 0.344727 0.408555
vt 0.344727 0.408555
vt 0.344727 0.408555
vt 0.344727 0.408555
vt 0.344727 0.408555
vt 0.344727 0.408555
vt 0.344727 0.408555
vt 0.344727 0.408555
vt 0.344727 0.408555
vt 0.344727 0.408555
vt 0.344727 0.408555
vt 0.344727 0.408555
vt 0.344727 0.408555
vt 0.344727 0.408555
vt 0.344727 0.408555
vt 0.344727 0.408555
vt 0.344727 0.408555
vt 0.344727 0.408555
vt 0.344727 0.408555
vt 0.344727 0.408555
vt 0.344727 0.408555
vt 0.344727 0.408555
vt 0.344727 0.408555
vt 0.344727 0.408555
vt 0.344727 0.408555
vt 0.344727 0.408555
vt 0.344727 0.408555
vt 0.344727 0.408555
vt 0.344727 0.408555
vt 0.344727 0.408555
vt 0.344727 0.408555
vt 0.344727 0.408555
vt 0.344727 0.408555
vt 0.344727 0.408555
vt 0.344727 0.408555
vt 0.344727 0.408555
vt 0.344727 0.408555
vt 0.344727 0.408555
vt 0.344727 0.408555
vt 0.344727 0.408555
vt 0.344727 0.408555
vt 0.344727 0.408555
vt 0.344727 0.408555
vt 0.344727 0.408555
vt 0.344727 0.408555
vt 0.344727 0.408555
vt 0.344727 0.408555
vt 0.344727 0.408555
vt 0.344727 0.408555
vt 0.344727 0.408555
vt 0.344727 0.408555
vt 0.344727 0.408555
vt 0.344727 0.408555
vt 0.344727 0.408555
vt 0.344727 0.408555
vt 0.344727 0.408555
vt 0.344727 0.408555
vt 0.344727 0.408555
vt 0.344727 0.408555
vt 0.344727 0.408555
vt 0.344727 0.408555
vt 0.344727 0.408555
vt 0.344727 0.408555
vt 0.344727 0.408555
vt 0.344727 0.408555
vt 0.344727 0.408555
vt 0.344727 0.408555
vt 0.344727 0.408555
vt 0.344727 0.408555
vt 0.344727 0.408555
vt 0.344727 0.408555
vt 0.344727 0.408555
vt 0.344727 0.408555
vt 0.344727 0.408555
vt 0.344727 0.408555
vt 0.344727 0.408555
vt 0.344727 0.408555
vt 0.344727 0.408555
vt 0.344727 0.408555
vt 0.344727 0.408555
vt 0.344727 0.408555
vt 0.344727 0.408555
vt 0.344727 0.408555
vt 0.344727 0.408555
vt 0.344727 0.408555
vt 0.344727 0.408555
vt 0.344727 0.408555
vt 0.344727 0.408555
vt 0.344727 0.408555
vt 0.344727 0.408555
vt 0.344727 0.408555
vt 0.344727 0.408555
vt 0.344727 0.408555
vt 0.344727 0.408555
vt 0.344727 0.408555
vt 0.344727 0.408555
vt 0.344727 0.408555
vt 0.344727 0.408555
vt 0.344727 0.408555
vt 0.344727 0.408555
vt 0.344727 0.408555
vt 0.344727 0.408555
vt 0.344727 0.408555
vt 0.657030 0.593588
vt 0.657030 0.593588
vt 0.657030 0.593588
vt 0.657030 0.593588
vt 0.657030 0.593588
vt 0.657030 0.593588
vt 0.657030 0.593588
vt 0.657030 0.593588
vt 0.657030 0.593588
vt 0.657030 0.593588
vt 0.657030 0.593588
vt 0.657030 0.593588
vt 0.657030 0.593588
vt 0.657030 0.593588
vt 0.716717 0.592823
vt 0.716717 0.592823
vt 0.716717 0.592823
vt 0.716717 0.592823
vt 0.657030 0.593588
vt 0.657030 0.593588
vt 0.657030 0.593588
vt 0.657030 0.593588
vt 0.718628 0.591962
vt 0.718628 0.591962
vt 0.718628 0.591962
vt 0.718628 0.591962
vt 0.716717 0.592823
vt 0.716717 0.592823
vt 0.716717 0.592823
vt 0.716717 0.592823
vt 0.657030 0.593588
vt 0.657030 0.593588
vt 0.657030 0.593588
vt 0.657030 0.593588
vt 0.718628 0.591962
vt 0.718628 0.591962
vt 0.718628 0.591962
vt 0.718628 0.591962
vt 0.716717 0.592823
vt 0.716717 0.592823
vt 0.716717 0.592823
vt 0.716717 0.592823
vt 0.657030 0.593588
vt 0.657030 0.593588
vt 0.657030 0.593588
vt 0.657030 0.593588
vt 0.718628 0.591962
vt 0.718628 0.591962
vt 0.718628 0.591962
vt 0.718628 0.591962
vt 0.716717 0.592823
vt 0.716717 0.592823
vt 0.716717 0.592823
vt 0.716717 0.592823
vt 0.657030 0.593588
vt 0.657030 0.593588
vt 0.657030 0.593588
vt 0.657030 0.593588
vt 0.718628 0.591962
vt 0.718628 0.591962
vt 0.718628 0.591962
vt 0.718628 0.591962
vt 0.716717 0.592823
vt 0.716717 0.592823
vt 0.716717 0.592823
vt 0.716717 0.592823
vt 0.657030 0.593588
vt 0.657030 0.593588
vt 0.657030 0.593588
vt 0.657030 0.593588
vt 0.718628 0.591962
vt 0.718628 0.591962
vt 0.718628 0.591962
vt 0.718628 0.591962
vt 0.716717 0.592823
vt 0.716717 0.592823
vt 0.716717 0.592823
vt 0.716717 0.592823
vt 0.657030 0.593588
vt 0.657030 0.593588
vt 0.657030 0.593588
vt 0.657030 0.593588
vt 0.718628 0.591962
vt 0.718628 0.591962
vt 0.718628 0.591962
vt 0.718628 0.591962
vt 0.716717 0.592823
vt 0.716717 0.592823
vt 0.716717 0.592823
vt 0.716717 0.592823
vt 0.657030 0.593588
vt 0.657030 0.593588
vt 0.657030 0.593588
vt 0.657030 0.593588
vt 0.718628 0.591962
vt 0.718628 0.591962
vt 0.718628 0.591962
vt 0.718628 0.591962
vt 0.716717 0.592823
vt 0.716717 0.592823
vt 0.716717 0.592823
vt 0.716717 0.592823
vt 0.657030 0.593588
vt 0.657030 0.593588
vt 0.657030 0.593588
vt 0.657030 0.593588
vt 0.718628 0.591962
vt 0.718628 0.591962
vt 0.718628 0.591962
vt 0.718628 0.591962
vt 0.716717 0.592823
vt 0.716717 0.592823
vt 0.716717 0.592823
vt 0.716717 0.592823
vt 0.657030 0.593588
vt 0.657030 0.593588
vt 0.657030 0.593588
vt 0.657030 0.593588
vt 0.718628 0.591962
vt 0.718628 0.591962
vt 0.718628 0.591962
vt 0.718628 0.591962
vt 0.716717 0.592823
vt 0.716717 0.592823
vt 0.716717 0.592823
vt 0.716717 0.592823
vt 0.657030 0.593588
vt 0.657030 0.593588
vt 0.657030 0.593588
vt 0.657030 0.593588
vt 0.718628 0.591962
vt 0.718628 0.591962
vt 0.718628 0.591962
vt 0.718628 0.591962
vt 0.716717 0.592823
vt 0.716717 0.592823
vt 0.716717 0.592823
vt 0.716717 0.592823
vt 0.657030 0.593588
vt 0.657030 0.593588
vt 0.657030 0.593588
vt 0.657030 0.593588
vt 0.718628 0.591962
vt 0.718628 0.591962
vt 0.718628 0.591962
vt 0.718628 0.591962
vt 0.716717 0.592823
vt 0.716717 0.592823
vt 0.716717 0.592823
vt 0.716717 0.592823
vt 0.657030 0.593588
vt 0.657030 0.593588
vt 0.657030 0.593588
vt 0.657030 0.593588
vt 0.718628 0.591962
vt 0.718628 0.591962
vt 0.718628 0.591962
vt 0.718628 0.591962
vt 0.716717 0.592823
vt 0.716717 0.592823
vt 0.716717 0.592823
vt 0.716717 0.592823
vt 0.657030 0.593588
vt 0.657030 0.593588
vt 0.657030 0.593588
vt 0.657030 0.593588
vt 0.718628 0.591962
vt 0.718628 0.591962
vt 0.718628 0.591962
vt 0.718628 0.591962
vt 0.716717 0.592823
vt 0.716717 0.592823
vt 0.716717 0.592823
vt 0.716717 0.592823
vt 0.657030 0.593588
vt 0.657030 0.593588
vt 0.657030 0.593588
vt 0.657030 0.593588
vt 0.718628 0.591962
vt 0.718628 0.591962
vt 0.718628 0.591962
vt 0.718628 0.591962
vt 0.716717 0.592823
vt 0.716717 0.592823
vt 0.716717 0.592823
vt 0.716717 0.592823
vt 0.657030 0.593588
vt 0.657030 0.593588
vt 0.657030 0.593588
vt 0.657030 0.593588
vt 0.718628 0.591962
vt 0.718628 0.591962
vt 0.718628 0.591962
vt 0.718628 0.591962
vt 0.716717 0.592823
vt 0.716717 0.592823
vt 0.716717 0.592823
vt 0.716717 0.592823
vt 0.657030 0.593588
vt 0.657030 0.593588
vt 0.657030 0.593588
vt 0.657030 0.593588
vt 0.718628 0.591962
vt 0.718628 0.591962
vt 0.718628 0.591962
vt 0.718628 0.591962
vt 0.716717 0.592823
vt 0.716717 0.592823
vt 0.716717 0.592823
vt 0.716717 0.592823
vt 0.657030 0.593588
vt 0.657030 0.593588
vt 0.657030 0.593588
vt 0.657030 0.593588
vt 0.718628 0.591962
vt 0.718628 0.591962
vt 0.718628 0.591962
vt 0.718628 0.591962
vt 0.716717 0.592823
vt 0.716717 0.592823
vt 0.716717 0.592823
vt 0.716717 0.592823
vt 0.657030 0.593588
vt 0.657030 0.593588
vt 0.657030 0.593588
vt 0.657030 0.593588
vt 0.718628 0.591962
vt 0.718628 0.591962
vt 0.718628 0.591962
vt 0.718628 0.591962
vt 0.716717 0.592823
vt 0.716717 0.592823
vt 0.716717 0.592823
vt 0.716717 0.592823
vt 0.657030 0.593588
vt 0.657030 0.593588
vt 0.657030 0.593588
vt 0.657030 0.593588
vt 0.718628 0.591962
vt 0.718628 0.591962
vt 0.718628 0.591962
vt 0.718628 0.591962
vt 0.716717 0.592823
vt 0.716717 0.592823
vt 0.716717 0.592823
vt 0.716717 0.592823
vt 0.657030 0.593588
vt 0.657030 0.593588
vt 0.657030 0.593588
vt 0.657030 0.593588
vt 0.718628 0.591962
vt 0.718628 0.591962
vt 0.718628 0.591962
vt 0.718628 0.591962
vt 0.716717 0.592823
vt 0.716717 0.592823
vt 0.716717 0.592823
vt 0.716717 0.592823
vt 0.657030 0.593588
vt 0.657030 0.593588
vt 0.657030 0.593588
vt 0.657030 0.593588
vt 0.718628 0.591962
vt 0.718628 0.591962
vt 0.718628 0.591962
vt 0.718628 0.591962
vt 0.716717 0.592823
vt 0.716717 0.592823
vt 0.716717 0.592823
vt 0.716717 0.592823
vt 0.657030 0.593588
vt 0.657030 0.593588
vt 0.657030 0.593588
vt 0.657030 0.593588
vt 0.718628 0.591962
vt 0.718628 0.591962
vt 0.718628 0.591962
vt 0.718628 0.591962
vt 0.716717 0.592823
vt 0.716717 0.592823
vt 0.716717 0.592823
vt 0.716717 0.592823
vt 0.657030 0.593588
vt 0.657030 0.593588
vt 0.657030 0.593588
vt 0.657030 0.593588
vt 0.718628 0.591962
vt 0.718628 0.591962
vt 0.718628 0.591962
vt 0.718628 0.591962
vt 0.716717 0.592823
vt 0.716717 0.592823
vt 0.716717 0.592823
vt 0.716717 0.592823
vt 0.657030 0.593588
vt 0.657030 0.593588
vt 0.657030 0.593588
vt 0.657030 0.593588
vt 0.718628 0.591962
vt 0.718628 0.591962
vt 0.718628 0.591962
vt 0.718628 0.591962
vt 0.716717 0.592823
vt 0.716717 0.592823
vt 0.716717 0.592823
vt 0.716717 0.592823
vt 0.657030 0.593588
vt 0.657030 0.593588
vt 0.657030 0.593588
vt 0.657030 0.593588
vt 0.718628 0.591962
vt 0.718628 0.591962
vt 0.718628 0.591962
vt 0.718628 0.591962
vt 0.716717 0.592823
vt 0.716717 0.592823
vt 0.716717 0.592823
vt 0.716717 0.592823
vt 0.657030 0.593588
vt 0.657030 0.593588
vt 0.657030 0.593588
vt 0.657030 0.593588
vt 0.718628 0.591962
vt 0.718628 0.591962
vt 0.718628 0.591962
vt 0.718628 0.591962
vt 0.716717 0.592823
vt 0.716717 0.592823
vt 0.716717 0.592823
vt 0.716717 0.592823
vt 0.657030 0.593588
vt 0.657030 0.593588
vt 0.657030 0.593588
vt 0.657030 0.593588
vt 0.657030 0.593588
vt 0.657030 0.593588
vt 0.653938 0.593662
vt 0.653938 0.593662
vt 0.653938 0.593662
vt 0.653938 0.593662
vt 0.657030 0.593588
vt 0.657030 0.593588
vt 0.657030 0.593588
vt 0.657030 0.593588
vt 0.657030 0.593588
vt 0.657030 0.593588
vt 0.217813 0.593750
vt 0.217813 0.593750
vt 0.217813 0.593750
vt 0.217813 0.593750
vt 0.217813 0.593750
vt 0.217813 0.593750
vt 0.217813 0.593750
vt 0.217813 0.593750
vt 0.217813 0.593750
vt 0.217813 0.593750
vt 0.217813 0.593750
vt 0.217813 0.593750
vt 0.217813 0.593750
vt 0.217813 0.593750
vt 0.217813 0.593750
vt 0.217813 0.593750
vt 0.217813 0.593750
vt 0.217813 0.593750
vt 0.217813 0.593750
vt 0.217813 0.593750
vt 0.217813 0.593750
vt 0.217813 0.593750
vt 0.217813 0.593750
vt 0.217813 0.593750
vt 0.217813 0.593750
vt 0.217813 0.593750
vt 0.217813 0.593750
vt 0.217813 0.593750
vt 0.217813 0.593750
vt 0.217813 0.593750
vt 0.217813 0.593750
vt 0.217813 0.593750
vt 0.217813 0.593750
vt 0.217813 0.593750
vt 0.217813 0.593750
vt 0.217813 0.593750
vt 0.217813 0.593750
vt 0.217813 0.593750
vt 0.217813 0.593750
vt 0.217813 0.593750
vt 0.217813 0.593750
vt 0.217813 0.593750
vt 0.217813 0.593750
vt 0.217813 0.593750
vt 0.217813 0.593750
vt 0.217813 0.593750
vt 0.217813 0.593750
vt 0.217813 0.593750
vt 0.217813 0.593750
vt 0.217813 0.593750
vt 0.217813 0.593750
vt 0.217813 0.593750
vt 0.217813 0.593750
vt 0.217813 0.593750
vt 0.217813 0.593750
vt 0.217813 0.593750
vt 0.217813 0.593750
vt 0.217813 0.593750
vt 0.217813 0.593750
vt 0.217813 0.593750
vt 0.217813 0.593750
vt 0.217813 0.593750
vt 0.217813 0.593750
vt 0.217813 0.593750
vt 0.217813 0.593750
vt 0.217813 0.593750
vt 0.217813 0.593750
vt 0.217813 0.593750
vt 0.217813 0.593750
vt 0.217813 0.593750
vt 0.217813 0.593750
vt 0.217813 0.593750
vt 0.217813 0.593750
vt 0.217813 0.593750
vt 0.217813 0.593750
vt 0.217813 0.593750
vt 0.217813 0.593750
vt 0.217813 0.593750
vt 0.217813 0.593750
vt 0.217813 0.593750
vt 0.217813 0.593750
vt 0.217813 0.593750
vt 0.217813 0.593750
vt 0.217813 0.593750
vt 0.217813 0.593750
vt 0.217813 0.593750
vt 0.217813 0.593750
vt 0.217813 0.593750
vt 0.217813 0.593750
vt 0.217813 0.593750
vt 0.217813 0.593750
vt 0.217813 0.593750
vt 0.217813 0.593750
vt 0.217813 0.593750
vt 0.217813 0.593750
vt 0.217813 0.593750
vt 0.217813 0.593750
vt 0.217813 0.593750
vt 0.217813 0.593750
vt 0.217813 0.593750
vt 0.217813 0.593750
vt 0.217813 0.593750
vt 0.217813 0.593750
vt 0.217813 0.593750
vt 0.217813 0.593750
vt 0.217813 0.593750
vt 0.217813 0.593750
vt 0.217813 0.593750
vt 0.217813 0.593750
vt 0.217813 0.593750
vt 0.217813 0.593750
vt 0.217813 0.593750
vt 0.217813 0.593750
vt 0.217813 0.593750
vt 0.217813 0.593750
vt 0.217813 0.593750
vt 0.217813 0.593750
vt 0.217813 0.593750
vt 0.217813 0.593750
vt 0.217813 0.593750
vt 0.217813 0.593750
vt 0.217813 0.593750
vt 0.217813 0.593750
vt 0.217813 0.593750
vt 0.217813 0.593750
vt 0.217813 0.593750
vt 0.217813 0.593750
vt 0.217813 0.593750
vt 0.217813 0.593750
vt 0.217813 0.593750
vt 0.217813 0.593750
vt 0.217813 0.593750
vt 0.217813 0.593750
vt 0.217813 0.593750
vt 0.217813 0.593750
vt 0.217813 0.593750
vt 0.217813 0.593750
vt 0.217813 0.593750
vt 0.217813 0.593750
vt 0.217813 0.593750
vt 0.217813 0.593750
vt 0.217813 0.593750
vt 0.217813 0.593750
vt 0.217813 0.593750
vt 0.217813 0.593750
vt 0.217813 0.593750
vt 0.217813 0.593750
vt 0.217813 0.593750
vt 0.217813 0.593750
vt 0.217813 0.593750
vt 0.217813 0.593750
vt 0.217813 0.593750
vt 0.217813 0.593750
vt 0.217813 0.593750
vt 0.217813 0.593750
vt 0.217813 0.593750
vt 0.217813 0.593750
vt 0.217813 0.593750
vt 0.217813 0.593750
vt 0.217813 0.593750
vt 0.217813 0.593750
vt 0.217813 0.593750
vt 0.217813 0.593750
vt 0.217813 0.593750
vt 0.217813 0.593750
vt 0.217813 0.593750
vt 0.217813 0.593750
vt 0.217813 0.593750
vt 0.217813 0.593750
vt 0.217813 0.593750
vt 0.217813 0.593750
vt 0.217813 0.593750
vt 0.217813 0.593750
vt 0.217813 0.593750
vt 0.217813 0.593750
vt 0.217813 0.593750
vt 0.217813 0.593750
vt 0.217813 0.593750
vt 0.217813 0.593750
vt 0.217813 0.593750
vt 0.217813 0.593750
vt 0.217813 0.593750
vt 0.217813 0.593750
vt 0.217813 0.593750
vt 0.217813 0.593750
vt 0.217813 0.593750
vt 0.217813 0.593750
vt 0.217813 0.593750
vt 0.217813 0.593750
vt 0.217813 0.593750
vt 0.217813 0.593750
vt 0.217813 0.593750
vt 0.217813 0.593750
vt 0.217813 0.593750
vt 0.217813 0.593750
vt 0.217813 0.593750
vt 0.217813 0.593750
vt 0.217813 0.593750
vt 0.217813 0.593750
vt 0.217813 0.593750
vt 0.217813 0.593750
vt 0.217813 0.593750
vt 0.217813 0.593750
vt 0.217813 0.593750
vt 0.217813 0.593750
vt 0.217813 0.593750
vt 0.217813 0.593750
vt 0.217813 0.593750
vt 0.217813 0.593750
vt 0.217813 0.593750
vt 0.217813 0.593750
vt 0.217813 0.593750
vt 0.217813 0.593750
vt 0.217813 0.593750
vt 0.217813 0.593750
vt 0.217813 0.593750
vt 0.217813 0.593750
vt 0.217813 0.593750
vt 0.217813 0.593750
vt 0.217813 0.593750
vt 0.217813 0.593750
vt 0.217813 0.593750
vt 0.217813 0.593750
vt 0.217813 0.593750
vt 0.217813 0.593750
vt 0.217813 0.593750
vt 0.217813 0.593750
vt 0.217813 0.593750
vt 0.217813 0.593750
vt 0.217813 0.593750
vt 0.217813 0.593750
vt 0.217813 0.593750
vt 0.217813 0.593750
vt 0.217813 0.593750
vt 0.217813 0.593750
vt 0.217813 0.593750
vt 0.217813 0.593750
vt 0.217813 0.593750
vt 0.217813 0.593750
vt 0.217813 0.593750
vt 0.217813 0.593750
vt 0.217813 0.593750
vt 0.217813 0.593750
vt 0.217813 0.593750
vt 0.217813 0.593750
vt 0.217813 0.593750
vt 0.217813 0.593750
vt 0.217813 0.593750
vt 0.217813 0.593750
vt 0.217813 0.593750
vt 0.217813 0.593750
vt 0.217813 0.593750
vt 0.217813 0.593750
vt 0.217813 0.593750
vt 0.217813 0.593750
vt 0.217813 0.593750
vt 0.217813 0.593750
vt 0.217813 0.593750
vt 0.217813 0.593750
vt 0.217813 0.593750
vt 0.217813 0.593750
vt 0.217813 0.593750
vt 0.217813 0.593750
vt 0.217813 0.593750
vt 0.217813 0.593750
vt 0.217813 0.593750
vt 0.217813 0.593750
vt 0.217813 0.593750
vt 0.217813 0.593750
vt 0.217813 0.593750
vt 0.217813 0.593750
vt 0.217813 0.593750
vt 0.217813 0.593750
vt 0.217813 0.593750
vt 0.217813 0.593750
vt 0.217813 0.593750
vt 0.217813 0.593750
vt 0.217813 0.593750
vt 0.217813 0.593750
vt 0.217813 0.593750
vt 0.217813 0.593750
vt 0.217813 0.593750
vt 0.217813 0.593750
vt 0.217813 0.593750
vt 0.217813 0.593750
vt 0.217813 0.593750
vt 0.217813 0.593750
vt 0.217813 0.593750
vt 0.217813 0.593750
vt 0.217813 0.593750
vt 0.217813 0.593750
vt 0.217813 0.593750
vt 0.217813 0.593750
vt 0.217813 0.593750
vt 0.217813 0.593750
vt 0.217813 0.593750
vt 0.217813 0.593750
vt 0.217813 0.593750
vt 0.217813 0.593750
vt 0.217813 0.593750
vt 0.217813 0.593750
vt 0.217813 0.593750
vt 0.217813 0.593750
vt 0.217813 0.593750
vt 0.217813 0.593750
vt 0.217813 0.593750
vt 0.217813 0.593750
vt 0.217813 0.593750
vt 0.217813 0.593750
vt 0.217813 0.593750
vt 0.217813 0.593750
vt 0.217813 0.593750
vt 0.217813 0.593750
vt 0.217813 0.593750
vt 0.217813 0.593750
vt 0.217813 0.593750
vt 0.217813 0.593750
vt 0.217813 0.593750
vt 0.217813 0.593750
vt 0.217813 0.593750
vt 0.217813 0.593750
vt 0.217813 0.593750
vt 0.217813 0.593750
vt 0.217813 0.593750
vt 0.217813 0.593750
vt 0.217813 0.593750
vt 0.217813 0.593750
vt 0.217813 0.593750
vt 0.217813 0.593750
vt 0.217813 0.593750
vt 0.217813 0.593750
vt 0.217813 0.593750
vt 0.217813 0.593750
vt 0.217813 0.593750
vt 0.217813 0.593750
vt 0.217813 0.593750
vt 0.217813 0.593750
vt 0.217813 0.593750
vt 0.217813 0.593750
vt 0.217813 0.593750
vt 0.217813 0.593750
vt 0.217813 0.593750
vt 0.217813 0.593750
vt 0.217813 0.593750
vt 0.217813 0.593750
vt 0.217813 0.593750
vt 0.217813 0.593750
vt 0.217813 0.593750
vt 0.217813 0.593750
vt 0.217813 0.593750
vt 0.217813 0.593750
vt 0.217813 0.593750
vt 0.217813 0.593750
vt 0.217813 0.593750
vt 0.217813 0.593750
vt 0.217813 0.593750
vt 0.217813 0.593750
vt 0.217813 0.593750
vt 0.217813 0.593750
vt 0.217813 0.593750
vt 0.217813 0.593750
vt 0.217813 0.593750
vt 0.217813 0.593750
vt 0.217813 0.593750
vt 0.217813 0.593750
vt 0.217813 0.593750
vt 0.217813 0.593750
vt 0.217813 0.593750
vt 0.217813 0.593750
vt 0.217813 0.593750
vt 0.217813 0.593750
vt 0.217813 0.593750
vt 0.217813 0.593750
vt 0.217813 0.593750
vt 0.217813 0.593750
vt 0.217813 0.593750
vt 0.217813 0.593750
vt 0.217813 0.593750
vt 0.217813 0.593750
vt 0.217813 0.593750
vt 0.217813 0.593750
vt 0.217813 0.593750
vt 0.217813 0.593750
vt 0.217813 0.593750
vt 0.217813 0.593750
vt 0.217813 0.593750
vt 0.217813 0.593750
vt 0.217813 0.593750
vt 0.217813 0.593750
vt 0.217813 0.593750
vt 0.217813 0.593750
vt 0.217813 0.593750
vt 0.217813 0.593750
vt 0.217813 0.593750
vt 0.217813 0.593750
vt 0.217813 0.593750
vt 0.217813 0.593750
vt 0.217813 0.593750
vt 0.217813 0.593750
vt 0.217813 0.593750
vt 0.217813 0.593750
vt 0.217813 0.593750
vt 0.217813 0.593750
vt 0.217813 0.593750
vt 0.217813 0.593750
vt 0.217813 0.593750
vt 0.217813 0.593750
vt 0.217813 0.593750
vt 0.217813 0.593750
vt 0.217813 0.593750
vt 0.217813 0.593750
vt 0.217813 0.593750
vt 0.217813 0.593750
vt 0.217813 0.593750
vt 0.217813 0.593750
vt 0.217813 0.593750
vt 0.217813 0.593750
vt 0.217813 0.593750
vt 0.217813 0.593750
vt 0.217813 0.593750
vt 0.217813 0.593750
vt 0.217813 0.593750
vt 0.217813 0.593750
vt 0.217813 0.593750
vt 0.217813 0.593750
vt 0.217813 0.593750
vt 0.217813 0.593750
vt 0.217813 0.593750
vt 0.217813 0.593750
vt 0.217813 0.593750
vt 0.217813 0.593750
vt 0.217813 0.593750
vt 0.217813 0.593750
vt 0.217813 0.593750
vt 0.217813 0.593750
vt 0.217813 0.593750
vt 0.217813 0.593750
vt 0.217813 0.593750
vt 0.217813 0.593750
vt 0.217813 0.593750
vt 0.217813 0.593750
vt 0.217813 0.593750
vt 0.217813 0.593750
vt 0.217813 0.593750
vt 0.217813 0.593750
vt 0.217813 0.593750
vt 0.217813 0.593750
vt 0.217813 0.593750
vt 0.217813 0.593750
vt 0.217813 0.593750
vt 0.217813 0.593750
vt 0.217813 0.593750
vt 0.217813 0.593750
vt 0.217813 0.593750
vt 0.217813 0.593750
vt 0.217813 0.593750
vt 0.217813 0.593750
vt 0.217813 0.593750
vt 0.217813 0.593750
vt 0.217813 0.593750
vt 0.217813 0.593750
vt 0.217813 0.593750
vt 0.217813 0.593750
vt 0.217813 0.593750
vt 0.217813 0.593750
vt 0.217813 0.593750
vt 0.217813 0.593750
vt 0.217813 0.593750
vt 0.217813 0.593750
vt 0.217813 0.593750
vt 0.217813 0.593750
vt 0.217813 0.593750
vt 0.217813 0.593750
vt 0.217813 0.593750
vt 0.217813 0.593750
vt 0.217813 0.593750
vt 0.217813 0.593750
vt 0.217813 0.593750
vt 0.217813 0.593750
vt 0.217813 0.593750
vt 0.217813 0.593750
vt 0.217813 0.593750
vt 0.217813 0.593750
vt 0.217813 0.593750
vt 0.217813 0.593750
vt 0.217813 0.593750
vt 0.217813 0.593750
vt 0.217813 0.593750
vt 0.217813 0.593750
vt 0.217813 0.593750
vt 0.217813 0.593750
vt 0.217813 0.593750
vt 0.217813 0.593750
vt 0.217813 0.593750
vt 0.217813 0.593750
vt 0.217813 0.593750
vt 0.217813 0.593750
vt 0.217813 0.593750
vt 0.217813 0.593750
vt 0.217813 0.593750
vt 0.217813 0.593750
vt 0.217813 0.593750
vt 0.217813 0.593750
vt 0.217813 0.593750
vt 0.217813 0.593750
vt 0.217813 0.593750
vt 0.217813 0.593750
vt 0.217813 0.593750
vt 0.217813 0.593750
vt 0.217813 0.593750
vt 0.217813 0.593750
vt 0.217813 0.593750
vt 0.217813 0.593750
vt 0.217813 0.593750
vt 0.217813 0.593750
vt 0.217813 0.593750
vt 0.217813 0.593750
vt 0.217813 0.593750
vt 0.217813 0.593750
vt 0.217813 0.593750
vt 0.217813 0.593750
vt 0.217813 0.593750
vt 0.217813 0.593750
vt 0.217813 0.593750
vt 0.217813 0.593750
vt 0.217813 0.593750
vt 0.217813 0.593750
vt 0.217813 0.593750
vt 0.217813 0.593750
vt 0.217813 0.593750
vt 0.217813 0.593750
vt 0.217813 0.593750
vt 0.217813 0.593750
vt 0.217813 0.593750
vt 0.217813 0.593750
vt 0.217813 0.593750
vt 0.217813 0.593750
vt 0.217813 0.593750
vt 0.217813 0.593750
vt 0.217813 0.593750
vt 0.217813 0.593750
vt 0.217813 0.593750
vt 0.217813 0.593750
vt 0.217813 0.593750
vt 0.217813 0.593750
vt 0.217813 0.593750
vt 0.217813 0.593750
vt 0.217813 0.593750
vt 0.217813 0.593750
vt 0.217813 0.593750
vt 0.217813 0.593750
vt 0.217813 0.593750
vt 0.217813 0.593750
vt 0.217813 0.593750
vt 0.217813 0.593750
vt 0.217813 0.593750
vt 0.217813 0.593750
vt 0.217813 0.593750
vt 0.217813 0.593750
vt 0.217813 0.593750
vt 0.217813 0.593750
vt 0.217813 0.593750
vt 0.217813 0.593750
vt 0.217813 0.593750
vt 0.217813 0.593750
vt 0.217813 0.593750
vt 0.217813 0.593750
vt 0.217813 0.593750
vt 0.217813 0.593750
vt 0.217813 0.593750
vt 0.217813 0.593750
vt 0.217813 0.593750
vt 0.217813 0.593750
vt 0.217813 0.593750
vt 0.217813 0.593750
vt 0.217813 0.593750
vt 0.217813 0.593750
vt 0.217813 0.593750
vt 0.217813 0.593750
vt 0.217813 0.593750
vt 0.217813 0.593750
vt 0.217813 0.593750
vt 0.217813 0.593750
vt 0.217813 0.593750
vt 0.217813 0.593750
vt 0.217813 0.593750
vt 0.217813 0.593750
vt 0.217813 0.593750
vt 0.217813 0.593750
vt 0.217813 0.593750
vt 0.217813 0.593750
vt 0.217813 0.593750
vt 0.217813 0.593750
vt 0.217813 0.593750
vt 0.217813 0.593750
vt 0.217813 0.593750
vt 0.217813 0.593750
vt 0.217813 0.593750
vt 0.217813 0.593750
vt 0.217813 0.593750
vt 0.217813 0.593750
vt 0.217813 0.593750
vt 0.217813 0.593750
vt 0.217813 0.593750
vt 0.217813 0.593750
vt 0.217813 0.593750
vt 0.217813 0.593750
vt 0.217813 0.593750
vt 0.217813 0.593750
vt 0.217813 0.593750
vt 0.217813 0.593750
vt 0.217813 0.593750
vt 0.217813 0.593750
vt 0.217813 0.593750
vt 0.217813 0.593750
vt 0.217813 0.593750
vt 0.217813 0.593750
vt 0.217813 0.593750
vt 0.217813 0.593750
vt 0.217813 0.593750
vt 0.217813 0.593750
vt 0.217813 0.593750
vt 0.217813 0.593750
vt 0.217813 0.593750
vt 0.217813 0.593750
vt 0.217813 0.593750
vt 0.217813 0.593750
vt 0.217813 0.593750
vt 0.217813 0.593750
vt 0.217813 0.593750
vt 0.217813 0.593750
vt 0.217813 0.593750
vt 0.217813 0.593750
vt 0.217813 0.593750
vt 0.217813 0.593750
vt 0.217813 0.593750
vt 0.217813 0.593750
vt 0.217813 0.593750
vt 0.217813 0.593750
vt 0.217813 0.593750
vt 0.217813 0.593750
vt 0.217813 0.593750
vt 0.217813 0.593750
vt 0.217813 0.593750
vt 0.217813 0.593750
vt 0.217813 0.593750
vt 0.217813 0.593750
vt 0.217813 0.593750
vt 0.217813 0.593750
vt 0.217813 0.593750
vt 0.217813 0.593750
vt 0.217813 0.593750
vt 0.217813 0.593750
vt 0.217813 0.593750
vt 0.217813 0.593750
vt 0.217813 0.593750
vt 0.217813 0.593750
vt 0.217813 0.593750
vt 0.217813 0.593750
vt 0.217813 0.593750
vt 0.217813 0.593750
vt 0.217813 0.593750
vt 0.217813 0.593750
vt 0.217813 0.593750
vt 0.217813 0.593750
vt 0.217813 0.593750
vt 0.217813 0.593750
vt 0.217813 0.593750
vt 0.217813 0.593750
vt 0.217813 0.593750
vt 0.217813 0.593750
vt 0.217813 0.593750
vt 0.217813 0.593750
vt 0.217813 0.593750
vt 0.217813 0.593750
vt 0.217813 0.593750
vt 0.217813 0.593750
vt 0.217813 0.593750
vt 0.217813 0.593750
vt 0.217813 0.593750
vt 0.217813 0.593750
vt 0.217813 0.593750
vt 0.217813 0.593750
vt 0.217813 0.593750
vt 0.217813 0.593750
vt 0.217813 0.593750
vt 0.217813 0.593750
vt 0.217813 0.593750
vt 0.217813 0.593750
vt 0.217813 0.593750
vt 0.217813 0.593750
vt 0.217813 0.593750
vt 0.217813 0.593750
vt 0.217813 0.593750
vt 0.217813 0.593750
vt 0.217813 0.593750
vt 0.217813 0.593750
vt 0.217813 0.593750
vt 0.217813 0.593750
vt 0.217813 0.593750
vt 0.217813 0.593750
vt 0.217813 0.593750
vt 0.217813 0.593750
vt 0.217813 0.593750
vt 0.217813 0.593750
vt 0.217813 0.593750
vt 0.217813 0.593750
vt 0.217813 0.593750
vt 0.217813 0.593750
vt 0.217813 0.593750
vt 0.217813 0.593750
vt 0.217813 0.593750
vt 0.217813 0.593750
vt 0.217813 0.593750
vt 0.217813 0.593750
vt 0.217813 0.593750
vt 0.217813 0.593750
vt 0.217813 0.593750
vt 0.217813 0.593750
vt 0.217813 0.593750
vt 0.217813 0.593750
vt 0.217813 0.593750
vt 0.217813 0.593750
vt 0.217813 0.593750
vt 0.217813 0.593750
vt 0.217813 0.593750
vt 0.217813 0.593750
vt 0.217813 0.593750
vt 0.217813 0.593750
vt 0.217813 0.593750
vt 0.217813 0.593750
vt 0.217813 0.593750
vt 0.217813 0.593750
vt 0.217813 0.593750
vt 0.217813 0.593750
vt 0.217813 0.593750
vt 0.217813 0.593750
vt 0.217813 0.593750
vt 0.217813 0.593750
vt 0.217813 0.593750
vt 0.217813 0.593750
vt 0.217813 0.593750
vt 0.217813 0.593750
vt 0.217813 0.593750
vt 0.217813 0.593750
vt 0.217813 0.593750
vt 0.217813 0.593750
vt 0.217813 0.593750
vt 0.217813 0.593750
vt 0.217813 0.593750
vt 0.217813 0.593750
vt 0.217813 0.593750
vt 0.217813 0.593750
vt 0.217813 0.593750
vt 0.217813 0.593750
vt 0.217813 0.593750
vt 0.217813 0.593750
vt 0.217813 0.593750
vt 0.217813 0.593750
vt 0.217813 0.593750
vt 0.217813 0.593750
vt 0.217813 0.593750
vt 0.217813 0.593750
vt 0.217813 0.593750
vt 0.217813 0.593750
vt 0.217813 0.593750
vt 0.217813 0.593750
vt 0.217813 0.593750
vt 0.217813 0.593750
vt 0.217813 0.593750
vt 0.217813 0.593750
vt 0.217813 0.593750
vt 0.217813 0.593750
vt 0.217813 0.593750
vt 0.217813 0.593750
vt 0.217813 0.593750
vt 0.217813 0.593750
vt 0.217813 0.593750
vt 0.217813 0.593750
vt 0.217813 0.593750
vt 0.217813 0.593750
vt 0.217813 0.593750
vt 0.217813 0.593750
vt 0.217813 0.593750
vt 0.217813 0.593750
vt 0.217813 0.593750
vt 0.217813 0.593750
vt 0.217813 0.593750
vt 0.217813 0.593750
vt 0.217813 0.593750
vt 0.217813 0.593750
vt 0.217813 0.593750
vt 0.217813 0.593750
vt 0.217813 0.593750
vt 0.217813 0.593750
vt 0.217813 0.593750
vt 0.217813 0.593750
vt 0.217813 0.593750
vt 0.217813 0.593750
vt 0.217813 0.593750
vt 0.217813 0.593750
vt 0.217813 0.593750
vt 0.217813 0.593750
vt 0.217813 0.593750
vt 0.217813 0.593750
vt 0.217813 0.593750
vt 0.217813 0.593750
vt 0.217813 0.593750
vt 0.217813 0.593750
vt 0.217813 0.593750
vt 0.217813 0.593750
vt 0.217813 0.593750
vt 0.217813 0.593750
vt 0.217813 0.593750
vt 0.217813 0.593750
vt 0.217813 0.593750
vt 0.217813 0.593750
vt 0.217813 0.593750
vt 0.217813 0.593750
vt 0.217813 0.593750
vt 0.217813 0.593750
vt 0.217813 0.593750
vt 0.217813 0.593750
vt 0.217813 0.593750
vt 0.217813 0.593750
vt 0.217813 0.593750
vt 0.217813 0.593750
vt 0.217813 0.593750
vt 0.217813 0.593750
vt 0.217813 0.593750
vt 0.217813 0.593750
vt 0.217813 0.593750
vt 0.217813 0.593750
vt 0.217813 0.593750
vt 0.217813 0.593750
vt 0.217813 0.593750
vt 0.217813 0.593750
vt 0.217813 0.593750
vt 0.217813 0.593750
vt 0.217813 0.593750
vt 0.217813 0.593750
vt 0.217813 0.593750
vt 0.217813 0.593750
vt 0.217813 0.593750
vt 0.217813 0.593750
vt 0.217813 0.593750
vt 0.217813 0.593750
vt 0.217813 0.593750
vt 0.217813 0.593750
vt 0.217813 0.593750
vt 0.217813 0.593750
vt 0.217813 0.593750
vt 0.217813 0.593750
vt 0.217813 0.593750
vt 0.217813 0.593750
vt 0.217813 0.593750
vt 0.217813 0.593750
vt 0.217813 0.593750
vt 0.217813 0.593750
vt 0.217813 0.593750
vt 0.217813 0.593750
vt 0.217813 0.593750
vt 0.217813 0.593750
vt 0.217813 0.593750
vt 0.217813 0.593750
vt 0.217813 0.593750
vt 0.217813 0.593750
vt 0.217813 0.593750
vt 0.217813 0.593750
vt 0.217813 0.593750
vt 0.217813 0.593750
vt 0.217813 0.593750
vt 0.217813 0.593750
vt 0.217813 0.593750
vt 0.217813 0.593750
vt 0.217813 0.593750
vt 0.344741 0.593113
vt 0.344741 0.593113
vt 0.344741 0.593113
vt 0.344741 0.593113
vt 0.344741 0.593113
vt 0.344741 0.593113
vt 0.344741 0.593113
vt 0.344741 0.593113
vt 0.344990 0.594203
vt 0.344990 0.594203
vt 0.344741 0.593113
vt 0.344990 0.594203
vt 0.344990 0.594203
vt 0.344990 0.594203
vt 0.344990 0.594203
vt 0.343998 0.594041
vt 0.343998 0.594041
vt 0.343998 0.594041
vt 0.468750 0.591875
vt 0.468750 0.591875
vt 0.468750 0.591875
vt 0.468750 0.591875
vt 0.468750 0.591875
vt 0.468750 0.591875
vt 0.468750 0.591875
vt 0.468750 0.591875
vt 0.468750 0.591875
vt 0.468750 0.591875
vt 0.468750 0.591875
vt 0.468750 0.591875
vt 0.468750 0.591875
vt 0.468750 0.591875
vt 0.468750 0.591875
vt 0.468750 0.591875
vt 0.468750 0.591875
vt 0.468750 0.591875
vt 0.468750 0.591875
vt 0.468750 0.591875
vt 0.468750 0.591875
vt 0.468750 0.591875
vt 0.468750 0.591875
vt 0.468750 0.591875
vt 0.468750 0.591875
vt 0.468750 0.591875
vt 0.468750 0.591875
vt 0.468750 0.591875
vt 0.468750 0.591875
vt 0.468750 0.591875
vt 0.468750 0.591875
vt 0.468750 0.591875
vt 0.468750 0.591875
vt 0.468750 0.591875
vt 0.468750 0.591875
vt 0.468750 0.591875
vt 0.468750 0.591875
vt 0.468750 0.591875
vt 0.468750 0.591875
vt 0.468750 0.591875
vt 0.468750 0.591875
vt 0.468750 0.591875
vt 0.468750 0.591875
vt 0.468750 0.591875
vt 0.468750 0.591875
vt 0.468750 0.591875
vt 0.468750 0.591875
vt 0.468750 0.591875
vt 0.468750 0.591875
vt 0.468750 0.591875
vt 0.468750 0.591875
vt 0.468750 0.591875
vt 0.468750 0.591875
vt 0.468750 0.591875
vt 0.468750 0.591875
vt 0.468750 0.591875
vt 0.468750 0.591875
vt 0.468750 0.591875
vt 0.468750 0.591875
vt 0.468750 0.591875
vt 0.468750 0.591875
vt 0.468750 0.591875
vt 0.468750 0.591875
vt 0.468750 0.591875
vt 0.468750 0.591875
vt 0.468750 0.591875
vt 0.468750 0.591875
vt 0.468750 0.591875
vt 0.468750 0.591875
vt 0.468750 0.591875
vt 0.468750 0.591875
vt 0.468750 0.591875
vt 0.468750 0.591875
vt 0.468750 0.591875
vt 0.468750 0.591875
vt 0.468750 0.591875
vt 0.468750 0.591875
vt 0.468750 0.591875
vt 0.468750 0.591875
vt 0.468750 0.591875
vt 0.468750 0.591875
vt 0.468750 0.591875
vt 0.468750 0.591875
vt 0.468750 0.591875
vt 0.468750 0.591875
vt 0.468750 0.591875
vt 0.468750 0.591875
vt 0.468750 0.591875
vt 0.468750 0.591875
vt 0.468750 0.591875
vt 0.468750 0.591875
vt 0.468750 0.591875
vt 0.468750 0.591875
vt 0.468750 0.591875
vt 0.468750 0.591875
vt 0.468750 0.591875
vt 0.468750 0.591875
vt 0.468750 0.591875
vt 0.468750 0.591875
vt 0.468750 0.591875
vt 0.468750 0.591875
vt 0.468750 0.591875
vt 0.468750 0.591875
vt 0.468750 0.591875
vt 0.468750 0.591875
vt 0.468750 0.591875
vt 0.468750 0.591875
vt 0.468750 0.591875
vt 0.468750 0.591875
vt 0.468750 0.591875
vt 0.468750 0.591875
vt 0.468750 0.591875
vt 0.468750 0.591875
vt 0.468750 0.591875
vt 0.468750 0.591875
vt 0.468750 0.591875
vt 0.468750 0.591875
vt 0.468750 0.591875
vt 0.468750 0.591875
vt 0.468750 0.591875
vt 0.468750 0.591875
vt 0.468750 0.591875
vt 0.468750 0.591875
vt 0.468750 0.591875
vt 0.468750 0.591875
vt 0.468750 0.591875
vt 0.468750 0.591875
vt 0.468750 0.591875
vt 0.468750 0.591875
vt 0.468750 0.591875
vt 0.468750 0.591875
vt 0.468750 0.591875
vt 0.468750 0.591875
vt 0.468750 0.591875
vt 0.468750 0.591875
vt 0.468750 0.591875
vt 0.468750 0.591875
vt 0.468750 0.591875
vt 0.468750 0.591875
vt 0.468750 0.591875
vt 0.468750 0.591875
vt 0.468750 0.591875
vt 0.468750 0.591875
vt 0.468750 0.591875
vt 0.468750 0.591875
vt 0.468750 0.591875
vt 0.468750 0.591875
vt 0.468750 0.591875
vt 0.468750 0.591875
vt 0.468750 0.591875
vt 0.468750 0.591875
vt 0.468750 0.591875
vt 0.468750 0.591875
vt 0.468750 0.591875
vt 0.468750 0.591875
vt 0.468750 0.591875
vt 0.468750 0.591875
vt 0.468750 0.591875
vt 0.468750 0.591875
vt 0.468750 0.591875
vt 0.468750 0.591875
vt 0.468750 0.591875
vt 0.468750 0.591875
vt 0.468750 0.591875
vt 0.468750 0.591875
vt 0.468750 0.591875
vt 0.468750 0.591875
vt 0.468750 0.591875
vt 0.468750 0.591875
vt 0.468750 0.591875
vt 0.468750 0.591875
vt 0.468750 0.591875
vt 0.468750 0.591875
vt 0.468750 0.591875
vt 0.468750 0.591875
vt 0.468750 0.591875
vt 0.468750 0.591875
vt 0.468750 0.591875
vt 0.468750 0.591875
vt 0.468750 0.591875
vt 0.468750 0.591875
vt 0.468750 0.591875
vt 0.468750 0.591875
vt 0.468750 0.591875
vt 0.468750 0.591875
vt 0.468750 0.591875
vt 0.468750 0.591875
vt 0.468750 0.591875
vt 0.468750 0.591875
vt 0.468750 0.591875
vt 0.468750 0.591875
vt 0.468750 0.591875
vt 0.217813 0.593750
vt 0.217813 0.593750
vt 0.217813 0.593750
vt 0.217813 0.593750
vt 0.217813 0.593750
vt 0.217813 0.593750
vt 0.217813 0.593750
vt 0.217813 0.593750
vt 0.217813 0.593750
vt 0.217813 0.593750
vt 0.217813 0.593750
vt 0.217813 0.593750
vt 0.217813 0.593750
vt 0.217813 0.593750
vt 0.217813 0.593750
vt 0.217813 0.593750
vt 0.217813 0.593750
vt 0.217813 0.593750
vt 0.217813 0.593750
vt 0.217813 0.593750
vt 0.217813 0.593750
vt 0.217813 0.593750
vt 0.217813 0.593750
vt 0.217813 0.593750
vt 0.217813 0.593750
vt 0.217813 0.593750
vt 0.217813 0.593750
vt 0.217813 0.593750
vt 0.217813 0.593750
vt 0.217813 0.593750
vt 0.217813 0.593750
vt 0.217813 0.593750
vt 0.217813 0.593750
vt 0.217813 0.593750
vt 0.217813 0.593750
vt 0.217813 0.593750
vt 0.217813 0.593750
vt 0.217813 0.593750
vt 0.217813 0.593750
vt 0.217813 0.593750
vt 0.217813 0.593750
vt 0.217813 0.593750
vt 0.217813 0.593750
vt 0.217813 0.593750
vt 0.217813 0.593750
vt 0.217813 0.593750
vt 0.217813 0.593750
vt 0.217813 0.593750
vt 0.217813 0.593750
vt 0.217813 0.593750
vt 0.217813 0.593750
vt 0.217813 0.593750
vt 0.217813 0.593750
vt 0.217813 0.593750
vt 0.217813 0.593750
vt 0.217813 0.593750
vt 0.217813 0.593750
vt 0.217813 0.593750
vt 0.217813 0.593750
vt 0.217813 0.593750
vt 0.217813 0.593750
vt 0.217813 0.593750
vt 0.217813 0.593750
vt 0.217813 0.593750
vt 0.217813 0.593750
vt 0.217813 0.593750
vt 0.217813 0.593750
vt 0.217813 0.593750
vt 0.217813 0.593750
vt 0.217813 0.593750
vt 0.217813 0.593750
vt 0.217813 0.593750
vt 0.217813 0.593750
vt 0.217813 0.593750
vt 0.217813 0.593750
vt 0.217813 0.593750
vt 0.217813 0.593750
vt 0.217813 0.593750
vt 0.217813 0.593750
vt 0.217813 0.593750
vt 0.217813 0.593750
vt 0.217813 0.593750
vt 0.217813 0.593750
vt 0.217813 0.593750
vt 0.217813 0.593750
vt 0.217813 0.593750
vt 0.217813 0.593750
vt 0.217813 0.593750
vt 0.217813 0.593750
vt 0.217813 0.593750
vt 0.217813 0.593750
vt 0.217813 0.593750
vt 0.217813 0.593750
vt 0.217813 0.593750
vt 0.217813 0.593750
vt 0.217813 0.593750
vt 0.217813 0.593750
vt 0.217813 0.593750
vt 0.217813 0.593750
vt 0.217813 0.593750
vt 0.217813 0.593750
vt 0.217813 0.593750
vt 0.217813 0.593750
vt 0.217813 0.593750
vt 0.217813 0.593750
vt 0.217813 0.593750
vt 0.217813 0.593750
vt 0.217813 0.593750
vt 0.217813 0.593750
vt 0.217813 0.593750
vt 0.217813 0.593750
vt 0.217813 0.593750
vt 0.217813 0.593750
vt 0.217813 0.593750
vt 0.217813 0.593750
vt 0.217813 0.593750
vt 0.217813 0.593750
vt 0.217813 0.593750
vt 0.217813 0.593750
vt 0.217813 0.593750
vt 0.217813 0.593750
vt 0.217813 0.593750
vt 0.217813 0.593750
vt 0.217813 0.593750
vt 0.217813 0.593750
vt 0.217813 0.593750
vt 0.217813 0.593750
vt 0.217813 0.593750
vt 0.217813 0.593750
vt 0.217813 0.593750
vt 0.217813 0.593750
vt 0.217813 0.593750
vt 0.217813 0.593750
vt 0.217813 0.593750
vt 0.217813 0.593750
vt 0.217813 0.593750
vt 0.217813 0.593750
vt 0.217813 0.593750
vt 0.217813 0.593750
vt 0.217813 0.593750
vt 0.217813 0.593750
vt 0.217813 0.593750
vt 0.217813 0.593750
vt 0.217813 0.593750
vt 0.217813 0.593750
vt 0.217813 0.593750
vt 0.217813 0.593750
vt 0.217813 0.593750
vt 0.217813 0.593750
vt 0.217813 0.593750
vt 0.217813 0.593750
vt 0.217813 0.593750
vt 0.217813 0.593750
vt 0.217813 0.593750
vt 0.217813 0.593750
vt 0.217813 0.593750
vt 0.217813 0.593750
vt 0.217813 0.593750
vt 0.217813 0.593750
vt 0.217813 0.593750
vt 0.217813 0.593750
vt 0.217813 0.593750
vt 0.217813 0.593750
vt 0.217813 0.593750
vt 0.217813 0.593750
vt 0.217813 0.593750
vt 0.217813 0.593750
vt 0.217813 0.593750
vt 0.217813 0.593750
vt 0.217813 0.593750
vt 0.217813 0.593750
vt 0.217813 0.593750
vt 0.217813 0.593750
vt 0.217813 0.593750
vt 0.217813 0.593750
vt 0.217813 0.593750
vt 0.217813 0.593750
vt 0.217813 0.593750
vt 0.217813 0.593750
vt 0.217813 0.593750
vt 0.217813 0.593750
vt 0.217813 0.593750
vt 0.217813 0.593750
vt 0.217813 0.593750
vt 0.217813 0.593750
vt 0.217813 0.593750
vt 0.217813 0.593750
vt 0.217813 0.593750
vt 0.217813 0.593750
vt 0.217813 0.593750
vt 0.217813 0.593750
vt 0.217813 0.593750
vt 0.217813 0.593750
vt 0.217813 0.593750
vt 0.217813 0.593750
vt 0.217813 0.593750
vt 0.217813 0.593750
vt 0.217813 0.593750
vt 0.217813 0.593750
vt 0.217813 0.593750
vt 0.217813 0.593750
vt 0.217813 0.593750
vt 0.217813 0.593750
vt 0.217813 0.593750
vt 0.217813 0.593750
vt 0.217813 0.593750
vt 0.217813 0.593750
vt 0.217813 0.593750
vt 0.217813 0.593750
vt 0.217813 0.593750
vt 0.217813 0.593750
vt 0.217813 0.593750
vt 0.217813 0.593750
vt 0.217813 0.593750
vt 0.217813 0.593750
vt 0.217813 0.593750
vt 0.217813 0.593750
vt 0.217813 0.593750
vt 0.217813 0.593750
vt 0.217813 0.593750
vt 0.217813 0.593750
vt 0.217813 0.593750
vt 0.217813 0.593750
vt 0.217813 0.593750
vt 0.217813 0.593750
vt 0.217813 0.593750
vt 0.217813 0.593750
vt 0.217813 0.593750
vt 0.217813 0.593750
vt 0.217813 0.593750
vt 0.217813 0.593750
vt 0.217813 0.593750
vt 0.217813 0.593750
vt 0.217813 0.593750
vt 0.217813 0.593750
vt 0.217813 0.593750
vt 0.217813 0.593750
vt 0.217813 0.593750
vt 0.217813 0.593750
vt 0.217813 0.593750
vt 0.217813 0.593750
vt 0.217813 0.593750
vt 0.217813 0.593750
vt 0.217813 0.593750
vt 0.217813 0.593750
vt 0.217813 0.593750
vt 0.217813 0.593750
vt 0.217813 0.593750
vt 0.217813 0.593750
vt 0.217813 0.593750
vt 0.217813 0.593750
vt 0.217813 0.593750
vt 0.217813 0.593750
vt 0.217813 0.593750
vt 0.217813 0.593750
vt 0.217813 0.593750
vt 0.217813 0.593750
vt 0.217813 0.593750
vt 0.217813 0.593750
vt 0.217813 0.593750
vt 0.217813 0.593750
vt 0.217813 0.593750
vt 0.217813 0.593750
vt 0.217813 0.593750
vt 0.217813 0.593750
vt 0.217813 0.593750
vt 0.217813 0.593750
vt 0.217813 0.593750
vt 0.217813 0.593750
vt 0.217813 0.593750
vt 0.217813 0.593750
vt 0.217813 0.593750
vt 0.217813 0.593750
vt 0.217813 0.593750
vt 0.217813 0.593750
vt 0.217813 0.593750
vt 0.217813 0.593750
vt 0.217813 0.593750
vt 0.217813 0.593750
vt 0.217813 0.593750
vt 0.217813 0.593750
vt 0.217813 0.593750
vt 0.217813 0.593750
vt 0.217813 0.593750
vt 0.217813 0.593750
vt 0.217813 0.593750
vt 0.217813 0.593750
vt 0.217813 0.593750
vt 0.217813 0.593750
vt 0.217813 0.593750
vt 0.217813 0.593750
vt 0.217813 0.593750
vt 0.217813 0.593750
vt 0.217813 0.593750
vt 0.217813 0.593750
vt 0.217813 0.593750
vt 0.217813 0.593750
vt 0.217813 0.593750
vt 0.217813 0.593750
vt 0.217813 0.593750
vt 0.217813 0.593750
vt 0.217813 0.593750
vt 0.217813 0.593750
vt 0.217813 0.593750
vt 0.217813 0.593750
vt 0.217813 0.593750
vt 0.217813 0.593750
vt 0.217813 0.593750
vt 0.217813 0.593750
vt 0.217813 0.593750
vt 0.217813 0.593750
vt 0.217813 0.593750
vt 0.217813 0.593750
vt 0.217813 0.593750
vt 0.217813 0.593750
vt 0.217813 0.593750
vt 0.217813 0.593750
vt 0.217813 0.593750
vt 0.217813 0.593750
vt 0.217813 0.593750
vt 0.217813 0.593750
vt 0.217813 0.593750
vt 0.217813 0.593750
vt 0.217813 0.593750
vt 0.217813 0.593750
vt 0.217813 0.593750
vt 0.217813 0.593750
vt 0.217813 0.593750
vt 0.217813 0.593750
vt 0.217813 0.593750
vt 0.217813 0.593750
vt 0.217813 0.593750
vt 0.217813 0.593750
vt 0.217813 0.593750
vt 0.217813 0.593750
vt 0.217813 0.593750
vt 0.217813 0.593750
vt 0.217813 0.593750
vt 0.217813 0.593750
vt 0.217813 0.593750
vt 0.217813 0.593750
vt 0.217813 0.593750
vt 0.217813 0.593750
vt 0.217813 0.593750
vt 0.217813 0.593750
vt 0.217813 0.593750
vt 0.217813 0.593750
vt 0.217813 0.593750
vt 0.217813 0.593750
vt 0.217813 0.593750
vt 0.217813 0.593750
vt 0.217813 0.593750
vt 0.217813 0.593750
vt 0.217813 0.593750
vt 0.217813 0.593750
vt 0.217813 0.593750
vn 1.0000 0.0095 0.0013
vn 0.0000 0.7456 0.6664
vn 0.9976 -0.0199 0.0666
vn 0.0000 -0.7392 -0.6735
vn 0.2666 -0.7390 -0.6187
vn 0.0000 -1.0000 -0.0000
vn -0.0000 1.0000 0.0000
vn 1.0000 0.0001 -0.0004
vn 0.6638 0.7479 0.0039
vn 0.9999 -0.0094 0.0038
vn 1.0000 0.0005 0.0002
vn -0.0004 1.0000 0.0000
vn 0.0002 0.0000 -1.0000
vn 0.0001 -0.8041 -0.5944
vn 1.0000 0.0000 -0.0007
vn 0.9999 0.0025 0.0114
vn 1.0000 -0.0011 0.0082
vn 1.0000 -0.0000 0.0000
vn 0.0000 0.0000 -1.0000
vn 1.0000 0.0013 0.0073
vn 0.9990 -0.0156 0.0422
vn 0.2451 -0.0205 0.9693
vn 0.9156 0.4022 0.0000
vn 0.0000 0.2151 0.9766
vn 1.0000 0.0067 0.0015
vn 1.0000 -0.0000 -0.0005
vn 1.0000 0.0056 0.0045
vn 1.0000 0.0000 0.0029
vn 0.0037 -1.0000 0.0000
vn -0.0036 1.0000 -0.0000
vn -0.0004 -0.0384 0.9993
vn 1.0000 0.0007 -0.0001
vn 1.0000 0.0092 -0.0009
vn 0.0000 0.7456 -0.6664
vn 0.9994 0.0000 -0.0355
vn 0.9976 -0.0199 -0.0666
vn 0.0000 -0.7392 0.6735
vn 0.2666 -0.7390 0.6187
vn 1.0000 0.0003 0.0010
vn 0.6609 0.7504 -0.0101
vn 0.9999 -0.0134 -0.0095
vn 1.0000 0.0005 -0.0002
vn 0.0002 -0.0000 1.0000
vn 0.0001 -0.8041 0.5944
vn 1.0000 0.0000 0.0007
vn 0.9996 0.0058 -0.0264
vn 0.0000 -0.0000 1.0000
vn 0.0000 0.2151 -0.9766
vn 1.0000 0.0059 -0.0021
vn 1.0000 0.0002 0.0005
vn 0.9996 0.0251 -0.0142
vn -0.0004 -0.0384 -0.9993
vn 1.0000 0.0007 0.0001
vn 0.4259 0.9048 0.0000
vn 0.9993 0.0000 -0.0377
vn 1.0000 0.0080 -0.0017
vn 0.9997 0.0000 -0.0259
vn 0.6601 0.7512 -0.0088
vn 0.9999 -0.0116 -0.0046
vn 0.9999 0.0025 -0.0114
vn 1.0000 -0.0011 -0.0082
vn 0.9996 0.0079 -0.0259
vn 0.9999 0.0000 -0.0110
vn 0.9997 0.0000 -0.0243
vn 1.0000 0.0056 -0.0045
vn 1.0000 0.0000 -0.0026
vn 0.9992 0.0394 -0.0026
vn 1.0000 -0.0056 -0.0062
vn 0.9997 0.0237 -0.0013
vn 0.9998 -0.0000 -0.0177
vn 1.0000 0.0080 0.0017
vn 0.9997 0.0000 0.0259
vn 1.0000 0.0002 -0.0005
vn 0.6601 0.7512 0.0088
vn 0.9999 -0.0116 0.0046
vn 0.9996 0.0078 0.0259
vn 0.9999 0.0000 0.0110
vn 0.9997 0.0000 0.0243
vn 1.0000 0.0059 0.0021
vn 1.0000 0.0000 0.0026
vn 0.9992 0.0394 0.0026
vn 1.0000 -0.0056 0.0062
vn 0.9997 0.0237 0.0013
vn 0.9999 0.0000 0.0159
vn -0.0018 0.0075 1.0000
vn -0.6136 0.7897 0.0000
vn -0.0142 -0.0000 0.9999
vn -0.0594 -0.0177 0.9981
vn 0.6181 -0.7861 0.0000
vn 0.5620 -0.7783 0.2799
vn 0.0005 0.0002 1.0000
vn -0.0083 0.7514 0.6598
vn -0.0040 -0.0127 0.9999
vn -0.0001 0.0005 1.0000
vn 0.0000 1.0000 -0.0004
vn 1.0000 0.0000 0.0002
vn 0.5785 -0.8157 0.0001
vn 0.0007 0.0000 1.0000
vn -0.0114 0.0025 0.9999
vn -0.0082 -0.0011 1.0000
vn -0.0142 0.0079 0.9999
vn -0.0110 -0.0000 0.9999
vn -1.0000 0.0000 0.0000
vn -0.0134 -0.0000 0.9999
vn -0.0022 0.0054 1.0000
vn 0.0004 0.0003 1.0000
vn -0.0039 0.0048 1.0000
vn -0.0026 0.0010 1.0000
vn -0.0026 0.0395 0.9992
vn -0.0062 -0.0031 1.0000
vn -0.0013 0.0237 0.9997
vn -0.0000 -1.0000 0.0037
vn 0.0000 1.0000 -0.0036
vn -0.9993 -0.0384 -0.0004
vn 0.0001 0.0007 1.0000
vn -0.0157 0.0000 0.9999
vn 0.0037 0.0072 1.0000
vn 0.6664 0.7456 0.0000
vn 0.0142 -0.0000 0.9999
vn 0.0666 -0.0199 0.9976
vn -0.6735 -0.7392 0.0000
vn -0.6187 -0.7390 0.2666
vn -0.0005 0.0002 1.0000
vn 0.0088 0.7512 0.6601
vn 0.0040 -0.0127 0.9999
vn 0.0002 0.0005 1.0000
vn -1.0000 -0.0000 0.0002
vn -0.5944 -0.8041 0.0001
vn -0.0007 0.0000 1.0000
vn 0.0114 0.0025 0.9999
vn 0.0082 -0.0011 1.0000
vn 0.0142 0.0079 0.9999
vn 0.0110 -0.0000 0.9999
vn 0.0134 -0.0000 0.9999
vn 0.0028 0.0048 1.0000
vn -0.0005 0.0003 1.0000
vn 0.0039 0.0048 1.0000
vn 0.0026 0.0010 1.0000
vn 0.0026 0.0395 0.9992
vn 0.0062 -0.0031 1.0000
vn 0.0013 0.0237 0.9997
vn 0.9993 -0.0384 -0.0004
vn -0.0001 0.0007 1.0000
vn 0.0159 0.0000 0.9999
vn -1.0000 0.0080 0.0017
vn -1.0000 0.0000 0.0090
vn -0.9976 -0.0199 0.0666
vn -0.2666 -0.7390 -0.6187
vn -1.0000 0.0002 -0.0005
vn -0.9999 -0.0148 0.0028
vn -1.0000 0.0005 0.0002
vn 0.0004 1.0000 -0.0000
vn -0.0002 0.0000 -1.0000
vn -0.0001 -0.8041 -0.5944
vn -1.0000 0.0000 -0.0007
vn -1.0000 0.0009 0.0041
vn -1.0000 0.0042 0.0053
vn -0.9999 0.0079 0.0090
vn -1.0000 -0.0000 0.0041
vn -0.9156 0.4022 0.0000
vn -1.0000 0.0000 0.0084
vn -1.0000 -0.0077 0.0027
vn -1.0000 0.0010 -0.0007
vn -1.0000 0.0060 0.0028
vn -1.0000 0.0000 0.0010
vn -0.9992 0.0395 0.0010
vn -1.0000 -0.0053 0.0041
vn -0.9997 0.0237 0.0013
vn -0.0037 -1.0000 0.0000
vn 0.0036 1.0000 -0.0000
vn 0.0004 -0.0384 0.9993
vn -1.0000 0.0007 -0.0001
vn -1.0000 0.0080 -0.0017
vn -0.9995 -0.0185 -0.0259
vn -0.9976 -0.0199 -0.0666
vn -0.2666 -0.7390 0.6187
vn -0.9999 0.0111 -0.0054
vn -1.0000 0.0005 -0.0002
vn -0.0002 -0.0000 1.0000
vn -0.0001 -0.8041 0.5944
vn -1.0000 0.0000 0.0007
vn -1.0000 0.0009 -0.0043
vn -1.0000 0.0040 -0.0054
vn -0.9996 0.0079 -0.0259
vn -1.0000 0.0000 -0.0042
vn -0.9997 0.0000 -0.0243
vn -0.9999 0.0142 -0.0017
vn -1.0000 -0.0004 0.0004
vn -1.0000 0.0075 -0.0036
vn -1.0000 0.0000 -0.0026
vn -0.9998 0.0200 -0.0026
vn -1.0000 -0.0074 -0.0051
vn -0.9998 0.0199 -0.0010
vn 0.0004 -0.0384 -0.9993
vn -1.0000 0.0007 0.0001
vn 0.0000 0.7485 -0.6632
vn 0.0000 -0.0197 -0.9998
vn -0.9998 -0.0197 -0.0000
vn -1.0000 0.0000 0.0001
vn -0.6502 0.7597 0.0000
vn 0.6656 0.7463 0.0000
vn -0.4577 0.6655 -0.5896
vn -0.5734 0.8056 -0.1491
vn -0.6053 0.7931 0.0674
vn -0.0022 0.7474 -0.6644
vn -0.0030 0.0000 -1.0000
vn -0.0036 -0.0197 -0.9998
vn -0.0036 0.0000 -1.0000
vn -0.0027 0.0000 -1.0000
vn -0.0024 0.0000 -1.0000
vn -0.0043 -0.0000 -1.0000
vn -0.0069 0.0000 -1.0000
vn 1.0000 0.0000 -0.0090
vn 0.6365 0.0000 0.7713
vn -0.6365 0.0000 0.7713
vn -0.6365 -0.0000 -0.7713
vn 0.6365 -0.0000 -0.7713
vn 0.4862 -0.6454 0.5891
vn -0.7460 -0.6659 -0.0000
vn 0.0000 -0.5025 0.8646
vn 0.0000 -0.5025 -0.8646
vn 0.7461 -0.6659 0.0000
vn 0.6307 0.1356 -0.7641
vn -0.6307 0.1356 -0.7641
vn -0.6307 0.1356 0.7641
vn -0.4862 -0.6455 0.5891
vn -0.4862 -0.6455 -0.5891
vn 0.4862 -0.6454 -0.5891
vn 0.9897 0.1430 0.0000
vn 0.0000 0.0937 -0.9956
vn 0.0000 0.0937 0.9956
vn -0.9897 0.1430 0.0000
vn 0.6307 0.1355 0.7641
vn -0.6365 0.0000 -0.7712
vn 0.6365 0.0000 -0.7712
vn 0.0000 -0.5026 -0.8645
vn -0.1920 -0.1317 0.9725
vn -0.6604 0.2613 -0.7040
vn -0.0643 0.1833 -0.9809
vn 0.7007 -0.0099 0.7134
vn -0.5692 -0.8105 -0.1381
vn 0.3621 0.2193 0.9060
vn 0.4929 0.4529 -0.7429
vn 0.6426 0.6950 0.3225
vn 0.3172 0.2073 0.9254
vn -0.0113 -0.9943 0.1057
vn -0.1733 -0.9814 -0.0828
vn -0.4262 -0.9029 -0.0553
vn 0.8596 0.1384 -0.4918
vn 0.9748 0.2029 -0.0925
vn 0.5572 -0.0247 0.8300
vn -0.6841 0.2445 0.6871
vn -0.8231 0.2026 0.5305
vn -0.9716 0.2332 -0.0399
vn -0.4576 -0.8638 -0.2106
vn -0.1934 -0.4884 -0.8509
vn -0.1785 -0.9665 0.1844
vn -0.5379 0.2854 0.7932
vn -0.7475 0.4490 0.4896
vn -0.4142 0.4683 -0.7805
vn -0.4300 0.3709 0.8231
vn -0.2598 -0.7934 0.5504
vn 0.0420 0.2424 -0.9693
vn 0.0922 -0.1595 0.9829
vn 0.0353 -0.2910 0.9561
vn 0.1298 -0.1005 -0.9864
vn -0.8782 -0.1472 -0.4551
vn -0.9256 -0.1411 -0.3514
vn -0.8775 -0.1759 0.4461
vn 0.7717 -0.5189 0.3678
vn 0.8932 -0.4269 0.1416
vn 0.8510 -0.1539 -0.5021
vn 0.7431 -0.4855 0.4606
vn -0.0264 -0.0747 -0.9969
vn -0.8574 -0.2490 -0.4505
vn -0.0990 -0.2394 0.9659
vn 0.6792 -0.4517 0.5784
vn -0.7490 -0.2113 0.6280
vn -0.4179 0.1548 0.8952
vn -0.1150 -0.9933 0.0150
vn -0.7761 0.2481 0.5797
vn 0.1041 -0.8144 0.5709
vn 0.2993 0.1309 0.9451
vn 0.9074 0.0475 0.4176
vn -0.9218 -0.1963 -0.3344
vn 0.9716 -0.1286 -0.1986
vn -0.1980 -0.6127 -0.7651
vn -0.1529 0.2794 -0.9479
vn 0.7959 0.1621 -0.5833
vn 0.3659 0.4524 -0.8133
vn -0.4675 -0.6638 -0.5838
vn -0.9312 0.2081 -0.2992
vn 0.5836 -0.2017 -0.7866
vn -0.9837 -0.1796 -0.0084
vn -0.8337 0.5226 -0.1783
vn -0.4471 -0.6562 0.6078
vn -0.9151 0.3453 -0.2080
vn 0.8375 0.2154 -0.5021
vn -0.2373 -0.6260 0.7428
vn 0.6603 0.6083 -0.4404
vn 0.8499 -0.5257 -0.0371
vn -0.9018 -0.1117 -0.4175
vn -0.5900 0.3661 0.7196
vn -0.1512 -0.9480 0.2802
vn -0.7776 0.2347 0.5833
vn 0.9311 0.1620 0.3268
vn -0.1044 -0.8160 0.5686
vn 0.4323 0.5083 0.7448
vn -0.7475 0.4490 0.4895
vn -0.9256 -0.1411 -0.3513
vn 0.6792 -0.4517 0.5785
vn 0.7959 0.1622 -0.5833
vn 0.5836 -0.2018 -0.7866
vn 0.0000 -0.0004 -1.0000
vn 0.0000 -0.0004 1.0000
vn 0.7577 -0.6526 -0.0000
vn 0.7719 0.6358 0.0000
vn 0.7719 -0.6357 -0.0000
vn 0.7719 0.6357 0.0000
vn 0.7719 -0.6358 -0.0000
vn 0.9637 0.0000 0.2670
vn 0.9655 0.2604 0.0000
vn 0.9637 0.0000 -0.2670
vn 0.9644 -0.2643 0.0000
vn 0.9644 0.2643 0.0000
vn 0.9655 -0.2604 -0.0000
vn 0.0000 0.0080 1.0000
vn 0.0000 0.0080 -1.0000
vn 0.0000 -0.8266 0.5628
vn 0.0000 -0.8266 -0.5628
vn 0.0000 0.8152 -0.5792
vn 0.0000 0.8152 0.5792
vn -0.5628 -0.8266 0.0000
vn 0.5628 -0.8266 0.0000
vn 0.5792 0.8152 0.0000
vn -0.5792 0.8152 0.0000
vn -0.9637 0.0000 -0.2671
vn -0.9655 0.2605 0.0000
vn -0.9637 -0.0000 0.2671
vn -0.9644 -0.2644 0.0000
vn -0.9644 0.2644 0.0000
vn -0.9655 -0.2605 -0.0000
vn 0.0000 -0.8134 -0.5817
vn 0.0000 -0.8134 0.5817
vn 0.9970 -0.0777 0.0000
vn 0.9239 -0.0000 0.3827
vn 0.9228 -0.0722 0.3784
vn 0.7071 -0.0000 0.7071
vn 0.7107 -0.0561 0.7013
vn 0.3827 -0.0000 0.9239
vn 0.3907 -0.0314 0.9200
vn 0.0097 -0.0015 1.0000
vn -0.3827 -0.0000 0.9239
vn -0.3741 0.0290 0.9269
vn -0.7071 0.0000 0.7071
vn -0.7010 0.0553 0.7110
vn -0.9239 0.0000 0.3827
vn -0.9199 0.0730 0.3852
vn -0.9969 0.0792 0.0000
vn -0.9239 0.0000 -0.3827
vn -0.9199 0.0730 -0.3852
vn -0.7071 0.0000 -0.7071
vn -0.7010 0.0553 -0.7110
vn -0.3827 0.0000 -0.9239
vn -0.3741 0.0290 -0.9269
vn 0.0097 -0.0015 -1.0000
vn 0.3827 0.0000 -0.9239
vn 0.3907 -0.0314 -0.9200
vn 0.7071 0.0000 -0.7071
vn 0.7107 -0.0561 -0.7013
vn 0.9239 0.0000 -0.3827
vn 0.9228 -0.0722 -0.3784
vn 0.0185 -0.0060 0.9998
vn 0.3796 -0.1233 0.9169
vn 0.0185 -0.0060 -0.9998
vn 0.3795 -0.1233 -0.9169
vn 0.3229 -0.2346 -0.9169
vn 0.0158 -0.0115 -0.9998
vn -0.8759 0.2846 -0.3897
vn -0.9511 0.3090 -0.0000
vn 0.6815 -0.2214 -0.6975
vn 0.6815 -0.2214 0.6975
vn 0.8813 -0.2864 0.3760
vn -0.8759 0.2846 0.3897
vn -0.6630 0.2154 0.7170
vn -0.3479 0.1130 -0.9307
vn -0.3479 0.1130 0.9307
vn -0.6630 0.2154 -0.7170
vn 0.8813 -0.2863 -0.3760
vn 0.9511 -0.3090 -0.0000
vn -0.5640 0.4098 -0.7170
vn -0.2959 0.2150 -0.9307
vn -0.2150 0.2959 -0.9307
vn -0.4097 0.5640 -0.7170
vn -0.5640 0.4097 0.7170
vn -0.2959 0.2150 0.9307
vn 0.5797 -0.4212 -0.6975
vn -0.7450 0.5413 0.3897
vn 0.7497 -0.5447 -0.3760
vn -0.8090 0.5878 -0.0000
vn 0.7497 -0.5447 0.3760
vn 0.8090 -0.5878 -0.0000
vn -0.7450 0.5413 -0.3897
vn 0.5797 -0.4212 0.6975
vn 0.3229 -0.2346 0.9169
vn 0.0158 -0.0115 0.9998
vn 0.5878 -0.8090 -0.0000
vn 0.5447 -0.7497 0.3760
vn 0.2863 -0.8813 0.3760
vn 0.3090 -0.9511 -0.0000
vn 0.0115 -0.0158 0.9998
vn 0.2346 -0.3229 0.9169
vn 0.0115 -0.0158 -0.9998
vn -0.2150 0.2959 0.9307
vn 0.2346 -0.3229 -0.9169
vn -0.4097 0.5640 0.7170
vn 0.4212 -0.5797 -0.6975
vn -0.5413 0.7451 0.3897
vn 0.5447 -0.7497 -0.3760
vn -0.5878 0.8090 -0.0000
vn -0.5413 0.7451 -0.3897
vn 0.4212 -0.5797 0.6975
vn -0.1130 0.3479 0.9307
vn -0.2154 0.6630 0.7170
vn -0.0553 0.7010 0.7110
vn -0.0290 0.3741 0.9269
vn 0.2863 -0.8813 -0.3760
vn -0.2846 0.8759 -0.3897
vn -0.3090 0.9511 -0.0000
vn 0.2214 -0.6815 0.6975
vn -0.2154 0.6630 -0.7170
vn 0.1233 -0.3795 0.9169
vn -0.1130 0.3479 -0.9307
vn 0.0060 -0.0185 0.9998
vn 0.0060 -0.0185 -0.9998
vn 0.1233 -0.3796 -0.9169
vn 0.2214 -0.6815 -0.6975
vn -0.2846 0.8759 0.3897
vn -0.0553 0.7010 -0.7110
vn -0.0290 0.3741 -0.9269
vn 0.0000 0.3827 -0.9239
vn 0.0000 0.7071 -0.7071
vn 0.0561 -0.7107 -0.7013
vn 0.0314 -0.3907 -0.9200
vn -0.0730 0.9199 0.3852
vn 0.0721 -0.9228 -0.3784
vn -0.0792 0.9969 -0.0000
vn 0.0721 -0.9228 0.3784
vn 0.0777 -0.9970 -0.0000
vn -0.0730 0.9199 -0.3852
vn 0.0561 -0.7107 0.7013
vn 0.0314 -0.3907 0.9200
vn 0.0015 -0.0098 1.0000
vn 0.0015 -0.0098 -1.0000
vn -0.0000 -0.3827 0.9239
vn 0.0000 0.3827 0.9239
vn -0.0000 -0.3827 -0.9239
vn 0.0000 0.7071 0.7071
vn -0.0000 -0.7071 -0.7071
vn 0.0000 0.9239 0.3827
vn 0.0000 -0.9239 -0.3827
vn 0.0000 -0.9239 0.3827
vn 0.0000 0.9239 -0.3827
vn 0.0000 -0.7071 0.7071
vn 0.2548 0.9670 0.0000
vn 0.4931 0.8700 0.0000
vn 0.4931 0.8038 -0.3329
vn 0.2548 0.8934 -0.3700
vn -0.9618 0.2739 0.0000
vn -0.9618 0.2530 -0.1048
vn 0.8590 0.5120 0.0000
vn 0.9618 0.2739 0.0000
vn 0.9618 0.2530 -0.1048
vn 0.8590 0.4731 -0.1959
vn -0.6991 0.7151 0.0000
vn -0.4931 0.8700 0.0000
vn -0.4931 0.8038 -0.3329
vn -0.6991 0.6606 -0.2736
vn 0.6991 0.7151 0.0000
vn 0.6991 0.6606 -0.2736
vn -0.8590 0.5120 0.0000
vn -0.8590 0.4730 -0.1959
vn -0.2548 0.9670 0.0000
vn -0.2548 0.8934 -0.3700
vn 0.8590 0.3621 -0.3621
vn 0.6991 0.5056 -0.5056
vn -0.6991 0.5056 -0.5056
vn -0.8590 0.3620 -0.3620
vn -0.2549 0.6838 -0.6838
vn 0.4931 0.6151 -0.6152
vn -0.9618 0.1937 -0.1937
vn 0.9618 0.1937 -0.1937
vn -0.4931 0.6152 -0.6152
vn 0.2549 0.6838 -0.6838
vn -0.9618 0.1048 -0.2530
vn 0.9618 0.1048 -0.2530
vn 0.8590 0.1959 -0.4731
vn -0.4931 0.3329 -0.8038
vn -0.6991 0.2736 -0.6606
vn 0.2549 0.3700 -0.8934
vn 0.6991 0.2736 -0.6606
vn -0.8590 0.1959 -0.4730
vn -0.2549 0.3700 -0.8934
vn 0.4931 0.3329 -0.8037
vn 0.6991 -0.0000 -0.7151
vn 0.4931 -0.0000 -0.8700
vn -0.8590 -0.0000 -0.5120
vn -0.9618 -0.0000 -0.2739
vn 0.9618 0.0000 -0.2739
vn -0.2549 -0.0000 -0.9670
vn -0.4931 -0.0000 -0.8700
vn 0.2549 -0.0000 -0.9670
vn 0.8590 -0.0000 -0.5120
vn -0.6991 -0.0000 -0.7151
vn 0.8590 -0.1959 -0.4731
vn 0.6991 -0.2736 -0.6606
vn -0.6991 -0.2736 -0.6606
vn -0.8590 -0.1959 -0.4730
vn -0.2549 -0.3701 -0.8934
vn 0.4931 -0.3329 -0.8038
vn -0.9618 -0.1048 -0.2530
vn 0.9618 -0.1048 -0.2530
vn -0.4931 -0.3329 -0.8038
vn 0.2549 -0.3701 -0.8934
vn 0.4931 -0.6151 -0.6152
vn 0.2549 -0.6837 -0.6838
vn -0.9618 -0.1937 -0.1937
vn 0.9618 -0.1937 -0.1937
vn 0.8590 -0.3620 -0.3621
vn -0.4931 -0.6151 -0.6152
vn -0.6991 -0.5056 -0.5056
vn 0.6991 -0.5056 -0.5056
vn -0.8590 -0.3620 -0.3620
vn -0.2549 -0.6837 -0.6838
vn 0.6991 -0.6606 -0.2736
vn 0.4931 -0.8037 -0.3329
vn -0.8590 -0.4730 -0.1959
vn -0.9618 -0.2531 -0.1048
vn 0.9618 -0.2530 -0.1048
vn -0.2548 -0.8934 -0.3700
vn -0.4931 -0.8038 -0.3329
vn 0.2548 -0.8934 -0.3700
vn 0.8590 -0.4730 -0.1959
vn -0.6991 -0.6606 -0.2736
vn 0.2548 -0.9670 0.0000
vn 0.8590 -0.5120 0.0000
vn 0.6991 -0.7150 0.0000
vn -0.6991 -0.7151 0.0000
vn -0.8590 -0.5120 0.0000
vn -0.2548 -0.9670 0.0000
vn 0.4931 -0.8700 0.0000
vn -0.9618 -0.2739 0.0000
vn 0.9618 -0.2739 0.0000
vn -0.4931 -0.8700 0.0000
vn 0.4931 -0.8037 0.3329
vn 0.2548 -0.8934 0.3700
vn -0.9618 -0.2531 0.1048
vn 0.9618 -0.2531 0.1048
vn 0.8590 -0.4731 0.1959
vn -0.4931 -0.8037 0.3329
vn -0.6991 -0.6606 0.2736
vn 0.6991 -0.6606 0.2736
vn -0.8590 -0.4730 0.1959
vn -0.2548 -0.8934 0.3700
vn -0.2549 -0.6838 0.6838
vn 0.6991 -0.5056 0.5056
vn 0.4931 -0.6152 0.6152
vn -0.8590 -0.3620 0.3620
vn -0.9618 -0.1937 0.1937
vn 0.9618 -0.1937 0.1937
vn -0.4931 -0.6152 0.6152
vn 0.2549 -0.6838 0.6838
vn 0.8590 -0.3620 0.3621
vn -0.6991 -0.5056 0.5056
vn 0.2549 -0.3701 0.8934
vn 0.8590 -0.1959 0.4730
vn 0.6991 -0.2737 0.6606
vn -0.6991 -0.2737 0.6606
vn -0.8590 -0.1959 0.4730
vn -0.2549 -0.3701 0.8934
vn 0.4931 -0.3329 0.8038
vn -0.9618 -0.1048 0.2531
vn 0.9618 -0.1048 0.2531
vn -0.4931 -0.3329 0.8038
vn -0.2548 -0.0000 0.9670
vn -0.4931 -0.0000 0.8700
vn 0.4931 -0.0000 0.8700
vn 0.2548 -0.0000 0.9670
vn -0.9618 -0.0000 0.2739
vn 0.9618 -0.0000 0.2739
vn 0.8590 -0.0000 0.5120
vn -0.6991 -0.0000 0.7151
vn 0.6991 -0.0000 0.7151
vn -0.8590 0.0000 0.5120
vn -0.2549 0.3700 0.8934
vn 0.6991 0.2737 0.6606
vn 0.4931 0.3329 0.8038
vn -0.8590 0.1959 0.4730
vn -0.9618 0.1048 0.2531
vn 0.9618 0.1048 0.2531
vn -0.4931 0.3329 0.8038
vn 0.2549 0.3700 0.8934
vn 0.8590 0.1959 0.4730
vn -0.6991 0.2737 0.6606
vn -0.4931 0.6152 0.6152
vn -0.6991 0.5056 0.5056
vn 0.2549 0.6838 0.6837
vn 0.8590 0.3621 0.3621
vn 0.6991 0.5056 0.5056
vn -0.8590 0.3620 0.3620
vn -0.2549 0.6838 0.6837
vn 0.4931 0.6152 0.6152
vn -0.9618 0.1937 0.1937
vn 0.9618 0.1937 0.1937
vn 0.9618 0.2530 0.1048
vn -0.2548 0.8934 0.3700
vn -0.4931 0.8038 0.3329
vn 0.4931 0.8037 0.3329
vn 0.2548 0.8934 0.3700
vn -0.9618 0.2530 0.1048
vn 0.8590 0.4731 0.1959
vn -0.6991 0.6606 0.2736
vn 0.6991 0.6606 0.2736
vn -0.8590 0.4730 0.1959
vn -0.9618 0.2531 0.1048
vn -0.8590 0.4731 0.1959
vn -0.8590 0.3621 0.3621
vn 0.2548 0.6838 0.6837
vn 0.9618 0.1937 0.1936
vn 0.9618 0.1048 0.2530
vn -0.8590 0.1960 0.4730
vn 0.4931 0.3329 0.8037
vn 0.8590 0.1960 0.4730
vn 0.2548 0.3700 0.8934
vn -0.8590 -0.1960 0.4730
vn 0.8590 -0.1960 0.4730
vn 0.2548 -0.3701 0.8934
vn 0.9618 -0.1048 0.2530
vn 0.4931 -0.3329 0.8037
vn 0.9618 -0.1936 0.1937
vn -0.8590 -0.3620 0.3621
vn 0.2548 -0.6838 0.6838
vn 0.9618 -0.2530 0.1048
vn -0.9617 -0.2531 0.1048
vn -0.6991 -0.7150 0.0000
vn 0.9618 -0.2738 0.0000
vn -0.4931 -0.8037 -0.3329
vn 0.2548 -0.6837 -0.6838
vn 0.9618 -0.1936 -0.1937
vn -0.8590 -0.3620 -0.3621
vn -0.2549 -0.3700 -0.8934
vn -0.8590 -0.1959 -0.4731
vn -0.9618 -0.1048 -0.2531
vn 0.4931 -0.3329 -0.8037
vn -0.4931 0.3329 -0.8037
vn -0.9618 0.1048 -0.2531
vn -0.8590 0.1959 -0.4731
vn -0.8590 0.3621 -0.3621
vn 0.2548 0.6838 -0.6838
vn -0.4931 0.6151 -0.6152
vn 0.9618 0.1937 -0.1936
vn -0.9618 0.2531 -0.1048
vn -0.8590 0.4731 -0.1959
usemtl Pack3
s off
f 1/1/1 2/2/1 3/3/1 4/4/1
f 5/5/2 6/6/2 7/7/2
f 5/5/3 8/8/3 9/9/3 6/6/3
f 10/10/4 9/9/4 8/8/4
f 11/11/5 10/10/5 8/8/5 12/12/5
f 13/13/6 8/8/6 14/14/6
f 15/15/2 5/5/2 7/7/2 16/16/2
f 12/12/6 8/8/6 13/13/6
f 17/17/7 18/18/7 5/5/7 15/15/7
f 14/14/8 8/8/8 5/5/8 18/18/8
f 19/19/9 17/17/9 15/15/9 16/16/9
f 3/3/10 12/20/10 13/21/10 20/22/10
f 21/23/11 22/24/11 23/25/11 24/26/11
f 25/27/12 22/28/12 21/29/12 26/30/12
f 26/31/13 21/32/13 24/33/13 27/34/13
f 27/34/14 24/33/14 23/35/14 28/36/14
f 28/36/15 11/37/15 27/34/15
f 29/38/16 30/39/16 4/4/16
f 3/3/17 29/38/17 4/4/17
f 30/39/6 31/40/6 32/41/6 33/42/6
f 34/43/18 35/44/18 36/45/18 37/46/18
f 36/45/18 32/47/18 31/48/18 37/46/18
f 38/49/19 37/50/19 31/40/19 30/39/19
f 39/51/19 34/52/19 37/53/19 38/54/19
f 40/55/20 38/49/20 30/39/20 29/38/20
f 41/56/21 39/51/21 40/57/21
f 42/58/6 43/59/6 44/60/6 29/38/6
f 29/38/22 44/60/22 45/61/22 40/55/22
f 46/62/23 1/63/23 4/64/23 47/65/23
f 30/66/24 47/65/24 4/64/24
f 2/2/25 48/67/25 49/68/25 26/31/25 3/3/25
f 33/69/6 46/62/6 47/65/6 30/66/6
f 3/3/26 26/31/26 27/34/26 12/20/26
f 29/38/27 3/3/27 20/22/27 42/58/27
f 39/51/28 38/54/28 40/57/28
f 50/70/18 51/71/18 52/72/18 53/73/18
f 48/74/29 50/70/29 53/73/29 49/75/29
f 26/30/30 52/72/30 51/71/30 25/27/30
f 49/75/31 53/73/31 52/72/31 26/30/31
f 27/34/32 11/37/32 12/20/32
f 54/76/19 55/77/19 39/78/19
f 163/79/6 162/80/6 2327/81/6 2328/82/6
f 34/83/7 39/84/7 59/85/7 35/86/7
f 210/87/6 209/88/6 2325/89/6 57/90/6
f 60/91/18 55/92/18 58/93/18 61/94/18
f 1/1/33 62/95/33 63/96/33 2/2/33
f 64/97/34 7/7/34 6/6/34
f 65/98/35 66/99/35 67/100/35
f 64/97/36 6/6/36 9/9/36 68/101/36
f 10/10/37 68/101/37 9/9/37
f 11/11/38 69/102/38 68/101/38 10/10/38
f 70/103/6 71/104/6 68/101/6
f 72/105/34 16/16/34 7/7/34 64/97/34
f 69/102/6 70/103/6 68/101/6
f 73/106/7 72/105/7 64/97/7 74/107/7
f 71/104/39 74/107/39 64/97/39 68/101/39
f 19/19/40 16/16/40 72/105/40 73/106/40
f 63/96/41 75/108/41 70/109/41 69/110/41
f 76/111/42 77/112/42 23/25/42 22/24/42
f 25/27/12 78/113/12 76/114/12 22/28/12
f 78/115/43 79/116/43 77/117/43 76/118/43
f 79/116/44 28/36/44 23/35/44 77/117/44
f 28/36/45 79/116/45 11/37/45
f 75/108/46 62/95/46 80/119/46
f 80/119/6 33/42/6 32/41/6 81/120/6
f 82/121/18 83/122/18 36/45/18 35/44/18
f 36/45/18 83/122/18 81/123/18 32/47/18
f 67/124/47 80/119/47 81/120/47 83/125/47
f 84/126/47 67/100/47 83/127/47 82/128/47
f 46/62/23 85/129/23 62/130/23 1/63/23
f 80/131/48 62/130/48 85/129/48
f 80/119/35 67/124/35 66/132/35 75/108/35
f 2/2/49 63/96/49 78/115/49 86/133/49 48/67/49
f 33/69/6 80/131/6 85/129/6 46/62/6
f 63/96/50 69/110/50 79/116/50 78/115/50
f 75/108/51 63/96/51 62/95/51
f 67/100/35 84/126/35 65/98/35
f 50/70/18 87/134/18 88/135/18 51/71/18
f 48/74/29 86/136/29 87/134/29 50/70/29
f 78/113/30 25/27/30 51/71/30 88/135/30
f 86/136/52 78/113/52 88/135/52 87/134/52
f 79/116/53 69/110/53 11/37/53
f 59/85/54 39/84/54 55/92/54 60/91/54
f 89/137/47 84/138/47 90/139/47
f 91/140/55 89/137/55 90/139/55 92/141/55 93/142/55
f 82/143/7 35/86/7 59/85/7 84/144/7
f 65/145/7 84/138/7 89/137/7 91/140/7
f 84/144/54 59/85/54 60/91/54 90/146/54
f 60/91/18 61/94/18 92/147/18 90/146/18
f 94/148/56 95/149/56 96/150/56 97/151/56
f 98/152/34 99/153/34 100/154/34
f 101/155/57 102/156/57 103/157/57
f 98/152/36 100/154/36 104/158/36 105/159/36
f 106/160/37 105/159/37 104/158/37
f 107/161/38 108/162/38 105/159/38 106/160/38
f 109/163/6 110/164/6 105/159/6
f 111/165/34 112/166/34 99/153/34 98/152/34
f 108/162/6 109/163/6 105/159/6
f 113/167/7 111/165/7 98/152/7 114/168/7
f 110/164/50 114/168/50 98/152/50 105/159/50
f 115/169/58 112/166/58 111/165/58 113/167/58
f 96/150/59 116/170/59 109/171/59 108/172/59
f 117/173/42 118/174/42 119/175/42 120/176/42
f 121/177/12 122/178/12 117/179/12 120/180/12
f 122/181/43 123/182/43 118/183/43 117/184/43
f 123/182/44 124/185/44 119/186/44 118/183/44
f 125/187/7 126/188/7 127/189/7 128/190/7
f 124/185/45 123/182/45 107/191/45
f 129/192/60 95/149/60 130/193/60
f 96/150/61 95/149/61 129/192/61
f 130/193/6 131/194/6 132/195/6 133/196/6
f 134/197/18 135/198/18 136/199/18 137/200/18
f 136/201/18 135/202/18 133/203/18 132/204/18
f 138/205/47 130/193/47 133/196/47 135/206/47
f 139/207/47 138/208/47 135/209/47 134/210/47
f 126/188/62 103/211/62 102/212/62
f 125/187/63 129/192/63 130/193/63 138/205/63
f 128/213/18 127/214/18 140/215/18 141/216/18
f 126/188/47 142/217/47 140/218/47 127/189/47
f 142/217/6 129/192/6 141/219/6 140/218/6
f 129/192/19 125/187/19 128/190/19 141/219/19
f 143/220/23 144/221/23 95/222/23 94/223/23
f 130/224/48 95/222/48 144/221/48
f 142/217/64 126/188/64 102/212/64 116/170/64
f 97/151/49 96/150/49 122/181/49 145/225/49 146/226/49
f 131/227/6 130/224/6 144/221/6 143/220/6
f 96/150/50 108/172/50 123/182/50 122/181/50
f 129/192/65 142/217/65 116/170/65 96/150/65
f 139/207/66 147/228/66 138/208/66
f 147/229/67 125/187/67 138/205/67
f 103/157/68 147/228/68 139/207/68 101/155/68
f 125/187/69 147/229/69 103/211/69 126/188/69
f 148/230/18 149/231/18 150/232/18 151/233/18
f 146/234/29 145/235/29 149/231/29 148/230/29
f 122/178/30 121/177/30 151/233/30 150/232/30
f 145/235/52 122/178/52 150/232/52 149/231/52
f 123/182/53 108/172/53 107/191/53
f 139/236/18 152/237/18 153/238/18 154/239/18
f 155/240/47 139/241/47 154/242/47 156/243/47
f 157/244/7 158/245/7 159/246/7 160/247/7
f 161/248/70 155/240/70 160/249/70 162/80/70 163/79/70
f 134/250/7 137/251/7 152/252/7 139/253/7
f 101/254/7 139/241/7 155/240/7 161/248/7
f 154/255/7 153/256/7 164/257/7 156/258/7
f 156/259/18 164/260/18 158/261/18 157/262/18
f 155/240/47 156/243/47 157/263/47 160/249/47
f 159/264/18 165/265/18 162/266/18 160/267/18
f 94/148/71 97/151/71 166/268/71 167/269/71
f 168/270/2 100/154/2 99/153/2
f 169/271/72 170/272/72 171/273/72
f 168/270/3 172/274/3 104/158/3 100/154/3
f 106/160/4 104/158/4 172/274/4
f 107/161/5 106/160/5 172/274/5 173/275/5
f 174/276/6 172/274/6 175/277/6
f 176/278/2 168/270/2 99/153/2 112/166/2
f 173/275/6 172/274/6 174/276/6
f 177/279/7 178/280/7 168/270/7 176/278/7
f 175/277/73 172/274/73 168/270/73 178/280/73
f 115/169/74 177/279/74 176/278/74 112/166/74
f 166/268/75 173/281/75 174/282/75 179/283/75
f 180/284/11 120/176/11 119/175/11 181/285/11
f 121/177/12 120/180/12 180/286/12 182/287/12
f 182/288/13 180/289/13 181/290/13 183/291/13
f 183/291/14 181/290/14 119/186/14 124/185/14
f 184/292/7 185/293/7 186/294/7 187/295/7
f 124/185/15 107/191/15 183/291/15
f 188/296/16 189/297/16 167/269/16
f 166/268/17 188/296/17 167/269/17
f 189/297/6 190/298/6 132/195/6 131/194/6
f 191/299/18 137/200/18 136/199/18 192/300/18
f 136/201/18 132/204/18 190/301/18 192/302/18
f 193/303/19 192/304/19 190/298/19 189/297/19
f 194/305/19 191/306/19 192/307/19 193/308/19
f 187/295/76 171/309/76 170/310/76
f 184/292/77 193/303/77 189/297/77 188/296/77
f 185/311/18 195/312/18 196/313/18 186/314/18
f 187/295/19 186/294/19 196/315/19 197/316/19
f 197/316/6 196/315/6 195/317/6 188/296/6
f 188/296/47 195/317/47 185/293/47 184/292/47
f 143/220/23 94/223/23 167/318/23 198/319/23
f 189/320/24 198/319/24 167/318/24
f 197/316/78 179/283/78 171/309/78 187/295/78
f 97/151/79 146/226/79 199/321/79 182/288/79 166/268/79
f 131/227/6 143/220/6 198/319/6 189/320/6
f 166/268/73 182/288/73 183/291/73 173/281/73
f 188/296/27 166/268/27 179/283/27 197/316/27
f 194/305/80 193/308/80 200/322/80
f 200/323/81 193/303/81 184/292/81
f 170/272/82 169/271/82 194/305/82 200/322/82
f 184/292/83 187/295/83 170/310/83 200/323/83
f 148/230/18 151/233/18 201/324/18 202/325/18
f 146/234/29 148/230/29 202/325/29 199/326/29
f 182/287/30 201/324/30 151/233/30 121/177/30
f 199/326/31 202/325/31 201/324/31 182/287/31
f 183/291/32 107/191/32 173/281/32
f 194/327/18 203/328/18 153/238/18 152/237/18
f 204/329/19 205/330/19 203/331/19 194/332/19
f 206/333/7 207/334/7 159/246/7 158/245/7
f 208/335/84 209/88/84 210/87/84 207/336/84 204/329/84
f 191/337/7 194/338/7 152/252/7 137/251/7
f 169/339/7 208/335/7 204/329/7 194/332/7
f 203/340/7 205/341/7 164/257/7 153/256/7
f 205/342/18 206/343/18 158/261/18 164/260/18
f 204/329/19 207/336/19 206/344/19 205/330/19
f 159/264/18 207/345/18 210/346/18 165/265/18
f 211/347/85 212/348/85 213/349/85 214/350/85
f 215/351/86 216/352/86 217/353/86
f 218/354/87 219/355/87 220/356/87
f 215/351/88 221/357/88 222/358/88 216/352/88
f 223/359/89 222/358/89 221/357/89
f 224/360/90 223/359/90 221/357/90 225/361/90
f 226/362/6 221/357/6 227/363/6
f 228/364/86 215/351/86 217/353/86 229/365/86
f 225/361/6 221/357/6 226/362/6
f 230/366/7 231/367/7 215/351/7 228/364/7
f 227/363/91 221/357/91 215/351/91 231/367/91
f 115/169/92 230/366/92 228/364/92 229/365/92
f 213/349/93 225/368/93 226/369/93 232/370/93
f 233/371/94 234/372/94 235/373/94 236/374/94
f 237/375/95 234/376/95 233/377/95 238/378/95
f 238/379/96 233/380/96 236/381/96 239/382/96
f 239/382/97 236/381/97 235/383/97 240/384/97
f 241/385/7 242/386/7 243/387/7 244/388/7
f 240/384/98 224/389/98 239/382/98
f 245/390/99 246/391/99 214/350/99
f 213/349/100 245/390/100 214/350/100
f 244/388/101 220/392/101 219/393/101
f 241/385/102 247/394/102 246/391/102 245/390/102
f 242/395/47 248/396/47 249/397/47 243/398/47
f 244/388/18 243/387/18 249/399/18 250/400/18
f 250/400/6 249/399/6 248/401/6 245/390/6
f 245/390/103 248/401/103 242/386/103 241/385/103
f 250/400/104 232/370/104 220/392/104 244/388/104
f 212/348/105 251/402/105 252/403/105 238/379/105 213/349/105
f 213/349/106 238/379/106 239/382/106 225/368/106
f 245/390/107 213/349/107 232/370/107 250/400/107
f 253/404/108 247/405/108 254/406/108
f 254/407/109 247/394/109 241/385/109
f 219/355/110 218/354/110 253/404/110 254/406/110
f 241/385/111 244/388/111 219/393/111 254/407/111
f 255/408/47 256/409/47 257/410/47 258/411/47
f 251/412/112 255/408/112 258/411/112 252/413/112
f 238/378/113 257/410/113 256/409/113 237/375/113
f 252/413/114 258/411/114 257/410/114 238/378/114
f 239/382/115 224/389/115 225/368/115
f 259/414/47 260/415/47 261/416/47 262/417/47
f 263/418/116 264/419/116 262/417/116 261/416/116
f 218/420/7 263/418/7 261/416/7 253/421/7
f 211/347/117 265/422/117 212/348/117
f 266/423/118 217/353/118 216/352/118
f 169/271/119 171/273/119 267/424/119
f 266/423/120 216/352/120 222/358/120 268/425/120
f 223/359/121 268/425/121 222/358/121
f 224/360/122 269/426/122 268/425/122 223/359/122
f 174/276/6 175/277/6 268/425/6
f 270/427/118 229/365/118 217/353/118 266/423/118
f 269/426/6 174/276/6 268/425/6
f 177/279/7 270/427/7 266/423/7 178/280/7
f 175/277/123 178/280/123 266/423/123 268/425/123
f 115/169/124 229/365/124 270/427/124 177/279/124
f 265/422/125 179/283/125 174/282/125 269/428/125
f 271/429/126 272/430/126 235/373/126 234/372/126
f 237/375/95 273/431/95 271/432/95 234/376/95
f 273/433/127 274/434/127 272/435/127 271/436/127
f 274/434/128 240/384/128 235/383/128 272/435/128
f 275/437/7 276/438/7 277/439/7 278/440/7
f 240/384/129 274/434/129 224/389/129
f 279/441/130 211/347/130 280/442/130
f 265/422/131 211/347/131 279/441/131
f 276/438/132 267/443/132 171/309/132
f 275/437/133 279/441/133 280/442/133 281/444/133
f 278/445/47 277/446/47 282/447/47 283/448/47
f 276/438/103 284/449/103 282/450/103 277/439/103
f 284/449/6 279/441/6 283/451/6 282/450/6
f 279/441/18 275/437/18 278/440/18 283/451/18
f 247/394/47 281/444/47 280/442/47 246/391/47
f 284/449/134 276/438/134 171/309/134 179/283/134
f 212/348/135 265/422/135 273/433/135 285/452/135 251/402/135
f 214/350/47 246/391/47 280/442/47 211/347/47
f 265/422/136 269/428/136 274/434/136 273/433/136
f 279/441/137 284/449/137 179/283/137 265/422/137
f 286/453/138 287/454/138 281/455/138
f 287/456/139 275/437/139 281/444/139
f 267/424/140 287/454/140 286/453/140 169/271/140
f 275/437/141 287/456/141 267/443/141 276/438/141
f 255/408/47 288/457/47 289/458/47 256/409/47
f 251/412/112 285/459/112 288/457/112 255/408/112
f 273/431/113 237/375/113 256/409/113 289/458/113
f 285/459/142 273/431/142 289/458/142 288/457/142
f 274/434/143 269/428/143 224/389/143
f 253/404/47 286/453/47 281/455/47 247/405/47
f 208/335/144 260/415/144 259/414/144 209/88/144
f 169/339/7 286/460/7 260/415/7 208/335/7
f 260/415/7 286/460/7 253/421/7 261/416/7
f 290/461/145 291/462/145 292/463/145 293/464/145
f 294/465/2 295/466/2 296/467/2
f 218/354/146 220/356/146 297/468/146
f 294/465/147 296/467/147 298/469/147 299/470/147
f 300/471/4 299/470/4 298/469/4
f 301/472/148 302/473/148 299/470/148 300/471/148
f 226/362/6 227/363/6 299/470/6
f 303/474/2 304/475/2 295/466/2 294/465/2
f 302/473/6 226/362/6 299/470/6
f 230/366/7 303/474/7 294/465/7 231/367/7
f 227/363/149 231/367/149 294/465/149 299/470/149
f 292/463/150 232/370/150 226/369/150 302/476/150
f 305/477/151 306/478/151 307/479/151 308/480/151
f 309/481/152 310/482/152 305/483/152 308/484/152
f 310/485/153 311/486/153 306/487/153 305/488/153
f 311/486/154 312/489/154 307/490/154 306/487/154
f 313/491/7 314/492/7 315/493/7 316/494/7
f 312/489/155 311/486/155 301/495/155
f 317/496/156 291/462/156 318/497/156
f 292/463/157 291/462/157 317/496/157
f 318/497/6 319/498/6 320/499/6 321/500/6
f 322/501/103 323/502/103 324/503/103 325/504/103
f 324/505/103 323/506/103 321/507/103 320/508/103
f 326/509/19 318/497/19 321/500/19 323/510/19
f 327/511/19 326/512/19 323/513/19 322/514/19
f 314/492/158 297/515/158 220/392/158
f 313/491/159 317/496/159 318/497/159 326/509/159
f 316/516/103 315/517/103 328/518/103 329/519/103
f 314/492/19 330/520/19 328/521/19 315/493/19
f 330/520/6 317/496/6 329/522/6 328/521/6
f 317/496/47 313/491/47 316/494/47 329/522/47
f 331/523/160 332/524/160 291/525/160 290/526/160
f 318/527/24 291/525/24 332/524/24
f 330/520/161 314/492/161 220/392/161 232/370/161
f 293/464/162 292/463/162 310/485/162 333/528/162 334/529/162
f 319/530/6 318/527/6 332/524/6 331/523/6
f 292/463/163 302/476/163 311/486/163 310/485/163
f 317/496/164 330/520/164 232/370/164 292/463/164
f 327/511/165 335/531/165 326/512/165
f 335/532/166 313/491/166 326/509/166
f 297/468/167 335/531/167 327/511/167 218/354/167
f 313/491/168 335/532/168 297/515/168 314/492/168
f 336/533/103 337/534/103 338/535/103 339/536/103
f 334/537/169 333/538/169 337/534/169 336/533/169
f 310/482/170 309/481/170 339/536/170 338/535/170
f 333/538/171 310/482/171 338/535/171 337/534/171
f 311/486/172 302/476/172 301/495/172
f 340/539/7 341/540/7 342/541/7 343/542/7
f 322/543/7 325/544/7 341/540/7 327/545/7
f 218/420/7 327/545/7 344/546/7 263/418/7
f 290/461/173 293/464/173 345/547/173 346/548/173
f 347/549/34 296/467/34 295/466/34
f 348/550/174 349/551/174 350/552/174
f 347/549/175 351/553/175 298/469/175 296/467/175
f 300/471/37 298/469/37 351/553/37
f 301/472/176 300/471/176 351/553/176 352/554/176
f 353/555/34 347/549/34 295/466/34 304/475/34
f 345/547/177 352/556/177 354/557/177
f 355/558/178 308/480/178 307/479/178 356/559/178
f 309/481/152 308/484/152 355/560/152 357/561/152
f 357/562/179 355/563/179 356/564/179 358/565/179
f 358/565/180 356/564/180 307/490/180 312/489/180
f 359/566/7 360/567/7 361/568/7 362/569/7
f 312/489/181 301/495/181 358/565/181
f 363/570/182 364/571/182 346/548/182
f 345/547/183 363/570/183 346/548/183
f 364/571/6 365/572/6 320/499/6 319/498/6
f 366/573/103 325/504/103 324/503/103 367/574/103
f 324/505/103 320/508/103 365/575/103 367/576/103
f 368/577/47 367/578/47 365/572/47 364/571/47
f 342/579/47 366/580/47 367/581/47 368/582/47
f 362/569/184 350/583/184 349/584/184
f 359/566/185 368/577/185 364/571/185 363/570/185
f 360/585/103 369/586/103 370/587/103 361/588/103
f 362/569/47 361/568/47 370/589/47 371/590/47
f 371/590/6 370/589/6 369/591/6 363/570/6
f 363/570/19 369/591/19 360/567/19 359/566/19
f 331/523/160 290/526/160 346/592/160 372/593/160
f 364/594/48 372/593/48 346/592/48
f 371/590/186 354/557/186 350/583/186 362/569/186
f 293/464/187 334/529/187 373/595/187 357/562/187 345/547/187
f 319/530/6 331/523/6 372/593/6 364/594/6
f 345/547/188 357/562/188 358/565/188 352/556/188
f 363/570/189 345/547/189 354/557/189 371/590/189
f 342/579/190 368/582/190 374/596/190
f 374/597/191 368/577/191 359/566/191
f 349/551/192 348/550/192 342/579/192 374/596/192
f 359/566/193 362/569/193 349/584/193 374/597/193
f 336/533/103 339/536/103 375/598/103 376/599/103
f 334/537/169 336/533/169 376/599/169 373/600/169
f 357/561/170 375/598/170 339/536/170 309/481/170
f 373/600/194 376/599/194 375/598/194 357/561/194
f 358/565/195 301/495/195 352/556/195
f 264/419/103 263/418/103 344/546/103 377/601/103
f 378/602/103 379/603/103 343/542/103 380/604/103
f 366/605/7 342/541/7 341/540/7 325/544/7
f 348/606/7 380/604/7 343/542/7 342/541/7
f 340/539/103 381/607/103 377/601/103 344/546/103
f 115/169/196 113/167/196 382/608/196
f 114/168/19 110/164/19 383/609/19 384/610/19
f 110/164/6 109/163/6 385/611/6 383/609/6
f 102/156/19 101/155/19 386/612/19 387/613/19
f 116/170/19 102/212/19 387/614/19 388/615/19
f 101/254/7 161/248/7 389/616/7 386/617/7
f 109/171/197 116/170/197 388/615/197 385/618/197
f 113/167/7 114/168/7 384/610/7 382/608/7
f 389/616/19 161/248/19 163/79/19 390/619/19
f 348/550/103 350/552/103 391/620/103 392/621/103
f 354/557/198 352/556/198 393/622/198 394/623/198
f 351/553/199 347/549/199 395/624/199 396/625/199
f 350/583/103 354/557/103 394/623/103 391/626/103
f 353/555/200 397/627/200 19/19/200 398/628/200
f 380/604/7 348/606/7 392/629/7 399/630/7
f 352/554/6 351/553/6 396/625/6 393/631/6
f 347/549/7 353/555/7 398/628/7 395/624/7
f 17/17/201 19/19/201 397/627/201
f 115/169/202 382/608/202 397/627/202
f 397/627/203 353/555/203 304/475/203
f 115/169/204 397/627/204 304/475/204 303/474/204 230/366/204
f 19/19/205 73/106/205 398/628/205
f 74/107/7 395/624/7 398/628/7 73/106/7
f 71/104/206 396/625/206 395/624/206 74/107/206
f 71/104/6 70/103/6 393/631/6 396/625/6
f 75/108/207 394/623/207 393/622/207 70/109/207
f 400/632/146 401/633/146 402/634/146 403/635/146
f 65/98/208 392/621/208 391/620/208 66/99/208
f 65/145/7 91/140/7 399/630/7 392/629/7
f 399/630/209 91/140/209 93/142/209 404/636/209
f 380/604/103 399/630/103 404/636/103 378/602/103
f 343/542/103 379/603/103 381/607/103 340/539/103
f 344/546/7 327/545/7 341/540/7 340/539/7
f 401/633/210 400/632/210 75/108/210 66/132/210
f 405/637/210 406/638/210 391/626/210 394/623/210
f 400/632/211 405/637/211 394/623/211 75/108/211
f 406/638/211 401/633/211 66/132/211 391/626/211
f 402/639/212 407/640/212 408/641/212 403/642/212
f 401/633/7 406/638/7 407/643/7 402/634/7
f 406/638/213 405/637/213 408/644/213 407/643/213
f 405/637/6 400/632/6 403/635/6 408/644/6
f 409/645/47 410/646/47 411/647/47 412/648/47
f 412/648/103 411/647/103 413/649/103 414/650/103
f 414/650/19 413/649/19 415/651/19 416/652/19
f 416/652/18 415/651/18 410/646/18 409/645/18
f 413/653/6 411/654/6 417/655/6 418/656/6
f 419/657/19 418/656/19 420/658/19 421/659/19
f 415/660/6 413/653/6 418/656/6 419/657/6
f 411/654/6 410/661/6 422/662/6 417/655/6
f 410/661/6 415/660/6 419/657/6 422/662/6
f 423/663/7 421/659/7 424/664/7 425/665/7
f 417/655/47 422/662/47 423/663/47 426/666/47
f 422/662/18 419/657/18 421/659/18 423/663/18
f 418/656/103 417/655/103 426/666/103 420/658/103
f 427/667/47 428/668/47 429/669/47 430/670/47
f 420/658/7 426/666/7 431/671/7 432/672/7
f 421/659/7 420/658/7 432/672/7 424/664/7
f 426/666/7 423/663/7 425/665/7 431/671/7
f 429/669/7 433/673/7 434/674/7 430/670/7
f 435/675/19 436/676/19 434/674/19 433/673/19
f 436/676/103 427/667/103 430/670/103 434/674/103
f 428/668/18 435/675/18 433/673/18 429/669/18
f 432/672/18 431/671/18 435/677/18 428/678/18
f 425/665/103 424/664/103 427/679/103 436/680/103
f 431/671/19 425/665/19 436/680/19 435/677/19
f 424/664/47 432/672/47 428/678/47 427/679/47
f 437/681/18 438/682/18 439/683/18 440/684/18
f 441/685/19 442/686/19 443/687/19 444/688/19
f 442/686/7 445/689/7 446/690/7 447/691/7 448/692/7 439/683/7 438/682/7 443/687/7
f 449/693/47 448/692/47 447/691/47 450/694/47
f 451/695/103 446/690/103 445/689/103 452/696/103
f 440/684/214 439/683/214 448/692/214 449/693/214
f 453/697/215 454/698/215 455/699/215 456/700/215
f 457/701/216 458/702/216 459/703/216 460/704/216
f 461/705/217 462/706/217 463/707/217 464/708/217
f 455/699/6 454/698/6 459/703/6 458/702/6 463/707/6 462/706/6 465/709/6 466/710/6
f 438/682/217 437/681/217 444/688/217 443/687/217
f 442/686/216 441/685/216 452/696/216 445/689/216
f 446/690/215 451/695/215 450/694/215 447/691/215
f 467/711/218 440/684/218 449/693/218 468/712/218
f 469/713/219 451/695/219 452/696/219 470/714/219
f 468/712/220 449/693/220 450/694/220 471/715/220
f 472/716/221 441/685/221 444/688/221 473/717/221
f 474/718/222 437/681/222 440/684/222 467/711/222
f 462/706/18 461/705/18 475/719/18 465/709/18
f 458/702/19 457/701/19 464/708/19 463/707/19
f 466/710/47 476/720/47 456/700/47 455/699/47
f 454/698/103 453/697/103 460/704/103 459/703/103
f 465/709/214 475/719/214 476/720/214 466/710/214
f 474/718/223 461/705/223 464/708/223 473/717/223
f 472/716/224 457/701/224 460/704/224 470/714/224
f 469/713/225 453/697/225 456/700/225 471/715/225
f 451/695/226 469/713/226 471/715/226 450/694/226
f 441/685/227 472/716/227 470/714/227 452/696/227
f 437/681/228 474/718/228 473/717/228 444/688/228
f 461/705/229 474/718/229 467/711/229 475/719/229
f 457/701/230 472/716/230 473/717/230 464/708/230
f 476/720/231 468/712/231 471/715/231 456/700/231
f 453/697/232 469/713/232 470/714/232 460/704/232
f 475/719/233 467/711/233 468/712/233 476/720/233
f 477/721/18 478/722/18 479/723/18 480/724/18
f 481/725/19 482/726/19 483/727/19 484/728/19
f 482/726/7 485/729/7 486/730/7 487/731/7 488/732/7 479/723/7 478/722/7 483/727/7
f 489/733/47 488/732/47 487/731/47 490/734/47
f 491/735/103 486/730/103 485/729/103 492/736/103
f 480/724/214 479/723/214 488/732/214 489/733/214
f 493/737/215 494/738/215 495/739/215 496/740/215
f 497/741/234 498/742/234 499/743/234 500/744/234
f 501/745/235 502/746/235 503/747/235 504/748/235
f 495/739/6 494/738/6 499/743/6 498/742/6 503/747/6 502/746/6 505/749/6 506/750/6
f 478/722/235 477/721/235 484/728/235 483/727/235
f 482/726/234 481/725/234 492/736/234 485/729/234
f 486/730/215 491/735/215 490/734/215 487/731/215
f 507/751/218 480/724/218 489/733/218 508/752/218
f 509/753/219 491/735/219 492/736/219 510/754/219
f 508/752/220 489/733/220 490/734/220 511/755/220
f 512/756/236 481/725/236 484/728/236 513/757/236
f 514/758/222 477/721/222 480/724/222 507/751/222
f 502/746/18 501/745/18 515/759/18 505/749/18
f 498/742/19 497/741/19 504/748/19 503/747/19
f 506/750/47 516/760/47 496/740/47 495/739/47
f 494/738/103 493/737/103 500/744/103 499/743/103
f 505/749/214 515/759/214 516/760/214 506/750/214
f 514/758/223 501/745/223 504/748/223 513/757/223
f 512/756/224 497/741/224 500/744/224 510/754/224
f 509/753/225 493/737/225 496/740/225 511/755/225
f 491/735/226 509/753/226 511/755/226 490/734/226
f 481/725/227 512/756/227 510/754/227 492/736/227
f 477/721/228 514/758/228 513/757/228 484/728/228
f 501/745/229 514/758/229 507/751/229 515/759/229
f 497/741/230 512/756/230 513/757/230 504/748/230
f 516/760/231 508/752/231 511/755/231 496/740/231
f 493/737/232 509/753/232 510/754/232 500/744/232
f 515/759/233 507/751/233 508/752/233 516/760/233
f 517/761/237 518/762/237 519/763/237 520/764/237
f 521/765/238 522/766/238 523/767/238 524/768/238
f 525/769/239 526/770/239 527/771/239 528/772/239
f 529/773/240 530/774/240 531/775/240 532/776/240
f 533/777/241 534/778/241 535/779/241 536/780/241
f 537/781/242 518/762/242 531/775/242 530/774/242
f 538/782/243 539/783/243 540/784/243 541/785/243
f 542/786/244 543/787/244 544/788/244 545/789/244
f 546/790/245 547/791/245 548/792/245 549/793/245
f 550/794/246 551/795/246 552/796/246 553/797/246
f 554/798/247 555/799/247 556/800/247 557/801/247
f 558/802/248 559/803/248 560/804/248 561/805/248
f 562/806/249 541/785/249 540/784/249 563/807/249
f 564/808/250 545/789/250 544/788/250 565/809/250
f 566/810/251 549/793/251 548/792/251 567/811/251
f 568/812/252 569/813/252 570/814/252 571/815/252
f 572/816/253 573/817/253 574/818/253 575/819/253
f 576/820/254 577/821/254 578/822/254 579/823/254
f 580/824/255 581/825/255 559/803/255 558/802/255
f 582/826/256 583/827/256 555/799/256 554/798/256
f 584/828/257 585/829/257 551/795/257 550/794/257
f 573/817/258 570/814/258 547/791/258 546/790/258
f 577/821/259 574/818/259 543/787/259 542/786/259
f 522/766/260 578/822/260 539/783/260 538/782/260
f 569/813/261 519/763/261 518/762/261 537/781/261
f 586/830/262 587/831/262 534/778/262 533/777/262
f 524/768/263 523/767/263 526/770/263 525/769/263
f 532/776/264 531/775/264 518/762/264 517/761/264
f 588/832/265 532/776/265 517/761/265 589/833/265
f 587/831/266 524/768/266 525/769/266 534/778/266
f 580/824/267 576/820/267 579/823/267 581/825/267
f 582/826/268 572/816/268 575/819/268 583/827/268
f 584/828/269 568/812/269 571/815/269 585/829/269
f 557/801/270 566/810/270 567/811/270 552/796/270
f 561/805/271 564/808/271 565/809/271 556/800/271
f 536/780/272 562/806/272 563/807/272 560/804/272
f 553/797/273 529/773/273 532/776/273 588/832/273
f 534/778/274 525/769/274 528/772/274 535/779/274
f 586/830/275 521/765/275 524/768/275 587/831/275
f 589/833/276 517/761/276 520/764/276 590/834/276
f 552/796/277 567/811/277 529/773/277 553/797/277
f 590/834/278 520/764/278 568/812/278 584/828/278
f 570/814/279 569/813/279 537/781/279 547/791/279
f 590/834/280 584/828/280 550/794/280 589/833/280
f 520/764/281 519/763/281 569/813/281 568/812/281
f 589/833/282 550/794/282 553/797/282 588/832/282
f 547/791/283 537/781/283 530/774/283 548/792/283
f 567/811/284 548/792/284 530/774/284 529/773/284
f 581/825/285 579/823/285 521/765/285 586/830/285
f 535/779/286 528/772/286 562/806/286 536/780/286
f 581/825/287 586/830/287 533/777/287 559/803/287
f 523/767/288 522/766/288 538/782/288 526/770/288
f 528/772/289 527/771/289 541/785/289 562/806/289
f 526/770/290 538/782/290 541/785/290 527/771/290
f 559/803/291 533/777/291 536/780/291 560/804/291
f 579/823/292 578/822/292 522/766/292 521/765/292
f 560/804/293 563/807/293 564/808/293 561/805/293
f 583/827/294 575/819/294 576/820/294 580/824/294
f 578/822/295 577/821/295 542/786/295 539/783/295
f 583/827/296 580/824/296 558/802/296 555/799/296
f 575/819/297 574/818/297 577/821/297 576/820/297
f 563/807/298 540/784/298 545/789/298 564/808/298
f 555/799/299 558/802/299 561/805/299 556/800/299
f 539/783/300 542/786/300 545/789/300 540/784/300
f 556/800/301 565/809/301 566/810/301 557/801/301
f 585/829/302 571/815/302 572/816/302 582/826/302
f 574/818/303 573/817/303 546/790/303 543/787/303
f 585/829/304 582/826/304 554/798/304 551/795/304
f 571/815/305 570/814/305 573/817/305 572/816/305
f 565/809/306 544/788/306 549/793/306 566/810/306
f 551/795/307 554/798/307 557/801/307 552/796/307
f 543/787/308 546/790/308 549/793/308 544/788/308
f 591/835/237 592/836/237 593/837/237 594/838/237
f 595/839/238 596/840/238 597/841/238 598/842/238
f 599/843/239 600/844/239 601/845/239 602/846/239
f 603/847/240 604/848/240 605/849/240 606/850/240
f 607/851/241 608/852/241 609/853/241 610/854/241
f 611/855/242 592/836/242 605/849/242 604/848/242
f 612/856/243 613/857/243 614/858/243 615/859/243
f 616/860/244 617/861/244 618/862/244 619/863/244
f 620/864/245 621/865/245 622/866/245 623/867/245
f 624/868/246 625/869/246 626/870/246 627/871/246
f 628/872/247 629/873/247 630/874/247 631/875/247
f 632/876/248 633/877/248 634/878/248 635/879/248
f 636/880/249 615/859/249 614/858/249 637/881/249
f 638/882/250 619/863/250 618/862/250 639/883/250
f 640/884/251 623/867/251 622/866/251 641/885/251
f 642/886/252 643/887/252 644/888/252 645/889/252
f 646/890/253 647/891/253 648/892/253 649/893/253
f 650/894/254 651/895/254 652/896/254 653/897/254
f 654/898/255 655/899/255 633/877/255 632/876/255
f 656/900/256 657/901/256 629/873/256 628/872/256
f 658/902/257 659/903/257 625/869/257 624/868/257
f 647/891/258 644/888/258 621/865/258 620/864/258
f 651/895/309 648/892/309 617/861/309 616/860/309
f 596/840/260 652/896/260 613/857/260 612/856/260
f 643/887/261 593/837/261 592/836/261 611/855/261
f 660/904/262 661/905/262 608/852/262 607/851/262
f 598/842/263 597/841/263 600/844/263 599/843/263
f 606/850/264 605/849/264 592/836/264 591/835/264
f 662/906/265 606/850/265 591/835/265 663/907/265
f 661/905/266 598/842/266 599/843/266 608/852/266
f 654/898/267 650/894/267 653/897/267 655/899/267
f 656/900/310 646/890/310 649/893/310 657/901/310
f 658/902/269 642/886/269 645/889/269 659/903/269
f 631/875/270 640/884/270 641/885/270 626/870/270
f 635/879/271 638/882/271 639/883/271 630/874/271
f 610/854/272 636/880/272 637/881/272 634/878/272
f 627/871/273 603/847/273 606/850/273 662/906/273
f 608/852/274 599/843/274 602/846/274 609/853/274
f 660/904/275 595/839/275 598/842/275 661/905/275
f 663/907/276 591/835/276 594/838/276 664/908/276
f 626/870/311 641/885/311 603/847/311 627/871/311
f 664/908/278 594/838/278 642/886/278 658/902/278
f 644/888/279 643/887/279 611/855/279 621/865/279
f 664/908/280 658/902/280 624/868/280 663/907/280
f 594/838/281 593/837/281 643/887/281 642/886/281
f 663/907/282 624/868/282 627/871/282 662/906/282
f 621/865/283 611/855/283 604/848/283 622/866/283
f 641/885/284 622/866/284 604/848/284 603/847/284
f 655/899/285 653/897/285 595/839/285 660/904/285
f 609/853/286 602/846/286 636/880/286 610/854/286
f 655/899/287 660/904/287 607/851/287 633/877/287
f 597/841/288 596/840/288 612/856/288 600/844/288
f 602/846/312 601/845/312 615/859/312 636/880/312
f 600/844/290 612/856/290 615/859/290 601/845/290
f 633/877/291 607/851/291 610/854/291 634/878/291
f 653/897/292 652/896/292 596/840/292 595/839/292
f 634/878/313 637/881/313 638/882/313 635/879/313
f 657/901/294 649/893/294 650/894/294 654/898/294
f 652/896/295 651/895/295 616/860/295 613/857/295
f 657/901/296 654/898/296 632/876/296 629/873/296
f 649/893/297 648/892/297 651/895/297 650/894/297
f 637/881/298 614/858/298 619/863/298 638/882/298
f 629/873/299 632/876/299 635/879/299 630/874/299
f 613/857/300 616/860/300 619/863/300 614/858/300
f 630/874/301 639/883/301 640/884/301 631/875/301
f 659/903/302 645/889/302 646/890/302 656/900/302
f 648/892/303 647/891/303 620/864/303 617/861/303
f 659/903/304 656/900/304 628/872/304 625/869/304
f 645/889/305 644/888/305 647/891/305 646/890/305
f 639/883/306 618/862/306 623/867/306 640/884/306
f 625/869/307 628/872/307 631/875/307 626/870/307
f 617/861/308 620/864/308 623/867/308 618/862/308
f 665/909/7 666/910/7 667/911/7 668/912/7
f 669/913/6 670/914/6 671/915/6 672/916/6
f 666/910/18 665/909/18 670/914/18 669/913/18
f 665/909/18 673/917/18 674/918/18 670/914/18
f 675/919/18 666/910/18 669/913/18 676/920/18
f 673/917/314 665/909/314 668/912/314 677/921/314
f 666/910/315 675/919/315 678/922/315 667/911/315
f 668/923/316 667/924/316 679/925/316 680/926/316
f 680/927/18 679/928/18 681/929/18 682/930/18
f 683/931/317 684/932/317 682/933/317 681/934/317
f 685/935/318 686/936/318 687/937/318 688/938/318
f 688/939/18 687/940/18 689/941/18 690/942/18
f 691/943/319 692/944/319 690/945/319 689/946/319
f 693/947/320 694/948/320 695/949/320 696/950/320
f 696/951/18 695/952/18 697/953/18 698/954/18
f 699/955/317 700/956/317 698/957/317 697/958/317
f 701/959/320 702/960/320 703/961/320 704/962/320
f 704/963/18 703/964/18 705/965/18 706/966/18
f 707/967/317 708/968/317 706/969/317 705/970/317
f 709/971/318 710/972/318 711/973/318 712/974/318
f 712/975/18 711/976/18 713/977/18 714/978/18
f 715/979/319 716/980/319 714/981/319 713/982/319
f 717/983/320 718/984/320 719/985/320 720/986/320
f 720/987/18 719/988/18 721/989/18 722/990/18
f 723/991/317 724/992/317 722/993/317 721/994/317
f 725/995/320 726/996/320 727/997/320 728/998/320
f 728/999/18 727/1000/18 729/1001/18 730/1002/18
f 731/1003/317 732/1004/317 730/1005/317 729/1006/317
f 733/1007/318 734/1008/318 735/1009/318 736/1010/318
f 736/1011/18 735/1012/18 737/1013/18 738/1014/18
f 739/1015/319 740/1016/319 738/1017/319 737/1018/319
f 741/1019/320 742/1020/320 743/1021/320 744/1022/320
f 744/1023/18 743/1024/18 745/1025/18 746/1026/18
f 747/1027/317 748/1028/317 746/1029/317 745/1030/317
f 749/1031/320 750/1032/320 751/1033/320 752/1034/320
f 752/1035/18 751/1036/18 753/1037/18 754/1038/18
f 755/1039/317 756/1040/317 754/1041/317 753/1042/317
f 757/1043/318 758/1044/318 759/1045/318 760/1046/318
f 760/1047/18 759/1048/18 761/1049/18 762/1050/18
f 763/1051/319 764/1052/319 762/1053/319 761/1054/319
f 765/1055/320 766/1056/320 767/1057/320 768/1058/320
f 768/1059/18 767/1060/18 769/1061/18 770/1062/18
f 771/1063/317 772/1064/317 770/1065/317 769/1066/317
f 773/1067/320 774/1068/320 775/1069/320 776/1070/320
f 776/1071/18 775/1072/18 777/1073/18 778/1074/18
f 779/1075/317 780/1076/317 778/1077/317 777/1078/317
f 781/1079/318 782/1080/318 783/1081/318 784/1082/318
f 784/1083/18 783/1084/18 785/1085/18 786/1086/18
f 787/1087/319 788/1088/319 786/1089/319 785/1090/319
f 789/1091/320 790/1092/320 791/1093/320 792/1094/320
f 792/1095/18 791/1096/18 793/1097/18 794/1098/18
f 795/1099/317 796/1100/317 794/1101/317 793/1102/317
f 797/1103/318 798/1104/318 799/1105/318 800/1106/318
f 800/1107/18 799/1108/18 801/1109/18 802/1110/18
f 803/1111/317 804/1112/317 802/1113/317 801/1114/317
f 805/1115/318 806/1116/318 807/1117/318 808/1118/318
f 808/1119/18 807/1120/18 809/1121/18 810/1122/18
f 811/1123/319 812/1124/319 810/1125/319 809/1126/319
f 813/1127/320 814/1128/320 815/1129/320 816/1130/320
f 816/1131/18 815/1132/18 817/1133/18 818/1134/18
f 819/1135/317 820/1136/317 818/1137/317 817/1138/317
f 821/1139/318 822/1140/318 823/1141/318 824/1142/318
f 824/1143/18 823/1144/18 825/1145/18 826/1146/18
f 827/1147/319 828/1148/319 826/1149/319 825/1150/319
f 829/1151/320 830/1152/320 831/1153/320 832/1154/320
f 832/1155/18 831/1156/18 833/1157/18 834/1158/18
f 835/1159/319 836/1160/319 834/1161/319 833/1162/319
f 837/1163/320 838/1164/320 839/1165/320 840/1166/320
f 840/1167/18 839/1168/18 841/1169/18 842/1170/18
f 843/1171/317 844/1172/317 842/1173/317 841/1174/317
f 845/1175/318 846/1176/318 847/1177/318 848/1178/318
f 848/1179/18 847/1180/18 849/1181/18 850/1182/18
f 851/1183/319 852/1184/319 850/1185/319 849/1186/319
f 853/1187/320 854/1188/320 855/1189/320 856/1190/320
f 856/1191/18 855/1192/18 857/1193/18 858/1194/18
f 859/1195/317 860/1196/317 858/1197/317 857/1198/317
f 861/1199/320 862/1200/320 863/1201/320 864/1202/320
f 864/1203/18 863/1204/18 865/1205/18 866/1206/18
f 867/1207/317 868/1208/317 866/1209/317 865/1210/317
f 869/1211/318 870/1212/318 871/1213/318 872/1214/318
f 872/1215/18 871/1216/18 873/1217/18 874/1218/18
f 875/1219/319 876/1220/319 874/1221/319 873/1222/319
f 877/1223/320 878/1224/320 879/1225/320 880/1226/320
f 880/1227/18 879/1228/18 881/1229/18 882/1230/18
f 883/1231/317 884/1232/317 882/1233/317 881/1234/317
f 885/1235/320 886/1236/320 887/1237/320 888/1238/320
f 888/1239/18 887/1240/18 889/1241/18 890/1242/18
f 891/1243/317 892/1244/317 890/1242/317 889/1241/317
f 893/1245/318 894/1246/318 895/1247/318 896/1248/318
f 896/1249/18 895/1250/18 897/1251/18 898/1252/18
f 899/1253/319 900/1254/319 898/1252/319 897/1251/319
f 901/1255/103 902/1256/103 903/1257/103 904/1258/103
f 905/1259/103 906/1260/103 907/1261/103 908/1262/103
f 909/1263/103 910/1264/103 911/1265/103 912/1266/103
f 902/1256/103 913/1267/103 914/1268/103 903/1257/103
f 915/1269/19 906/1260/19 905/1259/19 916/1270/19
f 917/1271/18 918/1272/18 919/1273/18 920/1274/18
f 921/1275/6 922/1276/6 923/1277/6 924/1278/6
f 925/1279/19 926/1280/19 927/1281/19 912/1266/19
f 920/1274/19 919/1273/19 903/1257/19 914/1268/19
f 906/1260/103 928/1282/103 929/1283/103 907/1261/103
f 930/1284/47 909/1263/47 931/1285/47 932/1286/47
f 918/1272/18 933/1287/18 934/1288/18 919/1273/18
f 935/1289/103 936/1290/103 937/1291/103 924/1278/103
f 938/1292/6 925/1279/6 912/1266/6 911/1265/6
f 915/1269/18 916/1270/18 939/1293/18 940/1294/18
f 941/1295/7 935/1289/7 942/1296/7 943/1297/7
f 944/1298/7 910/1264/7 909/1263/7 930/1284/7
f 942/1296/103 935/1289/103 924/1278/103 923/1277/103
f 918/1272/6 902/1256/6 901/1255/6 933/1287/6
f 941/1295/18 943/1297/18 922/1276/18 921/1275/18
f 945/1299/6 928/1282/6 906/1260/6 915/1269/6
f 919/1273/7 934/1288/7 904/1258/7 903/1257/7
f 946/1300/7 940/1294/7 907/1261/7 929/1283/7
f 945/1299/18 915/1269/18 940/1294/18 946/1300/18
f 947/1301/19 936/1290/19 935/1289/19 941/1295/19
f 940/1294/47 939/1293/47 908/1262/47 907/1261/47
f 948/1302/47 921/1275/47 924/1278/47 937/1291/47
f 947/1301/18 941/1295/18 921/1275/18 948/1302/18
f 917/1271/47 913/1267/47 902/1256/47 918/1272/47
f 931/1285/103 909/1263/103 912/1266/103 927/1281/103
f 949/1303/18 950/1304/18 939/1293/18 948/1302/18
f 930/1284/18 932/1286/18 926/1280/18 925/1279/18
f 944/1298/18 938/1292/18 922/1276/18 943/1297/18
f 942/1296/103 923/1277/103 911/1265/103 910/1264/103
f 951/1305/103 952/1306/103 911/1265/103 923/1277/103
f 910/1264/7 944/1298/7 943/1297/7 942/1296/7
f 945/1299/18 946/1300/18 934/1288/18 933/1287/18
f 901/1255/103 904/1258/103 929/1283/103 928/1282/103
f 953/1307/103 954/1308/103 929/1283/103 904/1258/103
f 928/1282/6 945/1299/6 933/1287/6 901/1255/6
f 947/1301/18 948/1302/18 939/1293/18 916/1270/18
f 905/1259/103 908/1262/103 937/1291/103 936/1290/103
f 951/1305/7 949/1303/7 948/1302/7 937/1291/7
f 936/1290/19 947/1301/19 916/1270/19 905/1259/19
f 917/1271/18 920/1274/18 926/1280/18 932/1286/18
f 931/1285/103 927/1281/103 914/1268/103 913/1267/103
f 926/1280/18 920/1274/18 955/1309/18 956/1310/18
f 913/1267/47 917/1271/47 932/1286/47 931/1285/47
f 944/1298/18 930/1284/18 925/1279/18 938/1292/18
f 920/1274/6 914/1268/6 953/1307/6 955/1309/6
f 952/1306/47 956/1310/47 938/1292/47 911/1265/47
f 950/1304/6 954/1308/6 908/1262/6 939/1293/6
f 954/1308/103 951/1305/103 937/1291/103 908/1262/103
f 914/1268/103 927/1281/103 952/1306/103 953/1307/103
f 949/1303/19 951/1305/19 923/1277/19 922/1276/19
f 951/1305/103 954/1308/103 953/1307/103 952/1306/103
f 955/1309/47 953/1307/47 904/1258/47 934/1288/47
f 950/1304/18 949/1303/18 956/1310/18 955/1309/18
f 927/1281/7 926/1280/7 956/1310/7 952/1306/7
f 956/1310/18 949/1303/18 922/1276/18 938/1292/18
f 954/1308/19 950/1304/19 946/1300/19 929/1283/19
f 950/1304/18 955/1309/18 934/1288/18 946/1300/18
f 957/1311/103 958/1312/103 959/1313/103 960/1314/103
f 961/1315/103 962/1316/103 963/1317/103 964/1318/103
f 965/1319/103 966/1320/103 967/1321/103 968/1322/103
f 958/1312/103 969/1323/103 970/1324/103 959/1313/103
f 971/1325/19 962/1316/19 961/1315/19 972/1326/19
f 973/1327/18 974/1328/18 975/1329/18 976/1330/18
f 977/1331/6 978/1332/6 979/1333/6 980/1334/6
f 981/1335/19 982/1336/19 983/1337/19 968/1322/19
f 976/1330/19 975/1329/19 959/1313/19 970/1324/19
f 962/1316/103 984/1338/103 985/1339/103 963/1317/103
f 986/1340/47 965/1319/47 987/1341/47 988/1342/47
f 974/1328/18 989/1343/18 990/1344/18 975/1329/18
f 991/1345/103 992/1346/103 993/1347/103 980/1334/103
f 994/1348/6 981/1335/6 968/1322/6 967/1321/6
f 971/1325/18 972/1326/18 995/1349/18 996/1350/18
f 997/1351/7 991/1345/7 998/1352/7 999/1353/7
f 1000/1354/7 966/1320/7 965/1319/7 986/1340/7
f 998/1352/103 991/1345/103 980/1334/103 979/1333/103
f 974/1328/6 958/1312/6 957/1311/6 989/1343/6
f 997/1351/18 999/1353/18 978/1332/18 977/1331/18
f 1001/1355/6 984/1338/6 962/1316/6 971/1325/6
f 975/1329/7 990/1344/7 960/1314/7 959/1313/7
f 1002/1356/7 996/1350/7 963/1317/7 985/1339/7
f 1001/1355/18 971/1325/18 996/1350/18 1002/1356/18
f 1003/1357/19 992/1346/19 991/1345/19 997/1351/19
f 996/1350/47 995/1349/47 964/1318/47 963/1317/47
f 1004/1358/47 977/1331/47 980/1334/47 993/1347/47
f 1003/1357/18 997/1351/18 977/1331/18 1004/1358/18
f 973/1327/47 969/1323/47 958/1312/47 974/1328/47
f 987/1341/103 965/1319/103 968/1322/103 983/1337/103
f 1005/1359/18 1006/1360/18 995/1349/18 1004/1358/18
f 986/1340/18 988/1342/18 982/1336/18 981/1335/18
f 1000/1354/18 994/1348/18 978/1332/18 999/1353/18
f 998/1352/103 979/1333/103 967/1321/103 966/1320/103
f 1007/1361/103 1008/1362/103 967/1321/103 979/1333/103
f 966/1320/7 1000/1354/7 999/1353/7 998/1352/7
f 1001/1355/18 1002/1356/18 990/1344/18 989/1343/18
f 957/1311/103 960/1314/103 985/1339/103 984/1338/103
f 1009/1363/103 1010/1364/103 985/1339/103 960/1314/103
f 984/1338/6 1001/1355/6 989/1343/6 957/1311/6
f 1003/1357/18 1004/1358/18 995/1349/18 972/1326/18
f 961/1315/103 964/1318/103 993/1347/103 992/1346/103
f 1007/1361/7 1005/1359/7 1004/1358/7 993/1347/7
f 992/1346/19 1003/1357/19 972/1326/19 961/1315/19
f 973/1327/18 976/1330/18 982/1336/18 988/1342/18
f 987/1341/103 983/1337/103 970/1324/103 969/1323/103
f 982/1336/18 976/1330/18 1011/1365/18 1012/1366/18
f 969/1323/47 973/1327/47 988/1342/47 987/1341/47
f 1000/1354/18 986/1340/18 981/1335/18 994/1348/18
f 976/1330/6 970/1324/6 1009/1363/6 1011/1365/6
f 1008/1362/47 1012/1366/47 994/1348/47 967/1321/47
f 1006/1360/6 1010/1364/6 964/1318/6 995/1349/6
f 1010/1364/103 1007/1361/103 993/1347/103 964/1318/103
f 970/1324/103 983/1337/103 1008/1362/103 1009/1363/103
f 1005/1359/19 1007/1361/19 979/1333/19 978/1332/19
f 1007/1361/103 1010/1364/103 1009/1363/103 1008/1362/103
f 1011/1365/47 1009/1363/47 960/1314/47 990/1344/47
f 1006/1360/18 1005/1359/18 1012/1366/18 1011/1365/18
f 983/1337/7 982/1336/7 1012/1366/7 1008/1362/7
f 1012/1366/18 1005/1359/18 978/1332/18 994/1348/18
f 1010/1364/19 1006/1360/19 1002/1356/19 985/1339/19
f 1006/1360/18 1011/1365/18 990/1344/18 1002/1356/18
f 1013/1367/19 1014/1368/19 1015/1369/19 1016/1370/19
f 1017/1371/19 1018/1372/19 1019/1373/19 1020/1374/19
f 1021/1375/19 1022/1376/19 1023/1377/19 1024/1378/19
f 1014/1368/19 1025/1379/19 1026/1380/19 1015/1369/19
f 1027/1381/18 1018/1372/18 1017/1371/18 1028/1382/18
f 1029/1383/47 1030/1384/47 1031/1385/47 1032/1386/47
f 1033/1387/6 1034/1388/6 1035/1389/6 1036/1390/6
f 1037/1391/18 1038/1392/18 1039/1393/18 1024/1378/18
f 1032/1386/18 1031/1385/18 1015/1369/18 1026/1380/18
f 1018/1372/19 1040/1394/19 1041/1395/19 1019/1373/19
f 1042/1396/103 1021/1375/103 1043/1397/103 1044/1398/103
f 1030/1384/47 1045/1399/47 1046/1400/47 1031/1385/47
f 1047/1401/19 1048/1402/19 1049/1403/19 1036/1390/19
f 1050/1404/6 1037/1391/6 1024/1378/6 1023/1377/6
f 1027/1381/47 1028/1382/47 1051/1405/47 1052/1406/47
f 1053/1407/7 1047/1401/7 1054/1408/7 1055/1409/7
f 1056/1410/7 1022/1376/7 1021/1375/7 1042/1396/7
f 1054/1408/19 1047/1401/19 1036/1390/19 1035/1389/19
f 1030/1384/6 1014/1368/6 1013/1367/6 1045/1399/6
f 1053/1407/47 1055/1409/47 1034/1388/47 1033/1387/47
f 1057/1411/6 1040/1394/6 1018/1372/6 1027/1381/6
f 1031/1385/7 1046/1400/7 1016/1370/7 1015/1369/7
f 1058/1412/7 1052/1406/7 1019/1373/7 1041/1395/7
f 1057/1411/47 1027/1381/47 1052/1406/47 1058/1412/47
f 1059/1413/18 1048/1402/18 1047/1401/18 1053/1407/18
f 1052/1406/103 1051/1405/103 1020/1374/103 1019/1373/103
f 1060/1414/103 1033/1387/103 1036/1390/103 1049/1403/103
f 1059/1413/47 1053/1407/47 1033/1387/47 1060/1414/47
f 1029/1383/103 1025/1379/103 1014/1368/103 1030/1384/103
f 1043/1397/19 1021/1375/19 1024/1378/19 1039/1393/19
f 1061/1415/47 1062/1416/47 1051/1405/47 1060/1414/47
f 1042/1396/47 1044/1398/47 1038/1392/47 1037/1391/47
f 1056/1410/47 1050/1404/47 1034/1388/47 1055/1409/47
f 1054/1408/19 1035/1389/19 1023/1377/19 1022/1376/19
f 1063/1417/19 1064/1418/19 1023/1377/19 1035/1389/19
f 1022/1376/7 1056/1410/7 1055/1409/7 1054/1408/7
f 1057/1411/47 1058/1412/47 1046/1400/47 1045/1399/47
f 1013/1367/19 1016/1370/19 1041/1395/19 1040/1394/19
f 1065/1419/19 1066/1420/19 1041/1395/19 1016/1370/19
f 1040/1394/6 1057/1411/6 1045/1399/6 1013/1367/6
f 1059/1413/47 1060/1414/47 1051/1405/47 1028/1382/47
f 1017/1371/19 1020/1374/19 1049/1403/19 1048/1402/19
f 1063/1417/7 1061/1415/7 1060/1414/7 1049/1403/7
f 1048/1402/18 1059/1413/18 1028/1382/18 1017/1371/18
f 1029/1383/47 1032/1386/47 1038/1392/47 1044/1398/47
f 1043/1397/19 1039/1393/19 1026/1380/19 1025/1379/19
f 1038/1392/47 1032/1386/47 1067/1421/47 1068/1422/47
f 1025/1379/103 1029/1383/103 1044/1398/103 1043/1397/103
f 1056/1410/47 1042/1396/47 1037/1391/47 1050/1404/47
f 1032/1386/6 1026/1380/6 1065/1419/6 1067/1421/6
f 1064/1418/103 1068/1422/103 1050/1404/103 1023/1377/103
f 1062/1416/6 1066/1420/6 1020/1374/6 1051/1405/6
f 1066/1420/19 1063/1417/19 1049/1403/19 1020/1374/19
f 1026/1380/19 1039/1393/19 1064/1418/19 1065/1419/19
f 1061/1415/18 1063/1417/18 1035/1389/18 1034/1388/18
f 1063/1417/19 1066/1420/19 1065/1419/19 1064/1418/19
f 1067/1421/103 1065/1419/103 1016/1370/103 1046/1400/103
f 1062/1416/47 1061/1415/47 1068/1422/47 1067/1421/47
f 1039/1393/7 1038/1392/7 1068/1422/7 1064/1418/7
f 1068/1422/47 1061/1415/47 1034/1388/47 1050/1404/47
f 1066/1420/18 1062/1416/18 1058/1412/18 1041/1395/18
f 1062/1416/47 1067/1421/47 1046/1400/47 1058/1412/47
f 1069/1423/19 1070/1424/19 1071/1425/19 1072/1426/19
f 1073/1427/19 1074/1428/19 1075/1429/19 1076/1430/19
f 1077/1431/19 1078/1432/19 1079/1433/19 1080/1434/19
f 1070/1424/19 1081/1435/19 1082/1436/19 1071/1425/19
f 1083/1437/18 1074/1428/18 1073/1427/18 1084/1438/18
f 1085/1439/47 1086/1440/47 1087/1441/47 1088/1442/47
f 1089/1443/6 1090/1444/6 1091/1445/6 1092/1446/6
f 1093/1447/18 1094/1448/18 1095/1449/18 1080/1434/18
f 1088/1442/18 1087/1441/18 1071/1425/18 1082/1436/18
f 1074/1428/19 1096/1450/19 1097/1451/19 1075/1429/19
f 1098/1452/103 1077/1431/103 1099/1453/103 1100/1454/103
f 1086/1440/47 1101/1455/47 1102/1456/47 1087/1441/47
f 1103/1457/19 1104/1458/19 1105/1459/19 1092/1446/19
f 1106/1460/6 1093/1447/6 1080/1434/6 1079/1433/6
f 1083/1437/47 1084/1438/47 1107/1461/47 1108/1462/47
f 1109/1463/7 1103/1457/7 1110/1464/7 1111/1465/7
f 1112/1466/7 1078/1432/7 1077/1431/7 1098/1452/7
f 1110/1464/19 1103/1457/19 1092/1446/19 1091/1445/19
f 1086/1440/6 1070/1424/6 1069/1423/6 1101/1455/6
f 1109/1463/47 1111/1465/47 1090/1444/47 1089/1443/47
f 1113/1467/6 1096/1450/6 1074/1428/6 1083/1437/6
f 1087/1441/7 1102/1456/7 1072/1426/7 1071/1425/7
f 1114/1468/7 1108/1462/7 1075/1429/7 1097/1451/7
f 1113/1467/47 1083/1437/47 1108/1462/47 1114/1468/47
f 1115/1469/18 1104/1458/18 1103/1457/18 1109/1463/18
f 1108/1462/103 1107/1461/103 1076/1430/103 1075/1429/103
f 1116/1470/103 1089/1443/103 1092/1446/103 1105/1459/103
f 1115/1469/47 1109/1463/47 1089/1443/47 1116/1470/47
f 1085/1439/103 1081/1435/103 1070/1424/103 1086/1440/103
f 1099/1453/19 1077/1431/19 1080/1434/19 1095/1449/19
f 1117/1471/47 1118/1472/47 1107/1461/47 1116/1470/47
f 1098/1452/47 1100/1454/47 1094/1448/47 1093/1447/47
f 1112/1466/47 1106/1460/47 1090/1444/47 1111/1465/47
f 1110/1464/19 1091/1445/19 1079/1433/19 1078/1432/19
f 1119/1473/19 1120/1474/19 1079/1433/19 1091/1445/19
f 1078/1432/7 1112/1466/7 1111/1465/7 1110/1464/7
f 1113/1467/47 1114/1468/47 1102/1456/47 1101/1455/47
f 1069/1423/19 1072/1426/19 1097/1451/19 1096/1450/19
f 1121/1475/19 1122/1476/19 1097/1451/19 1072/1426/19
f 1096/1450/6 1113/1467/6 1101/1455/6 1069/1423/6
f 1115/1469/47 1116/1470/47 1107/1461/47 1084/1438/47
f 1073/1427/19 1076/1430/19 1105/1459/19 1104/1458/19
f 1119/1473/7 1117/1471/7 1116/1470/7 1105/1459/7
f 1104/1458/18 1115/1469/18 1084/1438/18 1073/1427/18
f 1085/1439/47 1088/1442/47 1094/1448/47 1100/1454/47
f 1099/1453/19 1095/1449/19 1082/1436/19 1081/1435/19
f 1094/1448/47 1088/1442/47 1123/1477/47 1124/1478/47
f 1081/1435/103 1085/1439/103 1100/1454/103 1099/1453/103
f 1112/1466/47 1098/1452/47 1093/1447/47 1106/1460/47
f 1088/1442/6 1082/1436/6 1121/1475/6 1123/1477/6
f 1120/1474/103 1124/1478/103 1106/1460/103 1079/1433/103
f 1118/1472/6 1122/1476/6 1076/1430/6 1107/1461/6
f 1122/1476/19 1119/1473/19 1105/1459/19 1076/1430/19
f 1082/1436/19 1095/1449/19 1120/1474/19 1121/1475/19
f 1117/1471/18 1119/1473/18 1091/1445/18 1090/1444/18
f 1119/1473/19 1122/1476/19 1121/1475/19 1120/1474/19
f 1123/1477/103 1121/1475/103 1072/1426/103 1102/1456/103
f 1118/1472/47 1117/1471/47 1124/1478/47 1123/1477/47
f 1095/1449/7 1094/1448/7 1124/1478/7 1120/1474/7
f 1124/1478/47 1117/1471/47 1090/1444/47 1106/1460/47
f 1122/1476/18 1118/1472/18 1114/1468/18 1097/1451/18
f 1118/1472/47 1123/1477/47 1102/1456/47 1114/1468/47
f 1125/1479/47 1126/1480/47 1127/1481/47 1128/1482/47
f 1129/1483/47 1130/1484/47 1131/1485/47 1132/1486/47
f 1133/1487/47 1134/1488/47 1135/1489/47 1136/1490/47
f 1126/1480/47 1137/1491/47 1138/1492/47 1127/1481/47
f 1139/1493/103 1130/1484/103 1129/1483/103 1140/1494/103
f 1141/1495/19 1142/1496/19 1143/1497/19 1144/1498/19
f 1145/1499/6 1146/1500/6 1147/1501/6 1148/1502/6
f 1149/1503/103 1150/1504/103 1151/1505/103 1136/1490/103
f 1144/1498/103 1143/1497/103 1127/1481/103 1138/1492/103
f 1130/1484/47 1152/1506/47 1153/1507/47 1131/1485/47
f 1154/1508/18 1133/1487/18 1155/1509/18 1156/1510/18
f 1142/1496/19 1157/1511/19 1158/1512/19 1143/1497/19
f 1159/1513/47 1160/1514/47 1161/1515/47 1148/1502/47
f 1162/1516/6 1149/1503/6 1136/1490/6 1135/1489/6
f 1139/1493/19 1140/1494/19 1163/1517/19 1164/1518/19
f 1165/1519/7 1159/1513/7 1166/1520/7 1167/1521/7
f 1168/1522/7 1134/1488/7 1133/1487/7 1154/1508/7
f 1166/1520/47 1159/1513/47 1148/1502/47 1147/1501/47
f 1142/1496/6 1126/1480/6 1125/1479/6 1157/1511/6
f 1165/1519/19 1167/1521/19 1146/1500/19 1145/1499/19
f 1169/1523/6 1152/1506/6 1130/1484/6 1139/1493/6
f 1143/1497/7 1158/1512/7 1128/1482/7 1127/1481/7
f 1170/1524/7 1164/1518/7 1131/1485/7 1153/1507/7
f 1169/1523/19 1139/1493/19 1164/1518/19 1170/1524/19
f 1171/1525/103 1160/1514/103 1159/1513/103 1165/1519/103
f 1164/1518/18 1163/1517/18 1132/1486/18 1131/1485/18
f 1172/1526/18 1145/1499/18 1148/1502/18 1161/1515/18
f 1171/1525/19 1165/1519/19 1145/1499/19 1172/1526/19
f 1141/1495/18 1137/1491/18 1126/1480/18 1142/1496/18
f 1155/1509/47 1133/1487/47 1136/1490/47 1151/1505/47
f 1173/1527/19 1174/1528/19 1163/1517/19 1172/1526/19
f 1154/1508/19 1156/1510/19 1150/1504/19 1149/1503/19
f 1168/1522/19 1162/1516/19 1146/1500/19 1167/1521/19
f 1166/1520/47 1147/1501/47 1135/1489/47 1134/1488/47
f 1175/1529/47 1176/1530/47 1135/1489/47 1147/1501/47
f 1134/1488/7 1168/1522/7 1167/1521/7 1166/1520/7
f 1169/1523/19 1170/1524/19 1158/1512/19 1157/1511/19
f 1125/1479/47 1128/1482/47 1153/1507/47 1152/1506/47
f 1177/1531/47 1178/1532/47 1153/1507/47 1128/1482/47
f 1152/1506/6 1169/1523/6 1157/1511/6 1125/1479/6
f 1171/1525/19 1172/1526/19 1163/1517/19 1140/1494/19
f 1129/1483/47 1132/1486/47 1161/1515/47 1160/1514/47
f 1175/1529/7 1173/1527/7 1172/1526/7 1161/1515/7
f 1160/1514/103 1171/1525/103 1140/1494/103 1129/1483/103
f 1141/1495/19 1144/1498/19 1150/1504/19 1156/1510/19
f 1155/1509/47 1151/1505/47 1138/1492/47 1137/1491/47
f 1150/1504/19 1144/1498/19 1179/1533/19 1180/1534/19
f 1137/1491/18 1141/1495/18 1156/1510/18 1155/1509/18
f 1168/1522/19 1154/1508/19 1149/1503/19 1162/1516/19
f 1144/1498/6 1138/1492/6 1177/1531/6 1179/1533/6
f 1176/1530/18 1180/1534/18 1162/1516/18 1135/1489/18
f 1174/1528/6 1178/1532/6 1132/1486/6 1163/1517/6
f 1178/1532/47 1175/1529/47 1161/1515/47 1132/1486/47
f 1138/1492/47 1151/1505/47 1176/1530/47 1177/1531/47
f 1173/1527/103 1175/1529/103 1147/1501/103 1146/1500/103
f 1175/1529/47 1178/1532/47 1177/1531/47 1176/1530/47
f 1179/1533/18 1177/1531/18 1128/1482/18 1158/1512/18
f 1174/1528/19 1173/1527/19 1180/1534/19 1179/1533/19
f 1151/1505/7 1150/1504/7 1180/1534/7 1176/1530/7
f 1180/1534/19 1173/1527/19 1146/1500/19 1162/1516/19
f 1178/1532/103 1174/1528/103 1170/1524/103 1153/1507/103
f 1174/1528/19 1179/1533/19 1158/1512/19 1170/1524/19
f 1181/1535/18 1182/1536/18 1183/1537/18 1184/1538/18
f 1185/1539/18 1186/1540/18 1187/1541/18 1188/1542/18
f 1189/1543/18 1190/1544/18 1191/1545/18 1192/1546/18
f 1182/1536/18 1193/1547/18 1194/1548/18 1183/1537/18
f 1195/1549/47 1186/1540/47 1185/1539/47 1196/1550/47
f 1197/1551/103 1198/1552/103 1199/1553/103 1200/1554/103
f 1201/1555/6 1202/1556/6 1203/1557/6 1204/1558/6
f 1205/1559/47 1206/1560/47 1207/1561/47 1192/1546/47
f 1200/1554/47 1199/1553/47 1183/1537/47 1194/1548/47
f 1186/1540/18 1208/1562/18 1209/1563/18 1187/1541/18
f 1210/1564/19 1189/1543/19 1211/1565/19 1212/1566/19
f 1198/1552/103 1213/1567/103 1214/1568/103 1199/1553/103
f 1215/1569/18 1216/1570/18 1217/1571/18 1204/1558/18
f 1218/1572/6 1205/1559/6 1192/1546/6 1191/1545/6
f 1195/1549/103 1196/1550/103 1219/1573/103 1220/1574/103
f 1221/1575/7 1215/1569/7 1222/1576/7 1223/1577/7
f 1224/1578/7 1190/1544/7 1189/1543/7 1210/1564/7
f 1222/1576/18 1215/1569/18 1204/1558/18 1203/1557/18
f 1198/1552/6 1182/1536/6 1181/1535/6 1213/1567/6
f 1221/1575/103 1223/1577/103 1202/1556/103 1201/1555/103
f 1225/1579/6 1208/1562/6 1186/1540/6 1195/1549/6
f 1199/1553/7 1214/1568/7 1184/1538/7 1183/1537/7
f 1226/1580/7 1220/1574/7 1187/1541/7 1209/1563/7
f 1225/1579/103 1195/1549/103 1220/1574/103 1226/1580/103
f 1227/1581/47 1216/1570/47 1215/1569/47 1221/1575/47
f 1220/1574/19 1219/1573/19 1188/1542/19 1187/1541/19
f 1228/1582/19 1201/1555/19 1204/1558/19 1217/1571/19
f 1227/1581/103 1221/1575/103 1201/1555/103 1228/1582/103
f 1197/1551/19 1193/1547/19 1182/1536/19 1198/1552/19
f 1211/1565/18 1189/1543/18 1192/1546/18 1207/1561/18
f 1229/1583/103 1230/1584/103 1219/1573/103 1228/1582/103
f 1210/1564/103 1212/1566/103 1206/1560/103 1205/1559/103
f 1224/1578/103 1218/1572/103 1202/1556/103 1223/1577/103
f 1222/1576/18 1203/1557/18 1191/1545/18 1190/1544/18
f 1231/1585/18 1232/1586/18 1191/1545/18 1203/1557/18
f 1190/1544/7 1224/1578/7 1223/1577/7 1222/1576/7
f 1225/1579/103 1226/1580/103 1214/1568/103 1213/1567/103
f 1181/1535/18 1184/1538/18 1209/1563/18 1208/1562/18
f 1233/1587/18 1234/1588/18 1209/1563/18 1184/1538/18
f 1208/1562/6 1225/1579/6 1213/1567/6 1181/1535/6
f 1227/1581/103 1228/1582/103 1219/1573/103 1196/1550/103
f 1185/1539/18 1188/1542/18 1217/1571/18 1216/1570/18
f 1231/1585/7 1229/1583/7 1228/1582/7 1217/1571/7
f 1216/1570/47 1227/1581/47 1196/1550/47 1185/1539/47
f 1197/1551/103 1200/1554/103 1206/1560/103 1212/1566/103
f 1211/1565/18 1207/1561/18 1194/1548/18 1193/1547/18
f 1206/1560/103 1200/1554/103 1235/1589/103 1236/1590/103
f 1193/1547/19 1197/1551/19 1212/1566/19 1211/1565/19
f 1224/1578/103 1210/1564/103 1205/1559/103 1218/1572/103
f 1200/1554/6 1194/1548/6 1233/1587/6 1235/1589/6
f 1232/1586/19 1236/1590/19 1218/1572/19 1191/1545/19
f 1230/1584/6 1234/1588/6 1188/1542/6 1219/1573/6
f 1234/1588/18 1231/1585/18 1217/1571/18 1188/1542/18
f 1194/1548/18 1207/1561/18 1232/1586/18 1233/1587/18
f 1229/1583/47 1231/1585/47 1203/1557/47 1202/1556/47
f 1231/1585/18 1234/1588/18 1233/1587/18 1232/1586/18
f 1235/1589/19 1233/1587/19 1184/1538/19 1214/1568/19
f 1230/1584/103 1229/1583/103 1236/1590/103 1235/1589/103
f 1207/1561/7 1206/1560/7 1236/1590/7 1232/1586/7
f 1236/1590/103 1229/1583/103 1202/1556/103 1218/1572/103
f 1234/1588/47 1230/1584/47 1226/1580/47 1209/1563/47
f 1230/1584/103 1235/1589/103 1214/1568/103 1226/1580/103
f 1237/1591/18 1238/1592/18 1239/1593/18 1240/1594/18
f 1241/1595/18 1242/1596/18 1243/1597/18 1244/1598/18
f 1245/1599/18 1246/1600/18 1247/1601/18 1248/1602/18
f 1238/1592/18 1249/1603/18 1250/1604/18 1239/1593/18
f 1251/1605/47 1242/1596/47 1241/1595/47 1252/1606/47
f 1253/1607/103 1254/1608/103 1255/1609/103 1256/1610/103
f 1257/1611/6 1258/1612/6 1259/1613/6 1260/1614/6
f 1261/1615/47 1262/1616/47 1263/1617/47 1248/1602/47
f 1256/1610/47 1255/1609/47 1239/1593/47 1250/1604/47
f 1242/1596/18 1264/1618/18 1265/1619/18 1243/1597/18
f 1266/1620/19 1245/1599/19 1267/1621/19 1268/1622/19
f 1254/1608/103 1269/1623/103 1270/1624/103 1255/1609/103
f 1271/1625/18 1272/1626/18 1273/1627/18 1260/1614/18
f 1274/1628/6 1261/1615/6 1248/1602/6 1247/1601/6
f 1251/1605/103 1252/1606/103 1275/1629/103 1276/1630/103
f 1277/1631/7 1271/1625/7 1278/1632/7 1279/1633/7
f 1280/1634/7 1246/1600/7 1245/1599/7 1266/1620/7
f 1278/1632/18 1271/1625/18 1260/1614/18 1259/1613/18
f 1254/1608/6 1238/1592/6 1237/1591/6 1269/1623/6
f 1277/1631/103 1279/1633/103 1258/1612/103 1257/1611/103
f 1281/1635/6 1264/1618/6 1242/1596/6 1251/1605/6
f 1255/1609/7 1270/1624/7 1240/1594/7 1239/1593/7
f 1282/1636/7 1276/1630/7 1243/1597/7 1265/1619/7
f 1281/1635/103 1251/1605/103 1276/1630/103 1282/1636/103
f 1283/1637/47 1272/1626/47 1271/1625/47 1277/1631/47
f 1276/1630/19 1275/1629/19 1244/1598/19 1243/1597/19
f 1284/1638/19 1257/1611/19 1260/1614/19 1273/1627/19
f 1283/1637/103 1277/1631/103 1257/1611/103 1284/1638/103
f 1253/1607/19 1249/1603/19 1238/1592/19 1254/1608/19
f 1267/1621/18 1245/1599/18 1248/1602/18 1263/1617/18
f 1285/1639/103 1286/1640/103 1275/1629/103 1284/1638/103
f 1266/1620/103 1268/1622/103 1262/1616/103 1261/1615/103
f 1280/1634/103 1274/1628/103 1258/1612/103 1279/1633/103
f 1278/1632/18 1259/1613/18 1247/1601/18 1246/1600/18
f 1287/1641/18 1288/1642/18 1247/1601/18 1259/1613/18
f 1246/1600/7 1280/1634/7 1279/1633/7 1278/1632/7
f 1281/1635/103 1282/1636/103 1270/1624/103 1269/1623/103
f 1237/1591/18 1240/1594/18 1265/1619/18 1264/1618/18
f 1289/1643/18 1290/1644/18 1265/1619/18 1240/1594/18
f 1264/1618/6 1281/1635/6 1269/1623/6 1237/1591/6
f 1283/1637/103 1284/1638/103 1275/1629/103 1252/1606/103
f 1241/1595/18 1244/1598/18 1273/1627/18 1272/1626/18
f 1287/1641/7 1285/1639/7 1284/1638/7 1273/1627/7
f 1272/1626/47 1283/1637/47 1252/1606/47 1241/1595/47
f 1253/1607/103 1256/1610/103 1262/1616/103 1268/1622/103
f 1267/1621/18 1263/1617/18 1250/1604/18 1249/1603/18
f 1262/1616/103 1256/1610/103 1291/1645/103 1292/1646/103
f 1249/1603/19 1253/1607/19 1268/1622/19 1267/1621/19
f 1280/1634/103 1266/1620/103 1261/1615/103 1274/1628/103
f 1256/1610/6 1250/1604/6 1289/1643/6 1291/1645/6
f 1288/1642/19 1292/1646/19 1274/1628/19 1247/1601/19
f 1286/1640/6 1290/1644/6 1244/1598/6 1275/1629/6
f 1290/1644/18 1287/1641/18 1273/1627/18 1244/1598/18
f 1250/1604/18 1263/1617/18 1288/1642/18 1289/1643/18
f 1285/1639/47 1287/1641/47 1259/1613/47 1258/1612/47
f 1287/1641/18 1290/1644/18 1289/1643/18 1288/1642/18
f 1291/1645/19 1289/1643/19 1240/1594/19 1270/1624/19
f 1286/1640/103 1285/1639/103 1292/1646/103 1291/1645/103
f 1263/1617/7 1262/1616/7 1292/1646/7 1288/1642/7
f 1292/1646/103 1285/1639/103 1258/1612/103 1274/1628/103
f 1290/1644/47 1286/1640/47 1282/1636/47 1265/1619/47
f 1286/1640/103 1291/1645/103 1270/1624/103 1282/1636/103
f 1293/1647/103 1294/1648/103 1295/1649/103 1296/1650/103
f 1297/1651/103 1298/1652/103 1299/1653/103 1300/1654/103
f 1301/1655/103 1302/1656/103 1303/1657/103 1304/1658/103
f 1294/1648/103 1305/1659/103 1306/1660/103 1295/1649/103
f 1307/1661/19 1298/1652/19 1297/1651/19 1308/1662/19
f 1309/1663/18 1310/1664/18 1311/1665/18 1312/1666/18
f 1313/1667/6 1314/1668/6 1315/1669/6 1316/1670/6
f 1317/1671/19 1318/1672/19 1319/1673/19 1304/1658/19
f 1312/1666/19 1311/1665/19 1295/1649/19 1306/1660/19
f 1298/1652/103 1320/1674/103 1321/1675/103 1299/1653/103
f 1322/1676/47 1301/1655/47 1323/1677/47 1324/1678/47
f 1310/1664/18 1325/1679/18 1311/1665/18
f 1326/1680/103 1327/1681/103 1328/1682/103 1316/1670/103
f 1329/1683/6 1317/1671/6 1304/1658/6 1303/1657/6
f 1307/1661/18 1308/1662/18 1330/1684/18 1331/1685/18
f 1332/1686/7 1326/1680/7 1333/1687/7 1334/1688/7
f 1335/1689/7 1302/1656/7 1301/1655/7 1322/1676/7
f 1333/1687/103 1326/1680/103 1316/1670/103 1315/1669/103
f 1307/1661/18 1336/1690/18 1337/1691/18 1338/1692/18
f 1332/1686/18 1334/1688/18 1314/1668/18 1313/1667/18
f 1293/1647/103 1320/1674/103 1339/1693/103 1340/1694/103
f 1311/1665/7 1341/1695/7 1296/1650/7 1295/1649/7
f 1342/1696/7 1331/1685/7 1299/1653/7 1321/1675/7
f 1343/1697/18 1336/1690/18 1331/1685/18 1342/1696/18
f 1344/1698/19 1327/1681/19 1326/1680/19 1332/1686/19
f 1331/1685/47 1330/1684/47 1300/1654/47 1299/1653/47
f 1345/1699/47 1313/1667/47 1316/1670/47 1328/1682/47
f 1344/1698/18 1332/1686/18 1313/1667/18 1345/1699/18
f 1309/1663/47 1305/1659/47 1294/1648/47 1310/1664/47
f 1323/1677/103 1301/1655/103 1304/1658/103 1319/1673/103
f 1346/1700/18 1347/1701/18 1330/1684/18 1345/1699/18
f 1322/1676/18 1324/1678/18 1318/1672/18 1317/1671/18
f 1335/1689/18 1329/1683/18 1314/1668/18 1334/1688/18
f 1333/1687/103 1315/1669/103 1303/1657/103 1302/1656/103
f 1348/1702/103 1349/1703/103 1303/1657/103 1315/1669/103
f 1302/1656/7 1335/1689/7 1334/1688/7 1333/1687/7
f 1343/1697/18 1342/1696/18 1341/1695/18 1350/1704/18
f 1293/1647/103 1296/1650/103 1321/1675/103 1320/1674/103
f 1351/1705/103 1352/1706/103 1321/1675/103 1296/1650/103
f 1353/1707/18 1354/1708/18 1355/1709/18 1356/1710/18
f 1344/1698/18 1345/1699/18 1330/1684/18 1308/1662/18
f 1297/1651/103 1300/1654/103 1328/1682/103 1327/1681/103
f 1348/1702/7 1346/1700/7 1345/1699/7 1328/1682/7
f 1327/1681/19 1344/1698/19 1308/1662/19 1297/1651/19
f 1309/1663/18 1312/1666/18 1318/1672/18 1324/1678/18
f 1323/1677/103 1319/1673/103 1306/1660/103 1305/1659/103
f 1318/1672/18 1312/1666/18 1357/1711/18 1358/1712/18
f 1305/1659/47 1309/1663/47 1324/1678/47 1323/1677/47
f 1335/1689/18 1322/1676/18 1317/1671/18 1329/1683/18
f 1312/1666/6 1306/1660/6 1351/1705/6 1357/1711/6
f 1349/1703/47 1358/1712/47 1329/1683/47 1303/1657/47
f 1347/1701/6 1352/1706/6 1300/1654/6 1330/1684/6
f 1352/1706/103 1348/1702/103 1328/1682/103 1300/1654/103
f 1306/1660/103 1319/1673/103 1349/1703/103 1351/1705/103
f 1346/1700/19 1348/1702/19 1315/1669/19 1314/1668/19
f 1348/1702/103 1352/1706/103 1351/1705/103 1349/1703/103
f 1357/1711/47 1351/1705/47 1296/1650/47 1341/1695/47
f 1347/1701/18 1346/1700/18 1358/1712/18 1357/1711/18
f 1319/1673/7 1318/1672/7 1358/1712/7 1349/1703/7
f 1358/1712/18 1346/1700/18 1314/1668/18 1329/1683/18
f 1352/1706/19 1347/1701/19 1342/1696/19 1321/1675/19
f 1347/1701/18 1357/1711/18 1341/1695/18 1342/1696/18
f 1359/1713/6 1360/1714/6 1361/1715/6 1362/1716/6 1363/1717/6
f 1364/1718/6 1365/1719/6 1366/1720/6 1356/1710/6 1355/1709/6
f 1365/1719/6 1364/1718/6 1362/1716/6 1361/1715/6
f 1310/1664/47 1294/1648/47 1367/1721/47 1368/1722/47
f 1343/1697/18 1350/1704/18 1369/1723/18 1370/1724/18
f 1371/1725/321 1372/1726/321 1373/1727/321 1374/1728/321
f 1320/1674/103 1298/1652/103 1375/1729/103 1339/1693/103
f 1376/1730/18 1377/1731/18 1362/1716/18 1364/1718/18
f 1378/1732/103 1379/1733/103 1361/1715/103 1360/1714/103
f 1380/1734/19 1353/1707/19 1356/1710/19 1366/1720/19
f 1381/1735/103 1382/1736/103 1383/1737/103 1379/1733/103
f 1384/1738/47 1378/1732/47 1360/1714/47 1359/1713/47
f 1377/1731/18 1372/1726/18 1363/1717/18 1362/1716/18
f 1383/1737/103 1380/1734/103 1366/1720/103 1365/1719/103
f 1294/1648/103 1293/1647/103 1340/1694/103 1367/1721/103
f 1379/1733/103 1383/1737/103 1365/1719/103 1361/1715/103
f 1381/1735/103 1385/1739/103 1367/1721/103 1340/1694/103
f 1386/1740/103 1382/1736/103 1339/1693/103 1375/1729/103
f 1385/1739/47 1387/1741/47 1368/1722/47 1367/1721/47
f 1388/1742/18 1389/1743/18 1370/1724/18 1369/1723/18
f 1387/1741/18 1371/1725/18 1390/1744/18 1368/1722/18
f 1391/1745/19 1386/1740/19 1375/1729/19 1338/1692/19
f 1382/1736/103 1381/1735/103 1340/1694/103 1339/1693/103
f 1389/1743/18 1392/1746/18 1337/1691/18 1370/1724/18
f 1298/1652/19 1307/1661/19 1338/1692/19 1375/1729/19
f 1382/1736/103 1386/1740/103 1380/1734/103 1383/1737/103
f 1392/1746/322 1389/1743/322 1393/1747/322 1394/1748/322
f 1387/1741/47 1385/1739/47 1378/1732/47 1384/1738/47
f 1386/1740/19 1391/1745/19 1353/1707/19 1380/1734/19
f 1385/1739/103 1381/1735/103 1379/1733/103 1378/1732/103
f 1389/1743/18 1388/1742/18 1377/1731/18 1376/1730/18
f 1391/1745/18 1392/1746/18 1354/1708/18 1353/1707/18
f 1395/1749/18 1396/1750/18 1397/1751/18 1398/1752/18
f 1331/1685/18 1336/1690/18 1307/1661/18
f 1337/1691/18 1392/1746/18 1391/1745/18 1338/1692/18
f 1389/1743/321 1376/1730/321 1399/1753/321 1393/1747/321
f 1377/1731/323 1388/1742/323 1400/1754/323 1401/1755/323
f 1355/1709/18 1354/1708/18 1376/1730/18 1364/1718/18
f 1390/1744/18 1325/1679/18 1310/1664/18 1368/1722/18
f 1363/1717/18 1372/1726/18 1384/1738/18 1359/1713/18
f 1372/1726/18 1371/1725/18 1387/1741/18 1384/1738/18
f 1390/1744/18 1371/1725/18 1388/1742/18 1369/1723/18
f 1311/1665/18 1325/1679/18 1350/1704/18 1341/1695/18
f 1400/1754/18 1374/1728/18 1373/1727/18 1401/1755/18
f 1402/1756/18 1403/1757/18 1404/1758/18 1405/1759/18
f 1406/1760/18 1394/1748/18 1393/1747/18 1399/1753/18
f 1390/1744/324 1369/1723/324 1398/1752/324 1397/1751/324
f 1350/1704/325 1325/1679/325 1396/1750/325 1395/1749/325
f 1376/1730/326 1354/1708/326 1406/1760/326 1399/1753/326
f 1369/1723/323 1350/1704/323 1395/1749/323 1398/1752/323
f 1336/1690/325 1343/1697/325 1404/1758/325 1403/1757/325
f 1388/1742/322 1371/1725/322 1374/1728/322 1400/1754/322
f 1370/1724/324 1337/1691/324 1402/1756/324 1405/1759/324
f 1337/1691/323 1336/1690/323 1403/1757/323 1402/1756/323
f 1343/1697/321 1370/1724/321 1405/1759/321 1404/1758/321
f 1372/1726/326 1377/1731/326 1401/1755/326 1373/1727/326
f 1325/1679/321 1390/1744/321 1397/1751/321 1396/1750/321
f 1354/1708/323 1392/1746/323 1394/1748/323 1406/1760/323
f 1407/1761/327 1408/1762/327 1409/1763/327 1410/1764/327
f 1411/1765/328 1412/1766/328 1413/1767/328 1414/1768/328
f 1414/1768/6 1413/1767/6 1409/1763/6 1408/1762/6
f 1415/1769/19 1416/1770/19 1417/1771/19 1418/1772/19
f 1419/1773/47 1420/1774/47 1421/1775/47 1422/1776/47
f 1420/1774/7 1418/1772/7 1417/1771/7 1421/1775/7
f 1408/1762/18 1407/1761/18 1415/1769/18 1418/1772/18
f 1407/1761/6 1410/1764/6 1416/1770/6 1415/1769/6
f 1410/1764/103 1409/1763/103 1417/1771/103 1416/1770/103
f 1411/1765/18 1414/1768/18 1420/1774/18 1419/1773/18
f 1412/1766/6 1411/1765/6 1419/1773/6 1422/1776/6
f 1413/1767/103 1412/1766/103 1422/1776/103 1421/1775/103
f 1409/1763/103 1413/1767/103 1421/1775/103 1417/1771/103
f 1414/1768/18 1408/1762/18 1418/1772/18 1420/1774/18
f 1423/1777/103 1424/1778/103 1425/1779/103 1426/1780/103
f 1427/1781/103 1428/1782/103 1429/1783/103 1430/1784/103
f 1431/1785/103 1432/1786/103 1433/1787/103 1434/1788/103
f 1424/1778/103 1435/1789/103 1436/1790/103 1425/1779/103
f 1437/1791/19 1428/1782/19 1427/1781/19 1438/1792/19
f 1439/1793/18 1440/1794/18 1441/1795/18 1442/1796/18
f 1443/1797/329 1444/1798/329 1445/1799/329 1446/1800/329
f 1447/1801/19 1448/1802/19 1449/1803/19 1434/1788/19
f 1442/1796/19 1441/1795/19 1425/1779/19 1436/1790/19
f 1428/1782/103 1450/1804/103 1451/1805/103 1429/1783/103
f 1452/1806/47 1431/1785/47 1453/1807/47 1454/1808/47
f 1440/1794/18 1455/1809/18 1441/1795/18
f 1456/1810/103 1457/1811/103 1458/1812/103 1446/1800/103
f 1459/1813/330 1447/1801/330 1434/1788/330 1433/1787/330
f 1437/1791/18 1438/1792/18 1460/1814/18 1461/1815/18
f 1462/1816/331 1456/1810/331 1432/1786/331 1463/1817/331
f 1463/1817/332 1432/1786/332 1431/1785/332 1452/1806/332
f 1432/1786/103 1456/1810/103 1446/1800/103 1445/1799/103
f 1462/1816/18 1463/1817/18 1444/1798/18 1443/1797/18
f 1441/1795/7 1464/1818/7 1426/1780/7 1425/1779/7
f 1465/1819/7 1461/1815/7 1429/1783/7 1451/1805/7
f 1466/1820/18 1467/1821/18 1461/1815/18 1465/1819/18
f 1468/1822/19 1457/1811/19 1456/1810/19 1462/1816/19
f 1461/1815/47 1460/1814/47 1430/1784/47 1429/1783/47
f 1469/1823/47 1443/1797/47 1446/1800/47 1458/1812/47
f 1468/1822/18 1462/1816/18 1443/1797/18 1469/1823/18
f 1439/1793/47 1435/1789/47 1424/1778/47 1440/1794/47
f 1453/1807/103 1431/1785/103 1434/1788/103 1449/1803/103
f 1470/1824/18 1471/1825/18 1460/1814/18 1469/1823/18
f 1452/1806/18 1454/1808/18 1448/1802/18 1447/1801/18
f 1463/1817/18 1459/1813/18 1444/1798/18
f 1432/1786/103 1445/1799/103 1433/1787/103
f 1472/1826/103 1473/1827/103 1433/1787/103 1445/1799/103
f 1466/1820/18 1465/1819/18 1464/1818/18 1474/1828/18
f 1423/1777/103 1426/1780/103 1451/1805/103 1450/1804/103
f 1475/1829/103 1476/1830/103 1451/1805/103 1426/1780/103
f 1468/1822/18 1469/1823/18 1460/1814/18 1438/1792/18
f 1427/1781/103 1430/1784/103 1458/1812/103 1457/1811/103
f 1472/1826/7 1470/1824/7 1469/1823/7 1458/1812/7
f 1457/1811/19 1468/1822/19 1438/1792/19 1427/1781/19
f 1439/1793/18 1442/1796/18 1448/1802/18 1454/1808/18
f 1453/1807/103 1449/1803/103 1436/1790/103 1435/1789/103
f 1448/1802/18 1442/1796/18 1477/1831/18 1478/1832/18
f 1435/1789/47 1439/1793/47 1454/1808/47 1453/1807/47
f 1463/1817/18 1452/1806/18 1447/1801/18 1459/1813/18
f 1442/1796/6 1436/1790/6 1475/1829/6 1477/1831/6
f 1473/1827/47 1478/1832/47 1459/1813/47 1433/1787/47
f 1471/1825/6 1476/1830/6 1430/1784/6 1460/1814/6
f 1476/1830/103 1472/1826/103 1458/1812/103 1430/1784/103
f 1436/1790/103 1449/1803/103 1473/1827/103 1475/1829/103
f 1470/1824/19 1472/1826/19 1445/1799/19 1444/1798/19
f 1472/1826/103 1476/1830/103 1475/1829/103 1473/1827/103
f 1477/1831/47 1475/1829/47 1426/1780/47 1464/1818/47
f 1471/1825/18 1470/1824/18 1478/1832/18 1477/1831/18
f 1449/1803/7 1448/1802/7 1478/1832/7 1473/1827/7
f 1478/1832/18 1470/1824/18 1444/1798/18 1459/1813/18
f 1476/1830/19 1471/1825/19 1465/1819/19 1451/1805/19
f 1471/1825/18 1477/1831/18 1464/1818/18 1465/1819/18
f 1461/1815/18 1467/1821/18 1437/1791/18
f 1441/1795/18 1455/1809/18 1474/1828/18 1464/1818/18
f 1479/1833/103 1480/1834/103 1481/1835/103 1482/1836/103
f 1483/1837/103 1484/1838/103 1485/1839/103 1486/1840/103
f 1487/1841/103 1488/1842/103 1489/1843/103 1490/1844/103
f 1480/1834/103 1491/1845/103 1492/1846/103 1481/1835/103
f 1493/1847/19 1484/1838/19 1483/1837/19 1494/1848/19
f 1495/1849/18 1496/1850/18 1497/1851/18 1498/1852/18
f 1499/1853/329 1500/1854/329 1501/1855/329 1502/1856/329
f 1503/1857/19 1504/1858/19 1505/1859/19 1490/1844/19
f 1498/1852/19 1497/1851/19 1481/1835/19 1492/1846/19
f 1484/1838/103 1506/1860/103 1507/1861/103 1485/1839/103
f 1508/1862/47 1487/1841/47 1509/1863/47 1510/1864/47
f 1496/1850/18 1511/1865/18 1497/1851/18
f 1512/1866/103 1513/1867/103 1514/1868/103 1502/1856/103
f 1515/1869/330 1503/1857/330 1490/1844/330 1489/1843/330
f 1493/1847/18 1494/1848/18 1516/1870/18 1517/1871/18
f 1518/1872/331 1512/1866/331 1488/1842/331 1519/1873/331
f 1519/1873/332 1488/1842/332 1487/1841/332 1508/1862/332
f 1488/1842/103 1512/1866/103 1502/1856/103 1501/1855/103
f 1518/1872/18 1519/1873/18 1500/1854/18 1499/1853/18
f 1497/1851/7 1520/1874/7 1482/1836/7 1481/1835/7
f 1521/1875/7 1517/1871/7 1485/1839/7 1507/1861/7
f 1522/1876/18 1523/1877/18 1517/1871/18 1521/1875/18
f 1524/1878/19 1513/1867/19 1512/1866/19 1518/1872/19
f 1517/1871/47 1516/1870/47 1486/1840/47 1485/1839/47
f 1525/1879/47 1499/1853/47 1502/1856/47 1514/1868/47
f 1524/1878/18 1518/1872/18 1499/1853/18 1525/1879/18
f 1495/1849/47 1491/1845/47 1480/1834/47 1496/1850/47
f 1509/1863/103 1487/1841/103 1490/1844/103 1505/1859/103
f 1526/1880/18 1527/1881/18 1516/1870/18 1525/1879/18
f 1508/1862/18 1510/1864/18 1504/1858/18 1503/1857/18
f 1519/1873/18 1515/1869/18 1500/1854/18
f 1488/1842/103 1501/1855/103 1489/1843/103
f 1528/1882/103 1529/1883/103 1489/1843/103 1501/1855/103
f 1522/1876/18 1521/1875/18 1520/1874/18 1530/1884/18
f 1479/1833/103 1482/1836/103 1507/1861/103 1506/1860/103
f 1531/1885/103 1532/1886/103 1507/1861/103 1482/1836/103
f 1524/1878/18 1525/1879/18 1516/1870/18 1494/1848/18
f 1483/1837/103 1486/1840/103 1514/1868/103 1513/1867/103
f 1528/1882/7 1526/1880/7 1525/1879/7 1514/1868/7
f 1513/1867/19 1524/1878/19 1494/1848/19 1483/1837/19
f 1495/1849/18 1498/1852/18 1504/1858/18 1510/1864/18
f 1509/1863/103 1505/1859/103 1492/1846/103 1491/1845/103
f 1504/1858/18 1498/1852/18 1533/1887/18 1534/1888/18
f 1491/1845/47 1495/1849/47 1510/1864/47 1509/1863/47
f 1519/1873/18 1508/1862/18 1503/1857/18 1515/1869/18
f 1498/1852/6 1492/1846/6 1531/1885/6 1533/1887/6
f 1529/1883/47 1534/1888/47 1515/1869/47 1489/1843/47
f 1527/1881/6 1532/1886/6 1486/1840/6 1516/1870/6
f 1532/1886/103 1528/1882/103 1514/1868/103 1486/1840/103
f 1492/1846/103 1505/1859/103 1529/1883/103 1531/1885/103
f 1526/1880/19 1528/1882/19 1501/1855/19 1500/1854/19
f 1528/1882/103 1532/1886/103 1531/1885/103 1529/1883/103
f 1533/1887/47 1531/1885/47 1482/1836/47 1520/1874/47
f 1527/1881/18 1526/1880/18 1534/1888/18 1533/1887/18
f 1505/1859/7 1504/1858/7 1534/1888/7 1529/1883/7
f 1534/1888/18 1526/1880/18 1500/1854/18 1515/1869/18
f 1532/1886/19 1527/1881/19 1521/1875/19 1507/1861/19
f 1527/1881/18 1533/1887/18 1520/1874/18 1521/1875/18
f 1517/1871/18 1523/1877/18 1493/1847/18
f 1497/1851/18 1511/1865/18 1530/1884/18 1520/1874/18
f 1535/1889/19 1536/1890/19 1537/1891/19 1538/1892/19
f 1539/1893/19 1540/1894/19 1541/1895/19 1542/1896/19
f 1543/1897/19 1544/1898/19 1545/1899/19 1546/1900/19
f 1536/1890/19 1547/1901/19 1548/1902/19 1537/1891/19
f 1549/1903/18 1540/1894/18 1539/1893/18 1550/1904/18
f 1551/1905/47 1552/1906/47 1553/1907/47 1554/1908/47
f 1555/1909/333 1556/1910/333 1557/1911/333 1558/1912/333
f 1559/1913/18 1560/1914/18 1561/1915/18 1546/1900/18
f 1554/1908/18 1553/1907/18 1537/1891/18 1548/1902/18
f 1540/1894/19 1562/1916/19 1563/1917/19 1541/1895/19
f 1564/1918/103 1543/1897/103 1565/1919/103 1566/1920/103
f 1552/1906/47 1567/1921/47 1553/1907/47
f 1568/1922/19 1569/1923/19 1570/1924/19 1558/1912/19
f 1571/1925/334 1559/1913/334 1546/1900/334 1545/1899/334
f 1549/1903/47 1550/1904/47 1572/1926/47 1573/1927/47
f 1574/1928/335 1568/1922/335 1544/1898/335 1575/1929/335
f 1575/1929/336 1544/1898/336 1543/1897/336 1564/1918/336
f 1544/1898/19 1568/1922/19 1558/1912/19 1557/1911/19
f 1574/1928/47 1575/1929/47 1556/1910/47 1555/1909/47
f 1553/1907/7 1576/1930/7 1538/1892/7 1537/1891/7
f 1577/1931/7 1573/1927/7 1541/1895/7 1563/1917/7
f 1578/1932/47 1579/1933/47 1573/1927/47 1577/1931/47
f 1580/1934/18 1569/1923/18 1568/1922/18 1574/1928/18
f 1573/1927/103 1572/1926/103 1542/1896/103 1541/1895/103
f 1581/1935/103 1555/1909/103 1558/1912/103 1570/1924/103
f 1580/1934/47 1574/1928/47 1555/1909/47 1581/1935/47
f 1551/1905/103 1547/1901/103 1536/1890/103 1552/1906/103
f 1565/1919/19 1543/1897/19 1546/1900/19 1561/1915/19
f 1582/1936/47 1583/1937/47 1572/1926/47 1581/1935/47
f 1564/1918/47 1566/1920/47 1560/1914/47 1559/1913/47
f 1575/1929/47 1571/1925/47 1556/1910/47
f 1544/1898/19 1557/1911/19 1545/1899/19
f 1584/1938/19 1585/1939/19 1545/1899/19 1557/1911/19
f 1578/1932/47 1577/1931/47 1576/1930/47 1586/1940/47
f 1535/1889/19 1538/1892/19 1563/1917/19 1562/1916/19
f 1587/1941/19 1588/1942/19 1563/1917/19 1538/1892/19
f 1580/1934/47 1581/1935/47 1572/1926/47 1550/1904/47
f 1539/1893/19 1542/1896/19 1570/1924/19 1569/1923/19
f 1584/1938/7 1582/1936/7 1581/1935/7 1570/1924/7
f 1569/1923/18 1580/1934/18 1550/1904/18 1539/1893/18
f 1551/1905/47 1554/1908/47 1560/1914/47 1566/1920/47
f 1565/1919/19 1561/1915/19 1548/1902/19 1547/1901/19
f 1560/1914/47 1554/1908/47 1589/1943/47 1590/1944/47
f 1547/1901/103 1551/1905/103 1566/1920/103 1565/1919/103
f 1575/1929/47 1564/1918/47 1559/1913/47 1571/1925/47
f 1554/1908/6 1548/1902/6 1587/1941/6 1589/1943/6
f 1585/1939/103 1590/1944/103 1571/1925/103 1545/1899/103
f 1583/1937/6 1588/1942/6 1542/1896/6 1572/1926/6
f 1588/1942/19 1584/1938/19 1570/1924/19 1542/1896/19
f 1548/1902/19 1561/1915/19 1585/1939/19 1587/1941/19
f 1582/1936/18 1584/1938/18 1557/1911/18 1556/1910/18
f 1584/1938/19 1588/1942/19 1587/1941/19 1585/1939/19
f 1589/1943/103 1587/1941/103 1538/1892/103 1576/1930/103
f 1583/1937/47 1582/1936/47 1590/1944/47 1589/1943/47
f 1561/1915/7 1560/1914/7 1590/1944/7 1585/1939/7
f 1590/1944/47 1582/1936/47 1556/1910/47 1571/1925/47
f 1588/1942/18 1583/1937/18 1577/1931/18 1563/1917/18
f 1583/1937/47 1589/1943/47 1576/1930/47 1577/1931/47
f 1573/1927/47 1579/1933/47 1549/1903/47
f 1553/1907/47 1567/1921/47 1586/1940/47 1576/1930/47
f 1591/1945/18 1592/1946/18 1593/1947/18 1594/1948/18
f 1595/1949/18 1596/1950/18 1597/1951/18 1598/1952/18
f 1599/1953/18 1600/1954/18 1601/1955/18 1602/1956/18
f 1592/1946/18 1603/1957/18 1604/1958/18 1593/1947/18
f 1605/1959/47 1596/1950/47 1595/1949/47 1606/1960/47
f 1607/1961/103 1608/1962/103 1609/1963/103 1610/1964/103
f 1611/1965/6 1612/1966/6 1613/1967/6 1614/1968/6
f 1615/1969/47 1616/1970/47 1617/1971/47 1602/1956/47
f 1610/1964/47 1609/1963/47 1593/1947/47 1604/1958/47
f 1596/1950/18 1618/1972/18 1619/1973/18 1597/1951/18
f 1620/1974/19 1599/1953/19 1621/1975/19 1622/1976/19
f 1608/1962/103 1623/1977/103 1609/1963/103
f 1624/1978/18 1625/1979/18 1626/1980/18 1614/1968/18
f 1627/1981/6 1615/1969/6 1602/1956/6 1601/1955/6
f 1605/1959/103 1606/1960/103 1628/1982/103 1629/1983/103
f 1630/1984/7 1624/1978/7 1631/1985/7 1632/1986/7
f 1633/1987/7 1600/1954/7 1599/1953/7 1620/1974/7
f 1631/1985/18 1624/1978/18 1614/1968/18 1613/1967/18
f 1605/1959/103 1634/1988/103 1635/1989/103 1636/1990/103
f 1630/1984/103 1632/1986/103 1612/1966/103 1611/1965/103
f 1591/1945/18 1618/1972/18 1637/1991/18 1638/1992/18
f 1609/1963/7 1639/1993/7 1594/1948/7 1593/1947/7
f 1640/1994/7 1629/1983/7 1597/1951/7 1619/1973/7
f 1641/1995/103 1634/1988/103 1629/1983/103 1640/1994/103
f 1642/1996/47 1625/1979/47 1624/1978/47 1630/1984/47
f 1629/1983/19 1628/1982/19 1598/1952/19 1597/1951/19
f 1643/1997/19 1611/1965/19 1614/1968/19 1626/1980/19
f 1642/1996/103 1630/1984/103 1611/1965/103 1643/1997/103
f 1607/1961/19 1603/1957/19 1592/1946/19 1608/1962/19
f 1621/1975/18 1599/1953/18 1602/1956/18 1617/1971/18
f 1644/1998/103 1645/1999/103 1628/1982/103 1643/1997/103
f 1620/1974/103 1622/1976/103 1616/1970/103 1615/1969/103
f 1633/1987/103 1627/1981/103 1612/1966/103 1632/1986/103
f 1631/1985/18 1613/1967/18 1601/1955/18 1600/1954/18
f 1646/2000/18 1647/2001/18 1601/1955/18 1613/1967/18
f 1600/1954/7 1633/1987/7 1632/1986/7 1631/1985/7
f 1641/1995/103 1640/1994/103 1639/1993/103 1648/2002/103
f 1591/1945/18 1594/1948/18 1619/1973/18 1618/1972/18
f 1649/2003/18 1650/2004/18 1619/1973/18 1594/1948/18
f 1651/2005/103 1652/2006/103 1653/2007/103 1654/2008/103
f 1642/1996/103 1643/1997/103 1628/1982/103 1606/1960/103
f 1595/1949/18 1598/1952/18 1626/1980/18 1625/1979/18
f 1646/2000/7 1644/1998/7 1643/1997/7 1626/1980/7
f 1625/1979/47 1642/1996/47 1606/1960/47 1595/1949/47
f 1607/1961/103 1610/1964/103 1616/1970/103 1622/1976/103
f 1621/1975/18 1617/1971/18 1604/1958/18 1603/1957/18
f 1616/1970/103 1610/1964/103 1655/2009/103 1656/2010/103
f 1603/1957/19 1607/1961/19 1622/1976/19 1621/1975/19
f 1633/1987/103 1620/1974/103 1615/1969/103 1627/1981/103
f 1610/1964/6 1604/1958/6 1649/2003/6 1655/2009/6
f 1647/2001/19 1656/2010/19 1627/1981/19 1601/1955/19
f 1645/1999/6 1650/2004/6 1598/1952/6 1628/1982/6
f 1650/2004/18 1646/2000/18 1626/1980/18 1598/1952/18
f 1604/1958/18 1617/1971/18 1647/2001/18 1649/2003/18
f 1644/1998/47 1646/2000/47 1613/1967/47 1612/1966/47
f 1646/2000/18 1650/2004/18 1649/2003/18 1647/2001/18
f 1655/2009/19 1649/2003/19 1594/1948/19 1639/1993/19
f 1645/1999/103 1644/1998/103 1656/2010/103 1655/2009/103
f 1617/1971/7 1616/1970/7 1656/2010/7 1647/2001/7
f 1656/2010/103 1644/1998/103 1612/1966/103 1627/1981/103
f 1650/2004/47 1645/1999/47 1640/1994/47 1619/1973/47
f 1645/1999/103 1655/2009/103 1639/1993/103 1640/1994/103
f 1657/2011/6 1658/2012/6 1659/2013/6 1660/2014/6 1661/2015/6
f 1662/2016/6 1663/2017/6 1664/2018/6 1654/2008/6 1653/2007/6
f 1663/2017/6 1662/2016/6 1660/2014/6 1659/2013/6
f 1608/1962/19 1592/1946/19 1665/2019/19 1666/2020/19
f 1641/1995/103 1648/2002/103 1667/2021/103 1668/2022/103
f 1669/2023/337 1670/2024/337 1671/2025/337 1672/2026/337
f 1618/1972/18 1596/1950/18 1673/2027/18 1637/1991/18
f 1674/2028/103 1675/2029/103 1660/2014/103 1662/2016/103
f 1676/2030/18 1677/2031/18 1659/2013/18 1658/2012/18
f 1678/2032/47 1651/2005/47 1654/2008/47 1664/2018/47
f 1679/2033/18 1680/2034/18 1681/2035/18 1677/2031/18
f 1682/2036/19 1676/2030/19 1658/2012/19 1657/2011/19
f 1675/2029/103 1670/2024/103 1661/2015/103 1660/2014/103
f 1681/2035/18 1678/2032/18 1664/2018/18 1663/2017/18
f 1592/1946/18 1591/1945/18 1638/1992/18 1665/2019/18
f 1677/2031/18 1681/2035/18 1663/2017/18 1659/2013/18
f 1679/2033/18 1683/2037/18 1665/2019/18 1638/1992/18
f 1684/2038/18 1680/2034/18 1637/1991/18 1673/2027/18
f 1683/2037/19 1685/2039/19 1666/2020/19 1665/2019/19
f 1686/2040/103 1687/2041/103 1668/2022/103 1667/2021/103
f 1685/2039/103 1669/2023/103 1688/2042/103 1666/2020/103
f 1689/2043/47 1684/2038/47 1673/2027/47 1636/1990/47
f 1680/2034/18 1679/2033/18 1638/1992/18 1637/1991/18
f 1687/2041/103 1690/2044/103 1635/1989/103 1668/2022/103
f 1596/1950/47 1605/1959/47 1636/1990/47 1673/2027/47
f 1680/2034/18 1684/2038/18 1678/2032/18 1681/2035/18
f 1690/2044/338 1687/2041/338 1691/2045/338 1692/2046/338
f 1685/2039/19 1683/2037/19 1676/2030/19 1682/2036/19
f 1684/2038/47 1689/2043/47 1651/2005/47 1678/2032/47
f 1683/2037/18 1679/2033/18 1677/2031/18 1676/2030/18
f 1687/2041/103 1686/2040/103 1675/2029/103 1674/2028/103
f 1689/2043/103 1690/2044/103 1652/2006/103 1651/2005/103
f 1693/2047/103 1694/2048/103 1695/2049/103 1696/2050/103
f 1629/1983/103 1634/1988/103 1605/1959/103
f 1635/1989/103 1690/2044/103 1689/2043/103 1636/1990/103
f 1687/2041/337 1674/2028/337 1697/2051/337 1691/2045/337
f 1675/2029/339 1686/2040/339 1698/2052/339 1699/2053/339
f 1653/2007/103 1652/2006/103 1674/2028/103 1662/2016/103
f 1688/2042/103 1623/1977/103 1608/1962/103 1666/2020/103
f 1661/2015/103 1670/2024/103 1682/2036/103 1657/2011/103
f 1670/2024/103 1669/2023/103 1685/2039/103 1682/2036/103
f 1688/2042/103 1669/2023/103 1686/2040/103 1667/2021/103
f 1609/1963/103 1623/1977/103 1648/2002/103 1639/1993/103
f 1698/2052/103 1672/2026/103 1671/2025/103 1699/2053/103
f 1700/2054/103 1701/2055/103 1702/2056/103 1703/2057/103
f 1704/2058/103 1692/2046/103 1691/2045/103 1697/2051/103
f 1688/2042/340 1667/2021/340 1696/2050/340 1695/2049/340
f 1648/2002/341 1623/1977/341 1694/2048/341 1693/2047/341
f 1674/2028/342 1652/2006/342 1704/2058/342 1697/2051/342
f 1667/2021/339 1648/2002/339 1693/2047/339 1696/2050/339
f 1634/1988/341 1641/1995/341 1702/2056/341 1701/2055/341
f 1686/2040/338 1669/2023/338 1672/2026/338 1698/2052/338
f 1668/2022/340 1635/1989/340 1700/2054/340 1703/2057/340
f 1635/1989/339 1634/1988/339 1701/2055/339 1700/2054/339
f 1641/1995/337 1668/2022/337 1703/2057/337 1702/2056/337
f 1670/2024/342 1675/2029/342 1699/2053/342 1671/2025/342
f 1623/1977/337 1688/2042/337 1695/2049/337 1694/2048/337
f 1652/2006/339 1690/2044/339 1692/2046/339 1704/2058/339
f 1705/2059/328 1706/2060/328 1707/2061/328 1708/2062/328
f 1709/2063/327 1710/2064/327 1711/2065/327 1712/2066/327
f 1712/2066/6 1711/2065/6 1707/2061/6 1706/2060/6
f 1713/2067/47 1714/2068/47 1715/2069/47 1716/2070/47
f 1717/2071/19 1718/2072/19 1719/2073/19 1720/2074/19
f 1718/2072/7 1716/2070/7 1715/2069/7 1719/2073/7
f 1706/2060/103 1705/2059/103 1713/2067/103 1716/2070/103
f 1705/2059/6 1708/2062/6 1714/2068/6 1713/2067/6
f 1708/2062/18 1707/2061/18 1715/2069/18 1714/2068/18
f 1709/2063/103 1712/2066/103 1718/2072/103 1717/2071/103
f 1710/2064/6 1709/2063/6 1717/2071/6 1720/2074/6
f 1711/2065/18 1710/2064/18 1720/2074/18 1719/2073/18
f 1707/2061/18 1711/2065/18 1719/2073/18 1715/2069/18
f 1712/2066/103 1706/2060/103 1716/2070/103 1718/2072/103
f 1721/2075/18 1722/2076/18 1723/2077/18 1724/2078/18
f 1725/2079/18 1726/2080/18 1727/2081/18 1728/2082/18
f 1729/2083/18 1730/2084/18 1731/2085/18 1732/2086/18
f 1722/2076/18 1733/2087/18 1734/2088/18 1723/2077/18
f 1735/2089/47 1726/2080/47 1725/2079/47 1736/2090/47
f 1737/2091/103 1738/2092/103 1739/2093/103 1740/2094/103
f 1741/2095/343 1742/2096/343 1743/2097/343 1744/2098/343
f 1745/2099/47 1746/2100/47 1747/2101/47 1732/2086/47
f 1740/2094/47 1739/2093/47 1723/2077/47 1734/2088/47
f 1726/2080/18 1748/2102/18 1749/2103/18 1727/2081/18
f 1750/2104/19 1729/2083/19 1751/2105/19 1752/2106/19
f 1738/2092/103 1753/2107/103 1739/2093/103
f 1754/2108/18 1755/2109/18 1756/2110/18 1744/2098/18
f 1757/2111/344 1745/2099/344 1732/2086/344 1731/2085/344
f 1735/2089/103 1736/2090/103 1758/2112/103 1759/2113/103
f 1760/2114/332 1754/2108/332 1730/2084/332 1761/2115/332
f 1761/2115/331 1730/2084/331 1729/2083/331 1750/2104/331
f 1730/2084/18 1754/2108/18 1744/2098/18 1743/2097/18
f 1760/2114/103 1761/2115/103 1742/2096/103 1741/2095/103
f 1739/2093/7 1762/2116/7 1724/2078/7 1723/2077/7
f 1763/2117/7 1759/2113/7 1727/2081/7 1749/2103/7
f 1764/2118/103 1765/2119/103 1759/2113/103 1763/2117/103
f 1766/2120/47 1755/2109/47 1754/2108/47 1760/2114/47
f 1759/2113/19 1758/2112/19 1728/2082/19 1727/2081/19
f 1767/2121/19 1741/2095/19 1744/2098/19 1756/2110/19
f 1766/2120/103 1760/2114/103 1741/2095/103 1767/2121/103
f 1737/2091/19 1733/2087/19 1722/2076/19 1738/2092/19
f 1751/2105/18 1729/2083/18 1732/2086/18 1747/2101/18
f 1768/2122/103 1769/2123/103 1758/2112/103 1767/2121/103
f 1750/2104/103 1752/2106/103 1746/2100/103 1745/2099/103
f 1761/2115/103 1757/2111/103 1742/2096/103
f 1730/2084/18 1743/2097/18 1731/2085/18
f 1770/2124/18 1771/2125/18 1731/2085/18 1743/2097/18
f 1764/2118/103 1763/2117/103 1762/2116/103 1772/2126/103
f 1721/2075/18 1724/2078/18 1749/2103/18 1748/2102/18
f 1773/2127/18 1774/2128/18 1749/2103/18 1724/2078/18
f 1766/2120/103 1767/2121/103 1758/2112/103 1736/2090/103
f 1725/2079/18 1728/2082/18 1756/2110/18 1755/2109/18
f 1770/2124/7 1768/2122/7 1767/2121/7 1756/2110/7
f 1755/2109/47 1766/2120/47 1736/2090/47 1725/2079/47
f 1737/2091/103 1740/2094/103 1746/2100/103 1752/2106/103
f 1751/2105/18 1747/2101/18 1734/2088/18 1733/2087/18
f 1746/2100/103 1740/2094/103 1775/2129/103 1776/2130/103
f 1733/2087/19 1737/2091/19 1752/2106/19 1751/2105/19
f 1761/2115/103 1750/2104/103 1745/2099/103 1757/2111/103
f 1740/2094/6 1734/2088/6 1773/2127/6 1775/2129/6
f 1771/2125/19 1776/2130/19 1757/2111/19 1731/2085/19
f 1769/2123/6 1774/2128/6 1728/2082/6 1758/2112/6
f 1774/2128/18 1770/2124/18 1756/2110/18 1728/2082/18
f 1734/2088/18 1747/2101/18 1771/2125/18 1773/2127/18
f 1768/2122/47 1770/2124/47 1743/2097/47 1742/2096/47
f 1770/2124/18 1774/2128/18 1773/2127/18 1771/2125/18
f 1775/2129/19 1773/2127/19 1724/2078/19 1762/2116/19
f 1769/2123/103 1768/2122/103 1776/2130/103 1775/2129/103
f 1747/2101/7 1746/2100/7 1776/2130/7 1771/2125/7
f 1776/2130/103 1768/2122/103 1742/2096/103 1757/2111/103
f 1774/2128/47 1769/2123/47 1763/2117/47 1749/2103/47
f 1769/2123/103 1775/2129/103 1762/2116/103 1763/2117/103
f 1759/2113/103 1765/2119/103 1735/2089/103
f 1739/2093/103 1753/2107/103 1772/2126/103 1762/2116/103
f 165/2131/6 210/2132/6 57/2133/6 2326/2134/6
f 162/2135/6 165/2131/6 2326/2134/6 2327/2136/6
f 2326/2134/6 57/2133/6 2334/2137/6 2332/2138/6
f 2328/82/6 2327/81/6 2331/2139/6 56/2140/6
f 2327/2136/6 2326/2134/6 2332/2138/6 2331/2141/6
f 57/90/6 2325/89/6 2333/2142/6 2334/2143/6
f 377/601/6 2334/2143/6 2333/2142/6 264/419/6
f 377/601/6 381/607/6 2332/2138/6 2334/2143/6
f 381/607/6 379/603/6 2331/2141/6 2332/2138/6
f 378/602/6 56/2140/6 2331/2139/6 379/603/6
f 2328/82/6 56/2140/6 2335/2144/6 2336/2145/6
f 56/2140/6 378/602/6 2335/2144/6
f 58/2146/6 2328/82/6 2336/2145/6 61/2147/6
f 92/2148/6 61/2147/6 2336/2145/6
f 93/142/6 2336/2145/6 2335/2144/6 404/636/6
f 404/636/6 2335/2144/6 378/602/6
f 93/142/6 92/2148/6 2336/2145/6
s 1
f 1777/2149/345 1778/2150/18 1779/2151/346 1780/2152/347
f 1780/2152/347 1779/2151/346 1781/2153/348 1782/2154/349
f 1782/2154/349 1781/2153/348 1783/2155/350 1784/2156/351
f 1784/2156/351 1783/2155/350 1785/2157/47 1786/2158/352
f 1786/2158/352 1785/2157/47 1787/2159/353 1788/2160/354
f 1788/2160/354 1787/2159/353 1789/2161/355 1790/2162/356
f 1790/2162/356 1789/2161/355 1791/2163/357 1792/2164/358
f 1792/2164/358 1791/2163/357 1793/2165/103 1794/2166/359
f 1794/2166/359 1793/2165/103 1795/2167/360 1796/2168/361
f 1796/2168/361 1795/2167/360 1797/2169/362 1798/2170/363
f 1798/2170/363 1797/2169/362 1799/2171/364 1800/2172/365
f 1800/2172/365 1799/2171/364 1801/2173/19 1802/2174/366
f 1802/2174/366 1801/2173/19 1803/2175/367 1804/2176/368
f 1804/2176/368 1803/2175/367 1805/2177/369 1806/2178/370
f 1806/2178/370 1805/2177/369 1807/2179/371 1808/2180/372
f 1808/2180/372 1807/2179/371 1778/2150/18 1777/2149/345
f 1784/2156/351 1786/2158/352 1809/2181/373 1810/2182/374
f 1811/2183/375 1812/2184/376 1813/2185/377 1814/2186/378
f 1794/2166/359 1796/2168/361 1815/2187/379 1816/2188/380
f 1804/2176/368 1806/2178/370 1817/2189/381 1812/2184/376
f 1780/2152/347 1782/2154/349 1818/2190/382 1819/2191/383
f 1790/2162/356 1792/2164/358 1820/2192/384 1821/2193/385
f 1800/2172/365 1802/2174/366 1811/2183/375 1822/2194/386
f 1786/2158/352 1788/2160/354 1823/2195/387 1809/2181/373
f 1796/2168/361 1798/2170/363 1824/2196/388 1815/2187/379
f 1806/2178/370 1808/2180/372 1825/2197/389 1817/2189/381
f 1782/2154/349 1784/2156/351 1810/2182/374 1818/2190/382
f 1792/2164/358 1794/2166/359 1816/2188/380 1820/2192/384
f 1777/2149/345 1780/2152/347 1819/2191/383 1826/2198/390
f 1802/2174/366 1804/2176/368 1812/2184/376 1811/2183/375
f 1788/2160/354 1790/2162/356 1821/2193/385 1823/2195/387
f 1798/2170/363 1800/2172/365 1822/2194/386 1824/2196/388
f 1808/2180/372 1777/2149/345 1826/2198/390 1825/2197/389
f 1827/2199/391 1828/2200/392 1829/2201/393 1830/2202/394
f 1823/2195/387 1821/2193/385 1831/2203/395 1832/2204/396
f 1812/2184/376 1817/2189/381 1833/2205/397 1813/2185/377
f 1821/2193/385 1820/2192/384 1834/2206/398 1831/2203/395
f 1817/2189/381 1825/2197/389 1835/2207/399 1833/2205/397
f 1820/2192/384 1816/2188/380 1836/2208/400 1834/2206/398
f 1826/2198/390 1819/2191/383 1837/2209/401 1838/2210/402
f 1825/2197/389 1826/2198/390 1838/2210/402 1835/2207/399
f 1816/2188/380 1815/2187/379 1839/2211/403 1836/2208/400
f 1819/2191/383 1818/2190/382 1840/2212/404 1837/2209/401
f 1815/2187/379 1824/2196/388 1827/2199/391 1839/2211/403
f 1818/2190/382 1810/2182/374 1841/2213/405 1840/2212/404
f 1824/2196/388 1822/2194/386 1828/2200/392 1827/2199/391
f 1810/2182/374 1809/2181/373 1842/2214/406 1841/2213/405
f 1822/2194/386 1811/2183/375 1814/2186/378 1828/2200/392
f 1809/2181/373 1823/2195/387 1832/2204/396 1842/2214/406
f 1843/2215/407 1844/2216/408 1845/2217/409 1846/2218/410
f 1841/2213/405 1842/2214/406 1847/2219/411 1848/2220/412
f 1828/2200/392 1814/2186/378 1849/2221/413 1829/2201/393
f 1842/2214/406 1832/2204/396 1850/2222/414 1847/2219/411
f 1814/2186/378 1813/2185/377 1851/2223/415 1849/2221/413
f 1832/2204/396 1831/2203/395 1852/2224/416 1850/2222/414
f 1813/2185/377 1833/2205/397 1853/2225/417 1851/2223/415
f 1831/2203/395 1834/2206/398 1854/2226/418 1852/2224/416
f 1833/2205/397 1835/2207/399 1855/2227/419 1853/2225/417
f 1834/2206/398 1836/2208/400 1856/2228/420 1854/2226/418
f 1838/2210/402 1837/2209/401 1844/2216/408 1843/2215/407
f 1835/2207/399 1838/2210/402 1843/2215/407 1855/2227/419
f 1836/2208/400 1839/2211/403 1857/2229/421 1856/2228/420
f 1837/2209/401 1840/2212/404 1858/2230/422 1844/2216/408
f 1839/2211/403 1827/2199/391 1830/2202/394 1857/2229/421
f 1840/2212/404 1841/2213/405 1848/2220/412 1858/2230/422
f 1859/2231/423 1860/2232/424 1861/2233/425 1862/2234/426
f 1855/2227/419 1843/2215/407 1846/2218/410 1863/2235/427
f 1856/2228/420 1857/2229/421 1864/2236/428 1865/2237/429
f 1844/2216/408 1858/2230/422 1866/2238/430 1845/2217/409
f 1857/2229/421 1830/2202/394 1867/2239/431 1864/2236/428
f 1858/2230/422 1848/2220/412 1868/2240/432 1866/2238/430
f 1830/2202/394 1829/2201/393 1869/2241/433 1867/2239/431
f 1848/2220/412 1847/2219/411 1870/2242/434 1868/2240/432
f 1829/2201/393 1849/2221/413 1871/2243/435 1869/2241/433
f 1847/2219/411 1850/2222/414 1859/2231/423 1870/2242/434
f 1849/2221/413 1851/2223/415 1872/2244/436 1871/2243/435
f 1850/2222/414 1852/2224/416 1860/2232/424 1859/2231/423
f 1851/2223/415 1853/2225/417 1873/2245/437 1872/2244/436
f 1852/2224/416 1854/2226/418 1874/2246/438 1860/2232/424
f 1853/2225/417 1855/2227/419 1863/2235/427 1873/2245/437
f 1854/2226/418 1856/2228/420 1865/2237/429 1874/2246/438
f 1875/2247/439 1876/2248/440 1877/2249/441 1878/2250/442
f 1872/2244/436 1873/2245/437 1879/2251/443 1880/2252/444
f 1860/2232/424 1874/2246/438 1881/2253/445 1861/2233/425
f 1873/2245/437 1863/2235/427 1882/2254/446 1879/2251/443
f 1874/2246/438 1865/2237/429 1883/2255/447 1881/2253/445
f 1846/2218/410 1845/2217/409 1884/2256/448 1885/2257/449
f 1863/2235/427 1846/2218/410 1885/2257/449 1882/2254/446
f 1865/2237/429 1864/2236/428 1886/2258/450 1883/2255/447
f 1845/2217/409 1866/2238/430 1887/2259/451 1884/2256/448
f 1864/2236/428 1867/2239/431 1875/2247/439 1886/2258/450
f 1866/2238/430 1868/2240/432 1888/2260/452 1887/2259/451
f 1867/2239/431 1869/2241/433 1876/2248/440 1875/2247/439
f 1868/2240/432 1870/2242/434 1889/2261/453 1888/2260/452
f 1869/2241/433 1871/2243/435 1890/2262/454 1876/2248/440
f 1870/2242/434 1859/2231/423 1862/2234/426 1889/2261/453
f 1871/2243/435 1872/2244/436 1880/2252/444 1890/2262/454
f 1891/2263/455 1892/2264/47 1893/2265/47 1894/2266/455
f 1888/2260/452 1889/2261/453 1895/2267/47 1896/2268/455
f 1876/2248/440 1890/2262/454 1897/2269/19 1877/2249/441
f 1889/2261/453 1862/2234/426 1898/2270/456 1895/2267/47
f 1890/2262/454 1880/2252/444 1899/2271/457 1897/2269/19
f 1862/2234/426 1861/2233/425 1900/2272/458 1898/2270/456
f 1880/2252/444 1879/2251/443 1901/2273/459 1899/2271/457
f 1861/2233/425 1881/2253/445 1902/2274/460 1900/2272/458
f 1879/2251/443 1882/2254/446 1903/2275/461 1901/2273/459
f 1881/2253/445 1883/2255/447 1904/2276/7 1902/2274/460
f 1885/2257/449 1884/2256/448 1905/2277/462 1906/2278/6
f 1882/2254/446 1885/2257/449 1906/2278/6 1903/2275/461
f 1883/2255/447 1886/2258/450 1907/2279/463 1904/2276/7
f 1884/2256/448 1887/2259/451 1908/2280/464 1905/2277/462
f 1886/2258/450 1875/2247/439 1878/2250/442 1907/2279/463
f 1887/2259/451 1888/2260/452 1896/2268/455 1908/2280/464
f 1909/2281/103 1910/2282/103 1911/2283/103 1912/2284/103
f 1913/2285/103 1909/2281/103 1912/2284/103 1914/2286/103
f 1915/2287/103 1913/2285/103 1914/2286/103 1916/2288/103
f 1917/2289/103 1915/2287/103 1916/2288/103 1918/2290/103
f 1919/2291/103 1917/2289/103 1918/2290/103 1920/2292/103
f 1921/2293/103 1919/2291/103 1920/2292/103 1922/2294/103
f 1923/2295/103 1921/2293/103 1922/2294/103 1924/2296/103
f 1925/2297/103 1923/2295/103 1924/2296/103 1926/2298/103
f 1927/2299/103 1925/2297/103 1926/2298/103 1928/2300/103
f 1929/2301/103 1927/2299/103 1928/2300/103 1930/2302/103
f 1931/2303/103 1929/2301/103 1930/2302/103 1932/2304/103
f 1933/2305/103 1931/2303/103 1932/2304/103 1934/2306/103
f 1935/2307/103 1933/2305/103 1934/2306/103 1936/2308/103
f 1937/2309/103 1935/2307/103 1936/2308/103 1938/2310/103
f 1939/2311/103 1937/2309/103 1938/2310/103 1940/2312/103
f 1910/2282/103 1939/2311/103 1940/2312/103 1911/2283/103
f 1941/2313/19 1942/2314/457 1943/2315/457 1944/2316/19
f 1892/2264/47 1945/2317/456 1946/2318/456 1893/2265/47
f 1942/2314/457 1947/2319/459 1948/2320/459 1943/2315/457
f 1945/2317/456 1949/2321/458 1950/2322/458 1946/2318/456
f 1947/2319/459 1951/2323/461 1952/2324/461 1948/2320/459
f 1949/2321/458 1953/2325/460 1954/2326/460 1950/2322/458
f 1951/2323/461 1955/2327/6 1956/2328/6 1952/2324/461
f 1957/2329/7 1958/2330/463 1959/2331/463 1960/2332/7
f 1953/2325/460 1957/2329/7 1960/2332/7 1954/2326/460
f 1955/2327/6 1961/2333/462 1962/2334/462 1956/2328/6
f 1958/2330/463 1963/2335/442 1964/2336/442 1959/2331/463
f 1961/2333/462 1965/2337/464 1966/2338/464 1962/2334/462
f 1963/2335/442 1967/2339/441 1968/2340/441 1964/2336/442
f 1965/2337/464 1891/2263/455 1894/2266/455 1966/2338/464
f 1967/2339/441 1941/2313/19 1944/2316/19 1968/2340/441
f 1969/2341/465 1970/2342/466 1971/2343/467 1972/2344/468
f 1973/2345/103 1974/2346/469 1975/2347/470
f 1976/2348/471 1977/2349/472 1978/2350/473 1979/2351/474
f 1980/2352/475 1981/2353/476 1982/2354/477 1983/2355/478
f 1984/2356/7 1969/2341/465 1972/2344/468 1985/2357/463
f 1986/2358/479 1976/2348/471 1979/2351/474 1987/2359/480
f 1988/2360/481 1980/2352/475 1983/2355/478 1989/2361/482
f 1990/2362/483 1984/2356/7 1985/2357/463 1991/2363/484
f 1970/2342/466 1986/2358/479 1987/2359/480 1971/2343/467
f 1974/2346/469 1988/2360/481 1989/2361/482 1975/2347/470
f 1977/2349/472 1992/2364/18 1978/2350/473
f 1981/2353/476 1990/2362/483 1991/2363/484 1982/2354/477
f 1987/2359/480 1979/2351/474 1993/2365/485 1994/2366/486
f 1989/2361/482 1983/2355/478 1995/2367/487 1996/2368/488
f 1991/2363/484 1985/2357/463 1997/2369/442 1998/2370/489
f 1971/2343/467 1987/2359/480 1994/2366/486 1999/2371/490
f 1975/2347/470 1989/2361/482 1996/2368/488 2000/2372/491
f 1978/2350/473 1992/2364/18 2001/2373/492
f 1982/2354/477 1991/2363/484 1998/2370/489 2002/2374/493
f 1972/2344/468 1971/2343/467 1999/2371/490 2003/2375/494
f 1973/2345/103 1975/2347/470 2000/2372/491
f 1979/2351/474 1978/2350/473 2001/2373/492 1993/2365/485
f 1983/2355/478 1982/2354/477 2002/2374/493 1995/2367/487
f 1985/2357/463 1972/2344/468 2003/2375/494 1997/2369/442
f 1973/2345/103 2000/2372/491 2004/2376/495
f 1993/2365/485 2001/2373/492 2005/2377/496 2006/2378/497
f 1995/2367/487 2002/2374/493 2007/2379/498 2008/2380/499
f 1997/2369/442 2003/2375/494 2009/2381/500 2010/2382/441
f 1994/2366/486 1993/2365/485 2006/2378/497 2011/2383/501
f 1996/2368/488 1995/2367/487 2008/2380/499 2012/2384/502
f 1998/2370/489 1997/2369/442 2010/2382/441 2013/2385/503
f 1999/2371/490 1994/2366/486 2011/2383/501 2014/2386/504
f 2000/2372/491 1996/2368/488 2012/2384/502 2004/2376/495
f 2001/2373/492 1992/2364/18 2005/2377/496
f 2002/2374/493 1998/2370/489 2013/2385/503 2007/2379/498
f 2003/2375/494 1999/2371/490 2014/2386/504 2009/2381/500
f 2014/2386/504 2011/2383/501 2015/2387/505 2016/2388/506
f 2004/2376/495 2012/2384/502 2017/2389/507 2018/2390/508
f 2005/2377/496 1992/2364/18 2019/2391/509
f 2007/2379/498 2013/2385/503 2020/2392/510 2021/2393/511
f 2009/2381/500 2014/2386/504 2016/2388/506 2022/2394/512
f 1973/2345/103 2004/2376/495 2018/2390/508
f 2006/2378/497 2005/2377/496 2019/2391/509 2023/2395/513
f 2008/2380/499 2007/2379/498 2021/2393/511 2024/2396/514
f 2010/2382/441 2009/2381/500 2022/2394/512 2025/2397/19
f 2011/2383/501 2006/2378/497 2023/2395/513 2015/2387/505
f 2012/2384/502 2008/2380/499 2024/2396/514 2017/2389/507
f 2013/2385/503 2010/2382/441 2025/2397/19 2020/2392/510
f 2015/2387/505 2023/2395/513 2026/2398/515 2027/2399/516
f 2017/2389/507 2024/2396/514 2028/2400/517 2029/2401/518
f 2020/2392/510 2025/2397/19 2030/2402/457 2031/2403/519
f 2016/2388/506 2015/2387/505 2027/2399/516 2032/2404/520
f 2018/2390/508 2017/2389/507 2029/2401/518 2033/2405/521
f 2019/2391/509 1992/2364/18 2034/2406/522
f 2021/2393/511 2020/2392/510 2031/2403/519 2035/2407/523
f 2022/2394/512 2016/2388/506 2032/2404/520 2036/2408/524
f 1973/2345/103 2018/2390/508 2033/2405/521
f 2023/2395/513 2019/2391/509 2034/2406/522 2026/2398/515
f 2024/2396/514 2021/2393/511 2035/2407/523 2028/2400/517
f 2025/2397/19 2022/2394/512 2036/2408/524 2030/2402/457
f 2036/2408/524 2032/2404/520 2037/2409/525 2038/2410/526
f 1973/2345/103 2033/2405/521 2039/2411/527
f 2026/2398/515 2034/2406/522 2040/2412/528 2041/2413/529
f 2028/2400/517 2035/2407/523 2042/2414/530 2043/2415/531
f 2030/2402/457 2036/2408/524 2038/2410/526 2044/2416/459
f 2027/2399/516 2026/2398/515 2041/2413/529 2045/2417/532
f 2029/2401/518 2028/2400/517 2043/2415/531 2046/2418/533
f 2031/2403/519 2030/2402/457 2044/2416/459 2047/2419/534
f 2032/2404/520 2027/2399/516 2045/2417/532 2037/2409/525
f 2033/2405/521 2029/2401/518 2046/2418/533 2039/2411/527
f 2034/2406/522 1992/2364/18 2040/2412/528
f 2035/2407/523 2031/2403/519 2047/2419/534 2042/2414/530
f 2037/2409/525 2045/2417/532 2048/2420/535 2049/2421/536
f 2039/2411/527 2046/2418/533 2050/2422/537 2051/2423/538
f 2040/2412/528 1992/2364/18 2052/2424/539
f 2042/2414/530 2047/2419/534 2053/2425/540 2054/2426/541
f 2038/2410/526 2037/2409/525 2049/2421/536 2055/2427/542
f 1973/2345/103 2039/2411/527 2051/2423/538
f 2041/2413/529 2040/2412/528 2052/2424/539 2056/2428/543
f 2043/2415/531 2042/2414/530 2054/2426/541 2057/2429/544
f 2044/2416/459 2038/2410/526 2055/2427/542 2058/2430/461
f 2045/2417/532 2041/2413/529 2056/2428/543 2048/2420/535
f 2046/2418/533 2043/2415/531 2057/2429/544 2050/2422/537
f 2047/2419/534 2044/2416/459 2058/2430/461 2053/2425/540
f 2058/2430/461 2055/2427/542 2059/2431/545 2060/2432/6
f 2048/2420/535 2056/2428/543 2061/2433/546 2062/2434/547
f 2050/2422/537 2057/2429/544 2063/2435/548 2064/2436/549
f 2053/2425/540 2058/2430/461 2060/2432/6 2065/2437/550
f 2049/2421/536 2048/2420/535 2062/2434/547 2066/2438/551
f 2051/2423/538 2050/2422/537 2064/2436/549 2067/2439/552
f 2052/2424/539 1992/2364/18 2068/2440/553
f 2054/2426/541 2053/2425/540 2065/2437/550 2069/2441/554
f 2055/2427/542 2049/2421/536 2066/2438/551 2059/2431/545
f 1973/2345/103 2051/2423/538 2067/2439/552
f 2056/2428/543 2052/2424/539 2068/2440/553 2061/2433/546
f 2057/2429/544 2054/2426/541 2069/2441/554 2063/2435/548
f 2059/2431/545 2066/2438/551 2070/2442/555 2071/2443/556
f 1973/2345/103 2067/2439/552 2072/2444/557
f 2061/2433/546 2068/2440/553 2073/2445/558 2074/2446/559
f 2063/2435/548 2069/2441/554 2075/2447/560 2076/2448/561
f 2060/2432/6 2059/2431/545 2071/2443/556 2077/2449/462
f 2062/2434/547 2061/2433/546 2074/2446/559 2078/2450/562
f 2064/2436/549 2063/2435/548 2076/2448/561 2079/2451/563
f 2065/2437/550 2060/2432/6 2077/2449/462 2080/2452/564
f 2066/2438/551 2062/2434/547 2078/2450/562 2070/2442/555
f 2067/2439/552 2064/2436/549 2079/2451/563 2072/2444/557
f 2068/2440/553 1992/2364/18 2073/2445/558
f 2069/2441/554 2065/2437/550 2080/2452/564 2075/2447/560
f 2080/2452/564 2077/2449/462 2081/2453/464 2082/2454/565
f 2070/2442/555 2078/2450/562 2083/2455/566 2084/2456/567
f 2072/2444/557 2079/2451/563 2085/2457/568 2086/2458/569
f 2073/2445/558 1992/2364/18 2087/2459/570
f 2075/2447/560 2080/2452/564 2082/2454/565 2088/2460/571
f 2071/2443/556 2070/2442/555 2084/2456/567 2089/2461/572
f 1973/2345/103 2072/2444/557 2086/2458/569
f 2074/2446/559 2073/2445/558 2087/2459/570 2090/2462/573
f 2076/2448/561 2075/2447/560 2088/2460/571 2091/2463/574
f 2077/2449/462 2071/2443/556 2089/2461/572 2081/2453/464
f 2078/2450/562 2074/2446/559 2090/2462/573 2083/2455/566
f 2079/2451/563 2076/2448/561 2091/2463/574 2085/2457/568
f 2081/2453/464 2089/2461/572 2092/2464/575 2093/2465/455
f 2083/2455/566 2090/2462/573 2094/2466/576 2095/2467/577
f 2085/2457/568 2091/2463/574 2096/2468/578 2097/2469/579
f 2082/2454/565 2081/2453/464 2093/2465/455 2098/2470/580
f 2084/2456/567 2083/2455/566 2095/2467/577 2099/2471/581
f 2086/2458/569 2085/2457/568 2097/2469/579 2100/2472/582
f 2087/2459/570 1992/2364/18 2101/2473/583
f 2088/2460/571 2082/2454/565 2098/2470/580 2102/2474/584
f 2089/2461/572 2084/2456/567 2099/2471/581 2092/2464/575
f 1973/2345/103 2086/2458/569 2100/2472/582
f 2090/2462/573 2087/2459/570 2101/2473/583 2094/2466/576
f 2091/2463/574 2088/2460/571 2102/2474/584 2096/2468/578
f 2102/2474/584 2098/2470/580 2103/2475/585 2104/2476/586
f 2092/2464/575 2099/2471/581 2105/2477/587 2106/2478/588
f 1973/2345/103 2100/2472/582 2107/2479/589
f 2094/2466/576 2101/2473/583 2108/2480/590 2109/2481/591
f 2096/2468/578 2102/2474/584 2104/2476/586 2110/2482/592
f 2093/2465/455 2092/2464/575 2106/2478/588 2111/2483/47
f 2095/2467/577 2094/2466/576 2109/2481/591 2112/2484/593
f 2097/2469/579 2096/2468/578 2110/2482/592 2113/2485/594
f 2098/2470/580 2093/2465/455 2111/2483/47 2103/2475/585
f 2099/2471/581 2095/2467/577 2112/2484/593 2105/2477/587
f 2100/2472/582 2097/2469/579 2113/2485/594 2107/2479/589
f 2101/2473/583 1992/2364/18 2108/2480/590
f 2103/2475/585 2111/2483/47 2114/2486/456 2115/2487/595
f 2105/2477/587 2112/2484/593 2116/2488/596 2117/2489/597
f 2107/2479/589 2113/2485/594 2118/2490/598 2119/2491/599
f 2108/2480/590 1992/2364/18 2120/2492/600
f 2104/2476/586 2103/2475/585 2115/2487/595 2121/2493/601
f 2106/2478/588 2105/2477/587 2117/2489/597 2122/2494/602
f 1973/2345/103 2107/2479/589 2119/2491/599
f 2109/2481/591 2108/2480/590 2120/2492/600 2123/2495/603
f 2110/2482/592 2104/2476/586 2121/2493/601 2124/2496/604
f 2111/2483/47 2106/2478/588 2122/2494/602 2114/2486/456
f 2112/2484/593 2109/2481/591 2123/2495/603 2116/2488/596
f 2113/2485/594 2110/2482/592 2124/2496/604 2118/2490/598
f 2124/2496/604 2121/2493/601 2125/2497/605 2126/2498/606
f 2114/2486/456 2122/2494/602 2127/2499/607 2128/2500/458
f 2116/2488/596 2123/2495/603 2129/2501/608 2130/2502/609
f 2118/2490/598 2124/2496/604 2126/2498/606 2131/2503/610
f 2115/2487/595 2114/2486/456 2128/2500/458 2132/2504/611
f 2117/2489/597 2116/2488/596 2130/2502/609 2133/2505/612
f 2119/2491/599 2118/2490/598 2131/2503/610 2134/2506/613
f 2120/2492/600 1992/2364/18 2135/2507/614
f 2121/2493/601 2115/2487/595 2132/2504/611 2125/2497/605
f 2122/2494/602 2117/2489/597 2133/2505/612 2127/2499/607
f 1973/2345/103 2119/2491/599 2134/2506/613
f 2123/2495/603 2120/2492/600 2135/2507/614 2129/2501/608
f 2135/2507/614 1992/2364/18 2136/2508/615
f 2125/2497/605 2132/2504/611 2137/2509/616 2138/2510/617
f 2127/2499/607 2133/2505/612 2139/2511/618 2140/2512/619
f 1973/2345/103 2134/2506/613 2141/2513/620
f 2129/2501/608 2135/2507/614 2136/2508/615 2142/2514/621
f 2126/2498/606 2125/2497/605 2138/2510/617 2143/2515/622
f 2128/2500/458 2127/2499/607 2140/2512/619 2144/2516/460
f 2130/2502/609 2129/2501/608 2142/2514/621 2145/2517/623
f 2131/2503/610 2126/2498/606 2143/2515/622 2146/2518/624
f 2132/2504/611 2128/2500/458 2144/2516/460 2137/2509/616
f 2133/2505/612 2130/2502/609 2145/2517/623 2139/2511/618
f 2134/2506/613 2131/2503/610 2146/2518/624 2141/2513/620
f 2146/2518/624 2143/2515/622 1980/2352/475 1988/2360/481
f 2137/2509/616 2144/2516/460 1984/2356/7 1990/2362/483
f 2139/2511/618 2145/2517/623 1986/2358/479 1970/2342/466
f 2141/2513/620 2146/2518/624 1988/2360/481 1974/2346/469
f 2136/2508/615 1992/2364/18 1977/2349/472
f 2138/2510/617 2137/2509/616 1990/2362/483 1981/2353/476
f 2140/2512/619 2139/2511/618 1970/2342/466 1969/2341/465
f 1973/2345/103 2141/2513/620 1974/2346/469
f 2142/2514/621 2136/2508/615 1977/2349/472 1976/2348/471
f 2143/2515/622 2138/2510/617 1981/2353/476 1980/2352/475
f 2144/2516/460 2140/2512/619 1969/2341/465 1984/2356/7
f 2145/2517/623 2142/2514/621 1976/2348/471 1986/2358/479
f 2147/2519/483 2148/2520/476 2149/2521/617 2150/2522/616
f 2151/2523/18 2152/2524/472 2153/2525/615
f 2154/2526/481 2155/2527/469 2156/2528/625 2157/2529/626
f 2158/2530/479 2159/2531/466 2160/2532/618 2161/2533/623
f 2162/2534/7 2147/2519/483 2150/2522/616 2163/2535/460
f 2164/2536/475 2154/2526/481 2157/2529/626 2165/2537/622
f 2166/2538/471 2158/2530/479 2161/2533/623 2167/2539/621
f 2168/2540/465 2162/2534/7 2163/2535/460 2169/2541/619
f 2148/2520/476 2164/2536/475 2165/2537/622 2149/2521/617
f 2152/2524/472 2166/2538/471 2167/2539/621 2153/2525/615
f 2155/2527/469 2170/2542/103 2156/2528/625
f 2159/2531/466 2168/2540/465 2169/2541/619 2160/2532/618
f 2165/2537/622 2157/2529/626 2171/2543/627 2172/2544/606
f 2167/2539/621 2161/2533/623 2173/2545/609 2174/2546/608
f 2169/2541/619 2163/2535/460 2175/2547/458 2176/2548/628
f 2149/2521/617 2165/2537/622 2172/2544/606 2177/2549/605
f 2153/2525/615 2167/2539/621 2174/2546/608 2178/2550/629
f 2156/2528/625 2170/2542/103 2179/2551/613
f 2160/2532/618 2169/2541/619 2176/2548/628 2180/2552/612
f 2150/2522/616 2149/2521/617 2177/2549/605 2181/2553/611
f 2151/2523/18 2153/2525/615 2178/2550/629
f 2157/2529/626 2156/2528/625 2179/2551/613 2171/2543/627
f 2161/2533/623 2160/2532/618 2180/2552/612 2173/2545/609
f 2163/2535/460 2150/2522/616 2181/2553/611 2175/2547/458
f 2151/2523/18 2178/2550/629 2182/2554/630
f 2171/2543/627 2179/2551/613 2183/2555/599 2184/2556/631
f 2173/2545/609 2180/2552/612 2185/2557/632 2186/2558/596
f 2175/2547/458 2181/2553/611 2187/2559/595 2188/2560/456
f 2172/2544/606 2171/2543/627 2184/2556/631 2189/2561/604
f 2174/2546/608 2173/2545/609 2186/2558/596 2190/2562/633
f 2176/2548/628 2175/2547/458 2188/2560/456 2191/2563/634
f 2177/2549/605 2172/2544/606 2189/2561/604 2192/2564/601
f 2178/2550/629 2174/2546/608 2190/2562/633 2182/2554/630
f 2179/2551/613 2170/2542/103 2183/2555/599
f 2180/2552/612 2176/2548/628 2191/2563/634 2185/2557/632
f 2181/2553/611 2177/2549/605 2192/2564/601 2187/2559/595
f 2192/2564/601 2189/2561/604 2193/2565/592 2194/2566/586
f 2182/2554/630 2190/2562/633 2195/2567/591 2196/2568/590
f 2183/2555/599 2170/2542/103 2197/2569/589
f 2185/2557/632 2191/2563/634 2198/2570/588 2199/2571/587
f 2187/2559/595 2192/2564/601 2194/2566/586 2200/2572/585
f 2151/2523/18 2182/2554/630 2196/2568/590
f 2184/2556/631 2183/2555/599 2197/2569/589 2201/2573/594
f 2186/2558/596 2185/2557/632 2199/2571/587 2202/2574/593
f 2188/2560/456 2187/2559/595 2200/2572/585 2203/2575/47
f 2189/2561/604 2184/2556/631 2201/2573/594 2193/2565/592
f 2190/2562/633 2186/2558/596 2202/2574/593 2195/2567/591
f 2191/2563/634 2188/2560/456 2203/2575/47 2198/2570/588
f 2193/2565/592 2201/2573/594 2204/2576/635 2205/2577/578
f 2195/2567/591 2202/2574/593 2206/2578/577 2207/2579/636
f 2198/2570/588 2203/2575/47 2208/2580/455 2209/2581/637
f 2194/2566/586 2193/2565/592 2205/2577/578 2210/2582/584
f 2196/2568/590 2195/2567/591 2207/2579/636 2211/2583/638
f 2197/2569/589 2170/2542/103 2212/2584/582
f 2199/2571/587 2198/2570/588 2209/2581/637 2213/2585/639
f 2200/2572/585 2194/2566/586 2210/2582/584 2214/2586/580
f 2151/2523/18 2196/2568/590 2211/2583/638
f 2201/2573/594 2197/2569/589 2212/2584/582 2204/2576/635
f 2202/2574/593 2199/2571/587 2213/2585/639 2206/2578/577
f 2203/2575/47 2200/2572/585 2214/2586/580 2208/2580/455
f 2214/2586/580 2210/2582/584 2215/2587/571 2216/2588/565
f 2151/2523/18 2211/2583/638 2217/2589/640
f 2204/2576/635 2212/2584/582 2218/2590/569 2219/2591/641
f 2206/2578/577 2213/2585/639 2220/2592/567 2221/2593/566
f 2208/2580/455 2214/2586/580 2216/2588/565 2222/2594/464
f 2205/2577/578 2204/2576/635 2219/2591/641 2223/2595/574
f 2207/2579/636 2206/2578/577 2221/2593/566 2224/2596/573
f 2209/2581/637 2208/2580/455 2222/2594/464 2225/2597/642
f 2210/2582/584 2205/2577/578 2223/2595/574 2215/2587/571
f 2211/2583/638 2207/2579/636 2224/2596/573 2217/2589/640
f 2212/2584/582 2170/2542/103 2218/2590/569
f 2213/2585/639 2209/2581/637 2225/2597/642 2220/2592/567
f 2215/2587/571 2223/2595/574 2226/2598/561 2227/2599/560
f 2217/2589/640 2224/2596/573 2228/2600/559 2229/2601/643
f 2218/2590/569 2170/2542/103 2230/2602/644
f 2220/2592/567 2225/2597/642 2231/2603/556 2232/2604/555
f 2216/2588/565 2215/2587/571 2227/2599/560 2233/2605/564
f 2151/2523/18 2217/2589/640 2229/2601/643
f 2219/2591/641 2218/2590/569 2230/2602/644 2234/2606/563
f 2221/2593/566 2220/2592/567 2232/2604/555 2235/2607/562
f 2222/2594/464 2216/2588/565 2233/2605/564 2236/2608/462
f 2223/2595/574 2219/2591/641 2234/2606/563 2226/2598/561
f 2224/2596/573 2221/2593/566 2235/2607/562 2228/2600/559
f 2225/2597/642 2222/2594/464 2236/2608/462 2231/2603/556
f 2236/2608/462 2233/2605/564 2237/2609/550 2238/2610/6
f 2226/2598/561 2234/2606/563 2239/2611/549 2240/2612/645
f 2228/2600/559 2235/2607/562 2241/2613/547 2242/2614/546
f 2231/2603/556 2236/2608/462 2238/2610/6 2243/2615/545
f 2227/2599/560 2226/2598/561 2240/2612/645 2244/2616/554
f 2229/2601/643 2228/2600/559 2242/2614/546 2245/2617/646
f 2230/2602/644 2170/2542/103 2246/2618/552
f 2232/2604/555 2231/2603/556 2243/2615/545 2247/2619/551
f 2233/2605/564 2227/2599/560 2244/2616/554 2237/2609/550
f 2151/2523/18 2229/2601/643 2245/2617/646
f 2234/2606/563 2230/2602/644 2246/2618/552 2239/2611/549
f 2235/2607/562 2232/2604/555 2247/2619/551 2241/2613/547
f 2237/2609/550 2244/2616/554 2248/2620/647 2249/2621/540
f 2151/2523/18 2245/2617/646 2250/2622/539
f 2239/2611/549 2246/2618/552 2251/2623/538 2252/2624/537
f 2241/2613/547 2247/2619/551 2253/2625/536 2254/2626/535
f 2238/2610/6 2237/2609/550 2249/2621/540 2255/2627/461
f 2240/2612/645 2239/2611/549 2252/2624/537 2256/2628/544
f 2242/2614/546 2241/2613/547 2254/2626/535 2257/2629/543
f 2243/2615/545 2238/2610/6 2255/2627/461 2258/2630/542
f 2244/2616/554 2240/2612/645 2256/2628/544 2248/2620/647
f 2245/2617/646 2242/2614/546 2257/2629/543 2250/2622/539
f 2246/2618/552 2170/2542/103 2251/2623/538
f 2247/2619/551 2243/2615/545 2258/2630/542 2253/2625/536
f 2258/2630/542 2255/2627/461 2259/2631/459 2260/2632/648
f 2248/2620/647 2256/2628/544 2261/2633/531 2262/2634/530
f 2250/2622/539 2257/2629/543 2263/2635/529 2264/2636/649
f 2251/2623/538 2170/2542/103 2265/2637/527
f 2253/2625/536 2258/2630/542 2260/2632/648 2266/2638/525
f 2249/2621/540 2248/2620/647 2262/2634/530 2267/2639/534
f 2151/2523/18 2250/2622/539 2264/2636/649
f 2252/2624/537 2251/2623/538 2265/2637/527 2268/2640/650
f 2254/2626/535 2253/2625/536 2266/2638/525 2269/2641/532
f 2255/2627/461 2249/2621/540 2267/2639/534 2259/2631/459
f 2256/2628/544 2252/2624/537 2268/2640/650 2261/2633/531
f 2257/2629/543 2254/2626/535 2269/2641/532 2263/2635/529
f 2259/2631/459 2267/2639/534 2270/2642/651 2271/2643/457
f 2261/2633/531 2268/2640/650 2272/2644/652 2273/2645/517
f 2263/2635/529 2269/2641/532 2274/2646/516 2275/2647/515
f 2260/2632/648 2259/2631/459 2271/2643/457 2276/2648/524
f 2262/2634/530 2261/2633/531 2273/2645/517 2277/2649/523
f 2264/2636/649 2263/2635/529 2275/2647/515 2278/2650/522
f 2265/2637/527 2170/2542/103 2279/2651/653
f 2266/2638/525 2260/2632/648 2276/2648/524 2280/2652/654
f 2267/2639/534 2262/2634/530 2277/2649/523 2270/2642/651
f 2151/2523/18 2264/2636/649 2278/2650/522
f 2268/2640/650 2265/2637/527 2279/2651/653 2272/2644/652
f 2269/2641/532 2266/2638/525 2280/2652/654 2274/2646/516
f 2280/2652/654 2276/2648/524 2281/2653/512 2282/2654/506
f 2270/2642/651 2277/2649/523 2283/2655/511 2284/2656/510
f 2151/2523/18 2278/2650/522 2285/2657/509
f 2272/2644/652 2279/2651/653 2286/2658/508 2287/2659/507
f 2274/2646/516 2280/2652/654 2282/2654/506 2288/2660/505
f 2271/2643/457 2270/2642/651 2284/2656/510 2289/2661/19
f 2273/2645/517 2272/2644/652 2287/2659/507 2290/2662/514
f 2275/2647/515 2274/2646/516 2288/2660/505 2291/2663/513
f 2276/2648/524 2271/2643/457 2289/2661/19 2281/2653/512
f 2277/2649/523 2273/2645/517 2290/2662/514 2283/2655/511
f 2278/2650/522 2275/2647/515 2291/2663/513 2285/2657/509
f 2279/2651/653 2170/2542/103 2286/2658/508
f 2281/2653/512 2289/2661/19 2292/2664/441 2293/2665/500
f 2283/2655/511 2290/2662/514 2294/2666/499 2295/2667/655
f 2285/2657/509 2291/2663/513 2296/2668/497 2297/2669/496
f 2286/2658/508 2170/2542/103 2298/2670/656
f 2282/2654/506 2281/2653/512 2293/2665/500 2299/2671/504
f 2284/2656/510 2283/2655/511 2295/2667/655 2300/2672/503
f 2151/2523/18 2285/2657/509 2297/2669/496
f 2287/2659/507 2286/2658/508 2298/2670/656 2301/2673/657
f 2288/2660/505 2282/2654/506 2299/2671/504 2302/2674/501
f 2289/2661/19 2284/2656/510 2300/2672/503 2292/2664/441
f 2290/2662/514 2287/2659/507 2301/2673/657 2294/2666/499
f 2291/2663/513 2288/2660/505 2302/2674/501 2296/2668/497
f 2302/2674/501 2299/2671/504 2303/2675/490 2304/2676/486
f 2292/2664/441 2300/2672/503 2305/2677/489 2306/2678/442
f 2294/2666/499 2301/2673/657 2307/2679/658 2308/2680/487
f 2296/2668/497 2302/2674/501 2304/2676/486 2309/2681/485
f 2293/2665/500 2292/2664/441 2306/2678/442 2310/2682/659
f 2295/2667/655 2294/2666/499 2308/2680/487 2311/2683/660
f 2297/2669/496 2296/2668/497 2309/2681/485 2312/2684/661
f 2298/2670/656 2170/2542/103 2313/2685/491
f 2299/2671/504 2293/2665/500 2310/2682/659 2303/2675/490
f 2300/2672/503 2295/2667/655 2311/2683/660 2305/2677/489
f 2151/2523/18 2297/2669/496 2312/2684/661
f 2301/2673/657 2298/2670/656 2313/2685/491 2307/2679/658
f 2313/2685/491 2170/2542/103 2314/2686/662
f 2303/2675/490 2310/2682/659 2315/2687/468 2316/2688/467
f 2305/2677/489 2311/2683/660 2317/2689/477 2318/2690/484
f 2151/2523/18 2312/2684/661 2319/2691/473
f 2307/2679/658 2313/2685/491 2314/2686/662 2320/2692/663
f 2304/2676/486 2303/2675/490 2316/2688/467 2321/2693/480
f 2306/2678/442 2305/2677/489 2318/2690/484 2322/2694/463
f 2308/2680/487 2307/2679/658 2320/2692/663 2323/2695/478
f 2309/2681/485 2304/2676/486 2321/2693/480 2324/2696/474
f 2310/2682/659 2306/2678/442 2322/2694/463 2315/2687/468
f 2311/2683/660 2308/2680/487 2323/2695/478 2317/2689/477
f 2312/2684/661 2309/2681/485 2324/2696/474 2319/2691/473
f 2324/2696/474 2321/2693/480 2158/2530/479 2166/2538/471
f 2315/2687/468 2322/2694/463 2162/2534/7 2168/2540/465
f 2317/2689/477 2323/2695/478 2164/2536/475 2148/2520/476
f 2319/2691/473 2324/2696/474 2166/2538/471 2152/2524/472
f 2314/2686/662 2170/2542/103 2155/2527/469
f 2316/2688/467 2315/2687/468 2168/2540/465 2159/2531/466
f 2318/2690/484 2317/2689/477 2148/2520/476 2147/2519/483
f 2151/2523/18 2319/2691/473 2152/2524/472
f 2320/2692/663 2314/2686/662 2155/2527/469 2154/2526/481
f 2321/2693/480 2316/2688/467 2159/2531/466 2158/2530/479
f 2322/2694/463 2318/2690/484 2147/2519/483 2162/2534/7
f 2323/2695/478 2320/2692/663 2154/2526/481 2164/2536/475
l 229 225
l 2329 2330
l 112 108
l 229 269
l 304 302
l 304 352
l 112 173
o Collider_PublicBuilding_7_Collider
v -1.435623 0.000000 2.183141
v -1.435623 0.213708 2.183141
v -1.435623 0.000000 -2.611927
v -1.435623 0.213708 -2.611927
v 1.808320 0.000000 2.183141
v 1.808320 0.213708 2.183141
v 1.101471 0.000000 -2.611927
v 1.101471 0.213708 -2.611927
v 1.098968 0.000000 2.183141
v 1.098968 0.213708 2.183141
v -1.435623 0.000000 -0.804828
v -1.435623 0.213708 -0.804828
v 1.808320 0.000000 -0.804828
v 1.808320 0.213708 -0.804828
v 1.098968 0.213708 -0.804828
v 1.153332 0.000000 -0.804828
v -1.435623 0.213708 -2.091557
v -1.435623 0.000000 -2.091557
v 1.115993 0.213708 -2.091557
v 1.153332 0.000000 -2.091557
v 0.794957 0.000000 -2.611927
v 0.794957 0.213708 2.183141
v 0.794957 0.213708 -2.611927
v 0.794957 0.000000 2.183141
v 0.794957 0.000000 -0.804828
v 0.794957 0.213708 -0.804828
v 0.794957 0.213708 -2.091557
v 0.794957 0.000000 -2.091557
v -1.435623 0.000000 0.921427
v -1.435623 0.000000 0.306924
v 1.808320 0.213708 0.921427
v 1.808320 0.213708 0.306924
v 1.467184 0.200552 0.921427
v 1.467184 0.200552 0.306924
v 1.133104 0.000000 0.306924
v 1.121924 0.000000 0.921427
v -1.435623 0.213708 0.921427
v -1.435623 0.213708 0.306924
v 1.808320 0.000000 0.306924
v 1.808320 0.000000 0.921427
v 0.794957 0.000000 0.306924
v 0.794957 0.000000 0.921427
v 0.794957 0.200552 0.306924
v 0.794957 0.200552 0.921427
v -1.118956 0.000000 1.857302
v -1.118956 1.923125 1.857302
v 1.486996 0.000000 1.857302
v 1.486996 1.923125 1.857302
v 1.486996 0.000000 -0.627694
v 1.486996 1.923125 -0.627694
v 0.796853 0.000000 -0.627694
v 0.796853 1.923125 -0.627694
v -1.118956 1.923125 -2.301111
v -1.118956 0.000000 -2.301111
v 0.796853 0.000000 -2.301111
v 0.796853 1.923125 -2.301111
v 1.486996 0.000000 0.917404
v 1.486996 0.000000 0.312205
v -1.118956 1.268665 1.857302
v 1.486996 1.268665 -0.627694
v 1.486996 1.268665 1.857302
v 0.796853 1.268665 -0.627694
v -1.118956 1.268665 -2.301111
v 0.796853 1.268665 -2.301111
v 1.486996 1.268665 0.312205
v 1.486996 1.268665 0.917404
v 1.370366 0.000000 0.917404
v 1.370366 0.000000 0.312205
v 1.370366 1.268665 0.312205
v 1.370366 1.268665 0.917404
v -1.282937 1.923125 2.023659
v 1.655190 1.923125 2.023659
v 1.655190 1.923125 -0.801421
v 0.788654 1.923125 -0.801421
v -1.282937 1.923125 -2.463050
v 0.957249 1.923125 -2.463050
v -0.138132 2.837758 0.284850
v 1.655190 1.923125 -0.080044
v 1.655190 1.923125 1.302282
v -1.113916 1.923125 -0.080044
v -1.113916 1.923125 1.330422
v -1.282937 1.923125 -0.078685
v -1.282937 1.923125 1.330422
v 1.483263 1.923125 -0.080044
v 0.837590 1.923125 2.023659
v 1.483263 1.923125 1.314074
v 0.868970 2.539733 0.004503
v -0.138132 2.837758 -1.422778
v 0.868970 2.539733 0.614810
v 0.868970 2.539733 1.258664
v -0.138132 2.837758 0.609664
v -0.442206 2.539733 1.225955
v 0.243075 3.095857 0.619232
v 0.931838 1.923125 -2.110173
v 0.771264 2.060387 -2.007014
v 0.782083 1.923125 -1.961562
v -0.005472 1.881398 -0.567841
v -0.005472 1.945889 -0.567841
v -0.005472 1.881398 -2.168213
v -0.005472 1.945889 -2.168213
v 0.969141 1.908468 -0.651897
v 0.969141 1.908468 -2.084157
v -0.005472 1.881398 -1.368027
v -0.005472 2.666473 -1.368027
v 1.028237 2.553358 -1.368027
v 0.969141 1.945889 -2.168213
v 0.969141 1.881398 -2.168213
v 1.028237 2.666473 -1.368027
v 0.969141 1.945889 -0.567841
v 0.969141 1.881398 -0.567841
v 0.969141 1.881398 -0.651897
v 0.969141 1.881398 -2.084157
v 0.797456 1.881398 -0.750193
v 0.797456 1.881398 -1.368027
v 0.797456 2.460011 -1.368027
v 0.797456 1.908468 -1.368027
v 0.797456 1.894993 -1.995463
v 0.797456 1.903640 -0.750193
v 0.797456 1.881398 -1.995463
v 0.682035 1.881398 1.416872
v 0.682035 1.945889 1.416872
v 0.682035 1.881398 -0.183501
v 0.682035 1.945889 -0.183501
v 1.656648 1.908468 1.332816
v 1.656648 1.908468 -0.099444
v 0.682035 1.881398 0.616686
v 0.682035 2.666473 0.616686
v 1.715744 2.553358 0.616686
v 1.656648 1.945889 -0.183501
v 1.656648 1.881398 -0.183501
v 1.715744 2.666473 0.616686
v 1.656648 1.945889 1.416872
v 1.656648 1.881398 1.416872
v 1.656648 1.881398 1.332816
v 1.656648 1.881398 -0.099444
v 1.484963 1.881398 1.234520
v 1.484963 1.881398 0.616686
v 1.484963 2.460011 0.616686
v 1.484963 1.908468 0.616686
v 1.484963 1.894993 -0.010750
v 1.484963 1.903640 1.234520
v 1.484963 1.881398 -0.010750
v -0.315753 1.881398 -0.183501
v -0.315753 1.945889 -0.183501
v -0.315753 1.881398 1.416872
v -0.315753 1.945889 1.416872
v -1.290366 1.908468 -0.099444
v -1.290367 1.908468 1.332815
v -0.315753 1.881398 0.616686
v -0.315753 2.666473 0.616686
v -1.349463 2.553358 0.616685
v -1.290367 1.945889 1.416872
v -1.290367 1.881398 1.416872
v -1.349463 2.666473 0.616685
v -1.290366 1.945889 -0.183501
v -1.290366 1.881398 -0.183501
v -1.290366 1.881398 -0.099444
v -1.290367 1.881398 1.332815
v -1.118681 1.881398 -0.001149
v -1.118681 1.881398 0.616686
v -1.118681 2.460011 0.616686
v -1.118681 1.908468 0.616686
v -1.118682 1.894993 1.244121
v -1.118681 1.903640 -0.001149
v -1.118682 1.881398 1.244121
v -0.677318 1.881398 1.057993
v -0.677318 1.945889 1.057993
v 1.047700 1.881398 1.057994
v 1.047700 1.945889 1.057994
v -0.593262 1.908468 2.032607
v 0.963643 1.908468 2.032607
v 0.244368 1.881398 1.057994
v 0.244368 2.666473 1.057994
v 0.244367 2.553358 2.091703
v 1.047699 1.945889 2.032607
v 1.047699 1.881398 2.032607
v 0.244367 2.666473 2.091703
v -0.677318 1.945889 2.032607
v -0.677318 1.881398 2.032607
v -0.593262 1.881398 2.032607
v 0.963643 1.881398 2.032607
v -0.494966 1.881398 1.860922
v 0.244367 1.881398 1.860922
v 0.244367 2.460011 1.860922
v 0.244367 1.908468 1.860922
v 0.874949 1.894993 1.860922
v -0.494966 1.903640 1.860922
v 0.874949 1.881398 1.860922
v -0.743172 2.323461 -0.553618
v -0.771627 2.903544 -0.514504
v -0.743172 2.323461 -1.019189
v -0.771627 2.903544 -1.058303
v -0.437929 2.323461 -0.553618
v -0.409474 2.903544 -0.514504
v -0.437929 2.323461 -1.019189
v -0.409474 2.903544 -1.058303
v 1.482808 0.208992 0.254381
v 1.482808 0.440375 0.254381
v 1.482808 0.208992 0.045628
v 1.482808 0.440375 0.045628
v 1.756126 0.208992 0.254381
v 1.756126 0.440375 0.254381
v 1.756126 0.208992 0.045628
v 1.756126 0.440375 0.045628
v 1.482808 0.618099 0.260906
v 1.482808 0.618099 0.045628
v 1.756126 0.618099 0.062948
v 1.756126 0.618099 0.243586
v 1.554905 0.899099 0.170146
v 1.554905 0.899099 0.126827
v 1.611622 0.899099 0.126827
v 1.611622 0.899099 0.170146
v 1.482808 0.208992 1.158065
v 1.482808 0.440375 1.158065
v 1.482808 0.208992 0.949311
v 1.482808 0.440375 0.949311
v 1.756126 0.208992 1.158065
v 1.756126 0.440375 1.158065
v 1.756126 0.208992 0.949311
v 1.756126 0.440375 0.949311
v 1.482808 0.618099 1.192143
v 1.482808 0.618099 0.959111
v 1.756126 0.618099 0.976431
v 1.756126 0.618099 1.174823
v 1.554673 0.899099 1.080476
v 1.554673 0.899099 1.037157
v 1.611390 0.899099 1.037157
v 1.611390 0.899099 1.080476
vt 0.375000 0.222877
vt 0.625000 0.222877
vt 0.625000 0.250000
vt 0.375000 0.250000
vt 0.625000 0.594192
vt 0.679667 0.594192
vt 0.679667 0.652165
vt 0.625000 0.652164
vt 0.375000 0.828097
vt 0.625000 0.828097
vt 0.625000 1.000000
vt 0.375000 1.000000
vt 0.703097 0.594192
vt 0.875000 0.594192
vt 0.875000 0.652165
vt 0.703097 0.652165
vt 0.375000 0.652165
vt 0.679667 0.684208
vt 0.375000 0.684208
vt 0.375000 0.594192
vt 0.320333 0.594192
vt 0.320333 0.652165
vt 0.375000 0.750000
vt 0.625000 0.750000
vt 0.625000 0.804667
vt 0.375000 0.804667
vt 0.375000 0.421903
vt 0.625000 0.421903
vt 0.625000 0.445333
vt 0.375000 0.445333
vt 0.296903 0.527123
vt 0.320333 0.527123
vt 0.296903 0.594192
vt 0.679667 0.527123
vt 0.679667 0.532579
vt 0.703097 0.527123
vt 0.875000 0.527123
vt 0.625000 0.684208
vt 0.679667 0.750000
vt 0.703097 0.500000
vt 0.875000 0.500000
vt 0.320333 0.500000
vt 0.679667 0.500000
vt 0.296903 0.500000
vt 0.375000 0.155808
vt 0.625000 0.155808
vt 0.125000 0.500000
vt 0.125000 0.527123
vt 0.125000 0.594192
vt 0.375000 0.097835
vt 0.625000 0.097835
vt 0.679667 0.589013
vt 0.296903 0.684208
vt 0.320333 0.684208
vt 0.320333 0.750000
vt 0.296903 0.750000
vt 0.125000 0.684208
vt 0.125000 0.750000
vt 0.296903 0.652165
vt 0.125000 0.652165
vt 0.703097 0.684208
vt 0.703097 0.750000
vt 0.875000 0.684208
vt 0.875000 0.750000
vt 0.375000 0.065792
vt 0.625000 0.065792
vt 0.375000 0.000000
vt 0.625000 0.000000
vt 0.539922 0.434610
vt 0.625000 0.434610
vt 0.625000 0.500000
vt 0.539922 0.500000
vt 0.539922 0.666667
vt 0.625000 0.750000
vt 0.539922 0.750000
vt 0.625000 1.000000
vt 0.539922 1.000000
vt 0.539922 0.000000
vt 0.625000 0.000000
vt 0.625000 0.250000
vt 0.539922 0.250000
vt 0.625000 0.434610
vt 0.539922 0.434610
vt 0.375000 0.434610
vt 0.375000 0.434610
vt 0.875000 0.750000
vt 0.690390 0.500000
vt 0.690390 0.500000
vt 0.875000 0.500000
vt 0.539922 0.583333
vt 0.375000 0.583333
vt 0.539922 0.583333
vt 0.375000 0.583333
vt 0.375000 0.500000
vt 0.375000 0.250000
vt 0.375000 0.000000
vt 0.375000 0.750000
vt 0.375000 1.000000
vt 0.375000 0.666667
vt 0.539922 0.666667
vt 0.375000 0.666667
vt 0.751926 0.583333
vt 0.694894 0.506100
vt 0.690390 0.500000
vt 0.625000 0.666667
vt 0.625000 0.750000
vt 0.707918 0.750000
vt 0.703976 0.666667
vt 0.625000 0.500000
vt 0.625000 0.583333
vt 0.673787 0.583333
vt 0.875000 0.632857
vt 0.875000 0.500000
vt 0.751927 0.516085
vt 0.875000 0.750000
vt 0.875000 0.711373
vt 0.813463 0.640915
vt 0.813463 0.666667
vt 0.625000 0.750000
vt 0.625000 0.666667
vt 0.625000 0.750000
vt 0.625000 0.500000
vt 0.690390 0.500000
vt 0.625000 0.500000
vt 0.707918 0.750000
vt 0.875000 0.750000
vt 0.875000 0.711373
vt 0.875000 0.632857
vt 0.875000 0.500000
vt 0.690390 0.500000
vt 0.703976 0.666667
vt 0.625000 0.583333
vt 0.751926 0.500000
vt 0.751926 0.500000
vt 0.813463 0.640915
vt 0.751926 0.583333
vt 0.690390 0.500000
vt 0.673787 0.583333
vt 0.875000 0.750000
vt 0.000000 0.000000
vt 0.000000 0.000000
vt 0.000000 0.000000
vt 0.875000 0.711373
vt 0.625000 0.583333
vt 0.690390 0.500000
vt 0.690390 0.500000
vt 0.751926 0.510773
vt 0.757082 0.510322
vt 0.375000 0.125000
vt 0.625000 0.125000
vt 0.625000 0.250000
vt 0.375000 0.250000
vt 0.625000 0.500000
vt 0.375000 0.500000
vt 0.429124 0.513131
vt 0.588979 0.625000
vt 0.588979 0.625000
vt 0.448922 0.526986
vt 0.375000 0.750000
vt 0.625000 0.750000
vt 0.625000 1.000000
vt 0.375000 1.000000
vt 0.125000 0.625000
vt 0.326635 0.709714
vt 0.125000 0.750000
vt 0.625000 0.625000
vt 0.875000 0.625000
vt 0.875000 0.750000
vt 0.875000 0.500000
vt 0.125000 0.500000
vt 0.326635 0.540198
vt 0.375000 0.519858
vt 0.544145 0.513131
vt 0.318112 0.522120
vt 0.375000 0.519858
vt 0.375000 0.000000
vt 0.625000 0.000000
vt 0.429123 0.736869
vt 0.451065 0.721514
vt 0.544145 0.736869
vt 0.375000 0.730033
vt 0.375000 0.730033
vt 0.372656 0.724486
vt 0.375000 0.625000
vt 0.401767 0.625000
vt 0.375000 0.709714
vt 0.375000 0.540198
vt 0.375000 0.125000
vt 0.625000 0.125000
vt 0.625000 0.250000
vt 0.375000 0.250000
vt 0.625000 0.500000
vt 0.375000 0.500000
vt 0.429124 0.513131
vt 0.588979 0.625000
vt 0.588979 0.625000
vt 0.448922 0.526986
vt 0.375000 0.750000
vt 0.625000 0.750000
vt 0.625000 1.000000
vt 0.375000 1.000000
vt 0.125000 0.625000
vt 0.326635 0.709714
vt 0.125000 0.750000
vt 0.625000 0.625000
vt 0.875000 0.625000
vt 0.875000 0.750000
vt 0.875000 0.500000
vt 0.125000 0.500000
vt 0.326635 0.540198
vt 0.375000 0.519858
vt 0.544145 0.513131
vt 0.318112 0.522120
vt 0.375000 0.519858
vt 0.375000 0.000000
vt 0.625000 0.000000
vt 0.429123 0.736869
vt 0.451065 0.721514
vt 0.544145 0.736869
vt 0.375000 0.730033
vt 0.375000 0.730033
vt 0.372656 0.724486
vt 0.375000 0.625000
vt 0.401767 0.625000
vt 0.375000 0.709714
vt 0.375000 0.540198
vt 0.375000 0.125000
vt 0.625000 0.125000
vt 0.625000 0.250000
vt 0.375000 0.250000
vt 0.625000 0.500000
vt 0.375000 0.500000
vt 0.429124 0.513131
vt 0.588979 0.625000
vt 0.588979 0.625000
vt 0.448922 0.526986
vt 0.375000 0.750000
vt 0.625000 0.750000
vt 0.625000 1.000000
vt 0.375000 1.000000
vt 0.125000 0.625000
vt 0.326635 0.709714
vt 0.125000 0.750000
vt 0.625000 0.625000
vt 0.875000 0.625000
vt 0.875000 0.750000
vt 0.875000 0.500000
vt 0.125000 0.500000
vt 0.326635 0.540198
vt 0.375000 0.519858
vt 0.544145 0.513131
vt 0.318112 0.522120
vt 0.375000 0.519858
vt 0.375000 0.000000
vt 0.625000 0.000000
vt 0.429123 0.736869
vt 0.451065 0.721514
vt 0.544145 0.736869
vt 0.375000 0.730033
vt 0.375000 0.730033
vt 0.372656 0.724486
vt 0.375000 0.625000
vt 0.401767 0.625000
vt 0.375000 0.709714
vt 0.375000 0.540198
vt 0.375000 0.125000
vt 0.625000 0.125000
vt 0.625000 0.250000
vt 0.375000 0.250000
vt 0.625000 0.500000
vt 0.375000 0.500000
vt 0.429124 0.513131
vt 0.588979 0.625000
vt 0.588979 0.625000
vt 0.448922 0.526986
vt 0.375000 0.750000
vt 0.625000 0.750000
vt 0.625000 1.000000
vt 0.375000 1.000000
vt 0.125000 0.625000
vt 0.326635 0.709714
vt 0.125000 0.750000
vt 0.625000 0.625000
vt 0.875000 0.625000
vt 0.875000 0.750000
vt 0.875000 0.500000
vt 0.125000 0.500000
vt 0.326635 0.540198
vt 0.375000 0.519858
vt 0.544145 0.513131
vt 0.318112 0.522120
vt 0.375000 0.519858
vt 0.375000 0.000000
vt 0.625000 0.000000
vt 0.429123 0.736869
vt 0.451065 0.721514
vt 0.544145 0.736869
vt 0.375000 0.730033
vt 0.375000 0.730033
vt 0.372656 0.724486
vt 0.375000 0.625000
vt 0.401767 0.625000
vt 0.375000 0.709714
vt 0.375000 0.540198
vt 0.375000 0.000000
vt 0.625000 0.000000
vt 0.625000 0.250000
vt 0.375000 0.250000
vt 0.625000 0.500000
vt 0.375000 0.500000
vt 0.625000 0.750000
vt 0.375000 0.750000
vt 0.625000 1.000000
vt 0.375000 1.000000
vt 0.125000 0.500000
vt 0.125000 0.750000
vt 0.875000 0.500000
vt 0.875000 0.750000
vt 0.375000 0.000000
vt 0.625000 0.000000
vt 0.625000 0.250000
vt 0.375000 0.250000
vt 0.625000 0.500000
vt 0.375000 0.500000
vt 0.625000 0.750000
vt 0.375000 0.750000
vt 0.625000 1.000000
vt 0.375000 1.000000
vt 0.125000 0.500000
vt 0.125000 0.750000
vt 0.625000 0.750000
vt 0.625000 1.000000
vt 0.625000 0.500000
vt 0.625000 0.500000
vt 0.625000 0.750000
vt 0.625000 0.250000
vt 0.625000 0.000000
vt 0.875000 0.500000
vt 0.875000 0.750000
vt 0.625000 0.000000
vt 0.625000 0.250000
vt 0.625000 1.000000
vt 0.375000 0.000000
vt 0.625000 0.000000
vt 0.625000 0.250000
vt 0.375000 0.250000
vt 0.625000 0.500000
vt 0.375000 0.500000
vt 0.625000 0.750000
vt 0.375000 0.750000
vt 0.625000 1.000000
vt 0.375000 1.000000
vt 0.125000 0.500000
vt 0.125000 0.750000
vt 0.625000 0.750000
vt 0.625000 1.000000
vt 0.625000 0.500000
vt 0.625000 0.500000
vt 0.625000 0.750000
vt 0.625000 0.250000
vt 0.625000 0.000000
vt 0.875000 0.500000
vt 0.875000 0.750000
vt 0.625000 0.000000
vt 0.625000 0.250000
vt 0.625000 1.000000
vn -1.0000 0.0000 0.0000
vn -0.0125 0.9999 0.0080
vn 0.0000 0.0000 1.0000
vn 0.0029 1.0000 0.0059
vn 0.5068 0.8621 0.0000
vn 1.0000 -0.0000 0.0000
vn 0.0000 -1.0000 0.0000
vn 0.0000 0.0000 -1.0000
vn 0.0000 1.0000 0.0000
vn -0.0125 0.9999 -0.0070
vn 0.9942 0.0869 -0.0634
vn 0.0000 0.9999 0.0118
vn 0.5122 0.8589 0.0000
vn 0.0000 0.9999 -0.0104
vn 0.0029 1.0000 -0.0052
vn 0.0059 1.0000 0.0000
vn 0.6642 0.7475 0.0000
vn 0.0470 0.7641 -0.6434
vn -0.0438 -0.7681 -0.6388
vn 0.0000 0.7786 0.6276
vn -0.5869 0.8083 0.0477
vn -0.6242 0.7813 0.0000
vn 0.7024 0.7118 0.0000
vn -0.0059 0.7866 0.6175
vn 0.7084 0.7058 0.0000
vn 0.0064 -0.6064 0.7951
vn 0.6171 0.7869 0.0000
vn 0.0000 0.7510 -0.6603
vn 0.0000 0.7942 -0.6076
vn 0.0000 -0.6189 -0.7854
vn -0.6839 0.7296 0.0000
vn 0.6750 0.7341 0.0738
vn 0.0000 -0.7480 0.6637
vn 0.0637 0.7895 -0.6104
vn -0.0166 0.7463 0.6654
vn -0.5606 0.8281 0.0000
vn -0.5586 0.8205 0.1212
vn 0.6667 0.7438 0.0480
vn 0.9970 0.0767 -0.0056
vn 0.6764 0.2790 0.6816
vn 0.3260 -0.7096 0.6247
vn 0.0000 0.7431 0.6692
vn 0.0000 0.7431 -0.6692
vn 0.4590 0.0000 0.8884
vn 0.9982 -0.0289 0.0518
vn 0.3257 -0.7097 -0.6247
vn 0.9982 -0.0289 -0.0518
vn 0.4969 0.0000 -0.8678
vn -0.3260 -0.7096 -0.6247
vn -0.4590 0.0000 -0.8884
vn -0.9982 -0.0289 -0.0518
vn -0.3257 -0.7097 0.6247
vn -0.9982 -0.0289 0.0518
vn -0.4969 0.0000 0.8678
vn -0.6230 -0.7110 0.3260
vn -0.6159 0.7878 -0.0000
vn 0.6677 0.7444 0.0000
vn -0.8884 0.0000 0.4590
vn -0.0468 -0.0261 0.9986
vn 0.5657 -0.7586 0.3232
vn 0.0516 -0.0288 0.9982
vn 0.8678 0.0000 0.4969
vn -0.9988 -0.0490 0.0000
vn 0.0000 -0.0673 -0.9977
vn 0.9988 -0.0490 0.0000
vn 0.0000 -0.0673 0.9977
vn 0.0317 0.0120 0.9994
vn 0.8893 0.4573 0.0000
vn 0.0316 0.0486 -0.9983
vn -0.9686 0.2485 0.0000
vn 0.0502 0.2860 0.9569
vn 0.0507 0.2557 -0.9654
vn 0.0314 -0.1415 0.9894
vn 0.8890 0.4579 0.0000
vn 0.0315 0.1033 -0.9942
vn -0.9688 0.2478 0.0000
vn 0.0491 0.3494 0.9357
vn 0.0508 0.2456 -0.9680
usemtl Collider
s off
f 2354/2697/664 2353/2698/664 2340/2699/664 2339/2700/664
f 2350/2701/665 2351/2702/665 2370/2703/665 2368/2704/665
f 2360/2705/666 2358/2706/666 2338/2707/666 2337/2708/666
f 2362/2709/667 2348/2710/667 2374/2711/667 2379/2712/667
f 2375/2713/668 2370/2703/668 2369/2714/668 2376/2715/668
f 2349/2716/669 2350/2701/669 2368/2704/669 2375/2713/669
f 2352/2717/670 2349/2716/670 2375/2713/670 2371/2718/670
f 2341/2719/666 2342/2720/666 2346/2721/666 2345/2722/666
f 2357/2723/671 2359/2724/671 2344/2725/671 2343/2726/671
f 2364/2727/670 2356/2728/670 2352/2717/670 2361/2729/670
f 2356/2728/666 2355/2730/666 2363/2731/666
f 2363/2732/672 2353/2733/672 2348/2710/672 2362/2709/672
f 2352/2717/671 2351/2702/671 2350/2701/671 2349/2716/671
f 2367/2734/673 2369/2714/673 2346/2735/673 2342/2720/673
f 2359/2736/672 2340/2737/672 2353/2733/672 2363/2732/672
f 2343/2738/674 2344/2739/674 2355/2730/674 2356/2728/674
f 2357/2740/670 2343/2738/670 2356/2728/670 2364/2727/670
f 2347/2741/664 2348/2742/664 2353/2698/664 2354/2697/664
f 2339/2743/670 2357/2740/670 2364/2727/670 2354/2744/670
f 2344/2739/672 2359/2736/672 2363/2732/672 2355/2730/672
f 2354/2744/670 2364/2727/670 2361/2729/670 2347/2745/670
f 2339/2700/671 2340/2699/671 2359/2724/671 2357/2723/671
f 2366/2746/664 2374/2747/664 2348/2742/664 2347/2741/664
f 2351/2702/675 2362/2709/675 2379/2712/675 2370/2703/675
f 2345/2722/666 2346/2721/666 2358/2706/666 2360/2705/666
f 2352/2717/671 2362/2748/671 2351/2702/671
f 2363/2731/676 2362/2748/676 2352/2717/676 2356/2728/676
f 2378/2749/670 2372/2750/670 2345/2751/670 2360/2752/670
f 2365/2753/670 2378/2749/670 2360/2752/670 2337/2754/670
f 2347/2745/670 2361/2729/670 2377/2755/670 2366/2756/670
f 2372/2750/670 2376/2715/670 2341/2719/670 2345/2751/670
f 2369/2714/677 2380/2757/677 2358/2758/677 2346/2735/677
f 2380/2757/678 2373/2759/678 2338/2760/678 2358/2758/678
f 2361/2729/670 2352/2717/670 2371/2718/670 2377/2755/670
f 2376/2715/669 2367/2734/669 2342/2720/669 2341/2719/669
f 2380/2757/672 2369/2714/672 2370/2703/672 2379/2712/672
f 2378/2749/670 2365/2753/670 2366/2756/670 2377/2755/670
f 2374/2747/664 2366/2746/664 2365/2761/664 2373/2762/664
f 2372/2750/670 2378/2749/670 2377/2755/670 2371/2718/670
f 2370/2703/666 2375/2713/666 2368/2704/666
f 2373/2759/679 2380/2757/679 2379/2712/679 2374/2711/679
f 2376/2715/670 2372/2750/670 2371/2718/670 2375/2713/670
f 2367/2734/671 2376/2715/671 2369/2714/671
f 2337/2763/664 2338/2764/664 2373/2762/664 2365/2761/664
f 2398/2765/671 2388/2766/671 2386/2767/671 2396/2768/671
f 2402/2769/669 2384/2770/669 2397/2771/669
f 2397/2771/666 2384/2770/666 2382/2772/666 2395/2773/666
f 2395/2774/664 2382/2775/664 2389/2776/664 2399/2777/664
f 2399/2777/671 2389/2776/671 2392/2778/671 2400/2779/671
f 2398/2765/669 2387/2780/669 2391/2781/669 2400/2779/669
f 2382/2782/672 2388/2783/672 2392/2784/672 2389/2785/672
f 2386/2767/672 2388/2783/672 2382/2782/672 2384/2770/672
f 2396/2768/669 2386/2767/669 2401/2786/669
f 2401/2786/669 2386/2767/669 2384/2770/669 2402/2769/669
f 2394/2787/666 2401/2786/666 2405/2788/666 2404/2789/666
f 2385/2790/669 2396/2768/669 2401/2786/669 2394/2787/669
f 2388/2766/669 2398/2765/669 2400/2779/669 2392/2778/669
f 2390/2791/671 2399/2777/671 2400/2779/671 2391/2781/671
f 2381/2792/664 2395/2774/664 2399/2777/664 2390/2791/664
f 2383/2793/666 2397/2771/666 2395/2773/666 2381/2794/666
f 2393/2795/669 2402/2769/669 2397/2771/669 2383/2793/669
f 2387/2780/671 2398/2765/671 2396/2768/671 2385/2790/671
f 2404/2789/669 2405/2788/669 2406/2796/669 2403/2797/669
f 2401/2786/670 2402/2769/670 2406/2796/670 2405/2788/670
f 2402/2769/671 2393/2795/671 2403/2797/671 2406/2796/671
f 2416/2798/670 2432/2799/670 2410/2800/670
f 2415/2801/670 2408/2802/670 2421/2803/670 2422/2804/670
f 2409/2805/670 2414/2806/670 2420/2807/670 2410/2800/670
f 2418/2808/670 2411/2809/670 2432/2810/670 2416/2798/670
f 2407/2811/670 2419/2812/670 2417/2813/670
f 2422/2804/670 2417/2814/670 2416/2798/670 2420/2807/670
f 2421/2803/670 2407/2811/670 2417/2814/670 2422/2804/670
f 2420/2807/670 2416/2798/670 2410/2800/670
f 2426/2815/680 2425/2816/680 2429/2817/680
f 2423/2818/681 2413/2819/681 2429/2820/681
f 2415/2801/682 2422/2804/682 2425/2816/682
f 2421/2803/683 2408/2802/683 2426/2821/683
f 2419/2812/684 2407/2811/684 2428/2822/684 2427/2823/684
f 2411/2809/685 2418/2808/685 2427/2824/685 2424/2825/685
f 2410/2800/686 2424/2826/686 2413/2819/686
f 2407/2811/687 2421/2803/687 2426/2821/687 2428/2822/687
f 2422/2804/688 2420/2807/688 2425/2827/688
f 2418/2808/689 2416/2798/689 2427/2824/689
f 2414/2806/690 2409/2805/690 2423/2818/690 2425/2828/690
f 2412/2829/691 2411/2809/691 2424/2830/691
f 2409/2805/692 2410/2800/692 2423/2818/692
f 2417/2813/693 2419/2812/693 2427/2831/693
f 2416/2798/694 2417/2814/694 2427/2832/694
f 2424/2826/695 2410/2800/695 2431/2833/695
f 2420/2807/696 2414/2806/696 2425/2834/696
f 2408/2802/690 2415/2801/690 2425/2816/690 2426/2815/690
f 2410/2800/697 2413/2819/697 2423/2818/697
f 2428/2822/698 2426/2821/698 2429/2835/698
f 2413/2836/699 2427/2837/699 2429/2838/699
f 2427/2823/700 2428/2822/700 2429/2839/700
f 2425/2828/680 2423/2818/680 2429/2840/680
f 2431/2833/701 2412/2841/701 2424/2826/701
f 2430/2842/701 2412/2841/701 2431/2833/701
f 2430/2843/670 2432/2844/670 2412/2829/670
f 2412/2829/670 2432/2844/670 2411/2809/670
f 2431/2833/702 2410/2800/702 2432/2799/702
f 2430/2842/703 2431/2833/703 2432/2799/703
f 2439/2845/664 2440/2846/664 2436/2847/664 2435/2848/664
f 2435/2848/671 2436/2847/671 2442/2849/671 2443/2850/671
f 2438/2851/704 2441/2852/704 2451/2853/704 2453/2854/704
f 2446/2855/666 2445/2856/666 2434/2857/666 2433/2858/666
f 2439/2859/670 2449/2860/670 2433/2861/670
f 2444/2862/705 2440/2863/705 2434/2864/705 2445/2856/705
f 2442/2849/706 2436/2865/706 2440/2863/706 2444/2862/706
f 2435/2866/670 2455/2867/670 2439/2859/670
f 2448/2868/707 2438/2869/707 2453/2870/707 2455/2871/707
f 2433/2872/664 2434/2873/664 2440/2846/664 2439/2845/664
f 2438/2869/669 2443/2850/669 2442/2849/669
f 2438/2869/669 2448/2868/669 2443/2850/669
f 2437/2874/708 2441/2852/708 2444/2862/708 2445/2856/708
f 2437/2874/669 2445/2856/669 2446/2855/669
f 2441/2852/709 2437/2874/709 2454/2875/709 2451/2853/709
f 2441/2852/710 2438/2851/710 2442/2849/710 2444/2862/710
f 2437/2876/711 2447/2877/711 2449/2878/711 2454/2879/711
f 2447/2877/669 2437/2876/669 2446/2855/669
f 2449/2860/670 2439/2859/670 2450/2880/670
f 2452/2881/669 2451/2853/669 2454/2879/669
f 2453/2854/669 2451/2853/669 2452/2881/669
f 2452/2881/669 2454/2879/669 2449/2882/669 2450/2880/669
f 2455/2871/669 2453/2870/669 2452/2881/669 2450/2880/669
f 2439/2859/670 2455/2883/670 2450/2880/670
f 2455/2867/670 2435/2866/670 2443/2850/670 2448/2868/670
f 2433/2861/670 2449/2860/670 2447/2877/670 2446/2855/670
f 2462/2884/664 2463/2885/664 2459/2886/664 2458/2887/664
f 2458/2887/671 2459/2886/671 2465/2888/671 2466/2889/671
f 2461/2890/704 2464/2891/704 2474/2892/704 2476/2893/704
f 2469/2894/666 2468/2895/666 2457/2896/666 2456/2897/666
f 2462/2898/670 2472/2899/670 2456/2900/670
f 2467/2901/705 2463/2902/705 2457/2903/705 2468/2895/705
f 2465/2888/706 2459/2904/706 2463/2902/706 2467/2901/706
f 2458/2905/670 2478/2906/670 2462/2898/670
f 2471/2907/707 2461/2908/707 2476/2909/707 2478/2910/707
f 2456/2911/664 2457/2912/664 2463/2885/664 2462/2884/664
f 2461/2908/669 2466/2889/669 2465/2888/669
f 2461/2908/669 2471/2907/669 2466/2889/669
f 2460/2913/708 2464/2891/708 2467/2901/708 2468/2895/708
f 2460/2913/669 2468/2895/669 2469/2894/669
f 2464/2891/709 2460/2913/709 2477/2914/709 2474/2892/709
f 2464/2891/710 2461/2890/710 2465/2888/710 2467/2901/710
f 2460/2915/711 2470/2916/711 2472/2917/711 2477/2918/711
f 2470/2916/669 2460/2915/669 2469/2894/669
f 2472/2899/670 2462/2898/670 2473/2919/670
f 2475/2920/669 2474/2892/669 2477/2918/669
f 2476/2893/669 2474/2892/669 2475/2920/669
f 2475/2920/669 2477/2918/669 2472/2921/669 2473/2919/669
f 2478/2910/669 2476/2909/669 2475/2920/669 2473/2919/669
f 2462/2898/670 2478/2922/670 2473/2919/670
f 2478/2906/670 2458/2905/670 2466/2889/670 2471/2907/670
f 2456/2900/670 2472/2899/670 2470/2916/670 2469/2894/670
f 2485/2923/669 2486/2924/669 2482/2925/669 2481/2926/669
f 2481/2926/666 2482/2925/666 2488/2927/666 2489/2928/666
f 2484/2929/712 2487/2930/712 2497/2931/712 2499/2932/712
f 2492/2933/671 2491/2934/671 2480/2935/671 2479/2936/671
f 2485/2937/670 2495/2938/670 2479/2939/670
f 2490/2940/706 2486/2941/706 2480/2942/706 2491/2934/706
f 2488/2927/705 2482/2943/705 2486/2941/705 2490/2940/705
f 2481/2944/670 2501/2945/670 2485/2937/670
f 2494/2946/713 2484/2947/713 2499/2948/713 2501/2949/713
f 2479/2950/669 2480/2951/669 2486/2924/669 2485/2923/669
f 2484/2947/664 2489/2928/664 2488/2927/664
f 2484/2947/664 2494/2946/664 2489/2928/664
f 2483/2952/714 2487/2930/714 2490/2940/714 2491/2934/714
f 2483/2952/664 2491/2934/664 2492/2933/664
f 2487/2930/715 2483/2952/715 2500/2953/715 2497/2931/715
f 2487/2930/716 2484/2929/716 2488/2927/716 2490/2940/716
f 2483/2954/717 2493/2955/717 2495/2956/717 2500/2957/717
f 2493/2955/664 2483/2954/664 2492/2933/664
f 2495/2938/670 2485/2937/670 2496/2958/670
f 2498/2959/664 2497/2931/664 2500/2957/664
f 2499/2932/664 2497/2931/664 2498/2959/664
f 2498/2959/664 2500/2957/664 2495/2960/664 2496/2958/664
f 2501/2949/664 2499/2948/664 2498/2959/664 2496/2958/664
f 2485/2937/670 2501/2961/670 2496/2958/670
f 2501/2945/670 2481/2944/670 2489/2928/670 2494/2946/670
f 2479/2939/670 2495/2938/670 2493/2955/670 2492/2933/670
f 2508/2962/671 2509/2963/671 2505/2964/671 2504/2965/671
f 2504/2965/669 2505/2964/669 2511/2966/669 2512/2967/669
f 2507/2968/718 2510/2969/718 2520/2970/718 2522/2971/718
f 2515/2972/664 2514/2973/664 2503/2974/664 2502/2975/664
f 2508/2976/670 2518/2977/670 2502/2978/670
f 2513/2979/719 2509/2980/719 2503/2981/719 2514/2973/719
f 2511/2966/720 2505/2982/720 2509/2980/720 2513/2979/720
f 2504/2983/670 2524/2984/670 2508/2976/670
f 2517/2985/721 2507/2986/721 2522/2987/721 2524/2988/721
f 2502/2989/671 2503/2990/671 2509/2963/671 2508/2962/671
f 2507/2986/666 2512/2967/666 2511/2966/666
f 2507/2986/666 2517/2985/666 2512/2967/666
f 2506/2991/722 2510/2969/722 2513/2979/722 2514/2973/722
f 2506/2991/666 2514/2973/666 2515/2972/666
f 2510/2969/723 2506/2991/723 2523/2992/723 2520/2970/723
f 2510/2969/724 2507/2968/724 2511/2966/724 2513/2979/724
f 2506/2993/725 2516/2994/725 2518/2995/725 2523/2996/725
f 2516/2994/666 2506/2993/666 2515/2972/666
f 2518/2977/670 2508/2976/670 2519/2997/670
f 2521/2998/666 2520/2970/666 2523/2996/666
f 2522/2971/666 2520/2970/666 2521/2998/666
f 2521/2998/666 2523/2996/666 2518/2999/666 2519/2997/666
f 2524/2988/666 2522/2987/666 2521/2998/666 2519/2997/666
f 2508/2976/670 2524/3000/670 2519/2997/670
f 2524/2984/670 2504/2983/670 2512/2967/670 2517/2985/670
f 2502/2978/670 2518/2977/670 2516/2994/670 2515/2972/670
f 2525/3001/726 2526/3002/726 2528/3003/726 2527/3004/726
f 2527/3004/727 2528/3003/727 2532/3005/727 2531/3006/727
f 2531/3006/728 2532/3005/728 2530/3007/728 2529/3008/728
f 2529/3008/729 2530/3007/729 2526/3009/729 2525/3010/729
f 2527/3011/670 2531/3006/670 2529/3008/670 2525/3012/670
f 2532/3005/672 2528/3013/672 2526/3014/672 2530/3007/672
f 2533/3015/664 2534/3016/664 2536/3017/664 2535/3018/664
f 2535/3018/671 2536/3017/671 2540/3019/671 2539/3020/671
f 2539/3020/669 2540/3019/669 2538/3021/669 2537/3022/669
f 2537/3022/666 2538/3021/666 2534/3023/666 2533/3024/666
f 2535/3025/670 2539/3020/670 2537/3022/670 2533/3026/670
f 2534/3023/730 2538/3021/730 2544/3027/730 2541/3028/730
f 2544/3027/731 2543/3029/731 2547/3030/731 2548/3031/731
f 2540/3019/732 2536/3017/732 2542/3032/732 2543/3029/732
f 2538/3021/669 2540/3019/669 2543/3029/669 2544/3027/669
f 2536/3017/664 2534/3016/664 2541/3033/664 2542/3032/664
f 2547/3030/672 2546/3034/672 2545/3035/672 2548/3031/672
f 2542/3032/733 2541/3033/733 2545/3036/733 2546/3037/733
f 2541/3028/734 2544/3027/734 2548/3031/734 2545/3038/734
f 2543/3029/735 2542/3032/735 2546/3037/735 2547/3030/735
f 2549/3039/664 2550/3040/664 2552/3041/664 2551/3042/664
f 2551/3042/671 2552/3041/671 2556/3043/671 2555/3044/671
f 2555/3044/669 2556/3043/669 2554/3045/669 2553/3046/669
f 2553/3046/666 2554/3045/666 2550/3047/666 2549/3048/666
f 2551/3049/670 2555/3044/670 2553/3046/670 2549/3050/670
f 2550/3047/736 2554/3045/736 2560/3051/736 2557/3052/736
f 2560/3051/737 2559/3053/737 2563/3054/737 2564/3055/737
f 2556/3043/738 2552/3041/738 2558/3056/738 2559/3053/738
f 2554/3045/669 2556/3043/669 2559/3053/669 2560/3051/669
f 2552/3041/664 2550/3040/664 2557/3057/664 2558/3056/664
f 2563/3054/672 2562/3058/672 2561/3059/672 2564/3055/672
f 2558/3056/739 2557/3057/739 2561/3060/739 2562/3061/739
f 2557/3052/740 2560/3051/740 2564/3055/740 2561/3062/740
f 2559/3053/741 2558/3056/741 2562/3061/741 2563/3054/741
